SYMBOL,PBS_IR_DMXAA,Ure_IR,Ure_mock_IR,Ure_mock_IR_DMXAA,control,Difference_Ure_IR_vs_Ure_mock_IR,Difference_Ure_IR_vs_Ure_mock_IR_DMXAA,Difference_Ure_mock_IR_vs_Ure_mock_IR_DMXAA
Dnase1l2,1,0,2,0,0,-2,0,2
Plekhm1,0,0,2,0,0,-2,0,2
Dlg3,0,0,2,0,0,-2,0,2
Vegfc,0,1,2,0,0,-1,1,2
Nubp1,0,0,2,0,0,-2,0,2
Fnta,0,0,2,0,0,-2,0,2
Dip2b,0,0,2,0,0,-2,0,2
Macf1,0,0,2,0,0,-2,0,2
H2az1,0,0,2,0,0,-2,0,2
Fryl,0,0,2,0,0,-2,0,2
Apaf1,0,0,2,0,0,-2,0,2
Dchs1,0,0,2,0,0,-2,0,2
Srrm3,0,0,2,0,0,-2,0,2
Flvcr2,0,0,2,0,0,-2,0,2
Cyp2b19,0,0,2,0,0,-2,0,2
Golga4,0,1,2,0,0,-1,1,2
B3gnt8,0,0,2,0,0,-2,0,2
Pfas,1,0,2,0,0,-2,0,2
Gm1043,0,1,2,0,0,-1,1,2
Creb3l2,0,0,2,0,0,-2,0,2
Atf7ip,0,0,2,0,0,-2,0,2
Tsr1,0,1,2,0,0,-1,1,2
Trpm1,0,1,2,0,0,-1,1,2
Kndc1,0,0,2,0,0,-2,0,2
Atp2c1,0,2,3,1,0,-1,1,2
Pdlim1,0,0,2,0,0,-2,0,2
Atp5o,0,0,2,0,0,-2,0,2
Bcl11b,0,0,2,0,0,-2,0,2
Ccnq,0,0,2,0,0,-2,0,2
Fam110c,0,0,2,0,0,-2,0,2
Sap30,0,0,2,0,0,-2,0,2
Myo1b,0,1,2,0,0,-1,1,2
Cbx8,0,0,2,0,0,-2,0,2
Sel1l,0,0,2,0,0,-2,0,2
Zfp771,0,0,2,0,0,-2,0,2
Huwe1,0,2,2,0,0,0,2,2
Septin14,0,1,2,0,0,-1,1,2
Hs3st2,0,0,2,0,0,-2,0,2
Pom121,0,0,2,0,0,-2,0,2
Fcgbp,0,0,2,0,0,-2,0,2
Alg13,0,0,2,0,0,-2,0,2
Ptpn21,0,0,2,0,0,-2,0,2
Hoxa13,0,0,2,0,0,-2,0,2
Dot1l,0,0,2,0,0,-2,0,2
Itpk1,0,0,2,0,0,-2,0,2
Ptpn23,0,0,1,0,0,-1,0,1
Ppp6r3,0,0,1,0,0,-1,0,1
Ppt2,0,0,1,0,0,-1,0,1
Ptpre,0,0,1,0,0,-1,0,1
Raet1e,0,0,1,0,0,-1,0,1
Ptchd1,0,0,1,0,0,-1,0,1
Rasa1,0,0,1,0,0,-1,0,1
Ptcd1,0,0,1,0,0,-1,0,1
Prdm1,0,0,1,0,0,-1,0,1
Rabgap1l,0,0,1,0,0,-1,0,1
Prdm2,0,0,1,0,0,-1,0,1
R3hdm4,0,0,1,0,0,-1,0,1
Psmd7,0,1,1,0,0,0,1,1
Qpct,0,0,1,0,0,-1,0,1
Qk,1,2,1,0,0,1,2,1
Psma7,0,0,1,0,0,-1,0,1
Pyurf,0,1,1,0,0,0,1,1
Pwp1,0,1,1,0,0,0,1,1
Prelid3a,0,0,1,0,0,-1,0,1
Prickle1,0,0,1,0,0,-1,0,1
Ptpru,0,0,1,0,0,-1,0,1
Ptprq,0,0,1,0,0,-1,0,1
Prrt4,0,0,1,0,1,-1,0,1
Ptprk,0,0,1,0,0,-1,0,1
Rab6a,0,0,1,0,0,-1,0,1
Robo3,0,1,1,0,0,0,1,1
Rom1,0,0,1,0,0,-1,0,1
Rpa2,0,0,1,0,0,-1,0,1
Rpain,0,1,1,0,0,0,1,1
Rpap3,0,0,1,0,0,-1,0,1
Rpl13a,0,0,1,0,0,-1,0,1
Rpl14,0,0,1,0,0,-1,0,1
Rpn1,0,0,1,0,0,-1,0,1
Rps6ka3,0,0,1,0,0,-1,0,1
Reep5,0,0,1,0,0,-1,0,1
Rsph6a,0,0,1,0,0,-1,0,1
Rufy2,0,0,1,0,0,-1,0,1
Ruvbl1,0,0,1,0,0,-1,0,1
Rwdd3,0,0,1,0,0,-1,0,1
S1pr4,0,1,1,0,0,0,1,1
Sae1,0,0,1,0,0,-1,0,1
Samd14,0,0,1,0,0,-1,0,1
Samd4,0,0,1,0,0,-1,0,1
Samd7,0,0,1,0,0,-1,0,1
Sap30bp,0,1,1,0,0,0,1,1
Rrp7a,0,0,1,0,0,-1,0,1
Rasgrf1,0,0,1,0,0,-1,0,1
Rbbp4,0,0,1,0,0,-1,0,1
Rcbtb2,0,1,1,0,0,0,1,1
Rccd1,0,0,1,0,0,-1,0,1
Rcl1,0,1,1,0,0,0,1,1
Recql5,0,0,1,0,0,-1,0,1
Ppp2r2a,0,0,1,0,0,-1,0,1
Reg3a,0,0,1,0,0,-1,0,1
Rel,0,0,1,0,0,-1,0,1
Relb,0,0,1,0,0,-1,0,1
Rnf38,0,0,1,0,0,-1,0,1
Resp18,0,0,1,0,0,-1,0,1
Rgs2,0,0,1,0,0,-1,0,1
Rhbdf2,0,0,1,0,0,-1,0,1
Rilpl2,0,0,1,0,0,-1,0,1
Ripor1,0,0,1,0,0,-1,0,1
Ripor2,0,0,1,0,0,-1,0,1
Rmnd5b,0,0,1,0,0,-1,0,1
Rnf17,0,0,2,1,0,-2,-1,1
Rnf213,0,0,1,0,0,-1,0,1
Rnf32,0,0,1,0,0,-1,0,1
Reln,0,0,1,0,0,-1,0,1
Nlrp2,0,0,1,0,0,-1,0,1
Nol6,0,0,1,0,0,-1,0,1
Nova1,0,0,1,0,0,-1,0,1
Npas1,0,0,1,0,0,-1,0,1
Nrarp,0,0,1,0,0,-1,0,1
Nrg1,0,0,1,0,0,-1,0,1
Nsd2,0,0,1,0,0,-1,0,1
Ntsr2,0,0,1,0,0,-1,0,1
Nudt16,0,0,1,0,0,-1,0,1
Nudt2,0,0,1,0,0,-1,0,1
Pou2f1,0,0,1,0,0,-1,0,1
Obscn,0,2,2,1,1,0,1,1
Odf2,0,0,1,0,0,-1,0,1
Olfr1128,0,0,1,0,0,-1,0,1
Olfr181,0,0,1,0,0,-1,0,1
Olfr324,0,0,1,0,0,-1,0,1
Olfr39,0,0,1,0,0,-1,0,1
Olfr578,0,0,1,0,0,-1,0,1
Olfr683,0,0,1,0,0,-1,0,1
Olfr746,0,0,1,0,0,-1,0,1
Opa1,0,0,1,0,0,-1,0,1
Osbpl1a,0,0,1,0,0,-1,0,1
Oas3,0,0,1,0,0,-1,0,1
Mtss2,0,0,1,0,0,-1,0,1
Muc5ac,0,0,1,0,0,-1,0,1
Mxd1,0,1,1,0,0,0,1,1
Mybbp1a,0,0,1,0,0,-1,0,1
Mycbp2,0,1,1,0,0,0,1,1
Myo5c,0,0,1,0,0,-1,0,1
Mypop,0,0,1,0,0,-1,0,1
N4bp3,0,0,1,0,0,-1,0,1
Naif1,0,0,1,0,0,-1,0,1
Nans,0,0,1,0,0,-1,0,1
Nlrp12,0,0,1,0,0,-1,0,1
Nbea,0,0,1,0,0,-1,0,1
Ndufb5,0,0,1,0,0,-1,0,1
Nedd4l,0,0,1,0,0,-1,0,1
Nedd8,0,0,1,0,0,-1,0,1
Nfatc2,0,0,1,0,0,-1,0,1
Nfatc2ip,0,0,1,0,0,-1,0,1
Nfe2l2,0,0,1,0,0,-1,0,1
Nfu1,0,0,1,0,0,-1,0,1
Nipbl,0,0,1,0,0,-1,0,1
Nkpd1,0,0,1,0,0,-1,0,1
Nkx2-6,0,0,1,0,0,-1,0,1
Napa,0,0,1,0,0,-1,0,1
Pkhd1l1,0,0,1,0,0,-1,0,1
Plch2,0,0,1,0,0,-1,0,1
Pld5,0,0,1,0,0,-1,0,1
Plec,0,1,1,0,0,0,1,1
Plekha5,0,0,1,0,0,-1,0,1
Plppr3,0,0,1,0,0,-1,0,1
Plscr1,0,1,1,0,0,0,1,1
Plxna3,0,0,1,0,0,-1,0,1
Pmepa1,0,0,1,0,0,-1,0,1
Pnmal1,0,0,1,0,0,-1,0,1
Oscp1,0,0,1,0,0,-1,0,1
Pole,0,0,1,0,0,-1,0,1
Polr2b,0,0,1,0,0,-1,0,1
Sapcd2,0,0,1,0,0,-1,0,1
Pphln1,0,0,1,0,0,-1,0,1
Ppif,0,0,1,0,0,-1,0,1
Ppil2,0,0,1,0,0,-1,0,1
Ppm1f,0,0,1,0,0,-1,0,1
Ppp1cb,1,0,1,0,0,-1,0,1
Ppp1r13b,0,0,1,0,0,-1,0,1
Ppp1r13l,0,1,1,0,0,0,1,1
Ppp1r35,0,0,1,0,0,-1,0,1
Pold1,0,0,1,0,0,-1,0,1
Otog,0,0,1,0,0,-1,0,1
P4hb,0,0,1,0,0,-1,0,1
Panx2,0,0,1,0,0,-1,0,1
Pappa2,0,0,1,0,0,-1,0,1
Parp9,0,0,1,0,0,-1,0,1
Pbx4,0,0,1,0,0,-1,0,1
Pcare,0,0,1,0,0,-1,0,1
Pcca,0,0,1,0,0,-1,0,1
Pcdhac2,0,0,1,0,0,-1,0,1
Pcnx2,0,0,1,0,0,-1,0,1
Pitpna,0,0,1,0,0,-1,0,1
Pde4c,0,0,1,0,0,-1,0,1
Pdlim4,0,0,1,0,0,-1,0,1
Pdzd8,0,0,1,0,0,-1,0,1
Pglyrp2,0,0,1,0,0,-1,0,1
Phf21a,0,0,1,0,0,-1,0,1
Phf3,0,1,1,0,0,0,1,1
Phox2a,0,0,1,0,0,-1,0,1
Phpt1,1,0,3,2,0,-3,-2,1
Pias3,0,0,1,0,0,-1,0,1
Pik3c3,0,0,1,0,0,-1,0,1
Pik3r4,0,0,1,0,0,-1,0,1
Pdcd11,0,0,1,0,0,-1,0,1
Trav4-4-dv10,0,0,1,0,0,-1,0,1
Treh,0,0,1,0,0,-1,0,1
Trmt1l,0,0,1,0,0,-1,0,1
Trmt2b,0,0,1,0,0,-1,0,1
Trpv4,0,0,1,0,0,-1,0,1
Trrap,0,2,1,0,0,1,2,1
Tsc22d1,0,0,1,0,0,-1,0,1
Tspan33,0,0,1,0,0,-1,0,1
Tspan8,0,0,1,0,0,-1,0,1
Ttc34,0,0,1,0,0,-1,0,1
Muc1,0,0,1,0,0,-1,0,1
Ttll6,0,0,1,0,0,-1,0,1
Tut7,0,0,1,0,0,-1,0,1
4930402F06Rik,0,0,1,0,0,-1,0,1
Ubash3a,0,0,1,0,0,-1,0,1
Ube2ql1,0,0,1,0,0,-1,0,1
Ube4b,0,0,1,0,0,-1,0,1
Ubfd1,0,0,1,0,0,-1,0,1
Ubn1,0,0,1,0,0,-1,0,1
Ubr4,0,0,2,1,0,-2,-1,1
Ubxn2b,0,0,1,0,0,-1,0,1
Ttll10,0,0,1,0,0,-1,0,1
Tinagl1,0,0,1,0,0,-1,0,1
Tlk2,0,0,1,0,0,-1,0,1
Tlr9,0,0,1,0,0,-1,0,1
Tma16,0,0,1,0,0,-1,0,1
Tmed1,0,0,1,0,0,-1,0,1
Tmem120b,0,0,1,0,0,-1,0,1
Tmem126a,0,0,1,0,0,-1,0,1
Tmem151b,0,0,1,0,1,-1,0,1
Tmem178,0,0,1,0,0,-1,0,1
Tmem237,0,0,1,0,0,-1,0,1
Tpsg1,0,0,1,0,0,-1,0,1
Tmem33,1,0,1,0,0,-1,0,1
Tmem40,0,0,1,0,0,-1,0,1
Tmem44,0,0,1,0,0,-1,0,1
Tmem63a,0,0,2,1,0,-2,-1,1
Tmem63c,0,0,1,0,0,-1,0,1
Tmem82,0,0,1,0,0,-1,0,1
Tmprss11e,0,0,1,0,0,-1,0,1
Tnfrsf11a,0,0,1,0,0,-1,0,1
Tnfrsf13c,0,0,1,0,0,-1,0,1
Tnks,0,0,1,0,0,-1,0,1
Tnnc1,0,0,1,0,0,-1,0,1
Tmem30b,0,0,1,0,0,-1,0,1
Wdr95,0,0,1,0,0,-1,0,1
Wee2,0,0,1,0,0,-1,0,1
Wwc2,0,0,1,0,0,-1,0,1
Wwox,0,0,1,0,0,-1,0,1
Xrcc1,0,1,1,0,0,0,1,1
Xylt1,0,1,1,0,0,0,1,1
Ydjc,0,0,1,0,0,-1,0,1
Zbbx,0,0,1,0,0,-1,0,1
Zbtb7a,0,1,1,0,0,0,1,1
Zbtb8b,0,0,1,0,0,-1,0,1
Uhrf1bp1l,0,0,1,0,0,-1,0,1
Zfp276,0,0,1,0,0,-1,0,1
Zfp420,0,0,1,0,0,-1,0,1
Zfp512b,0,0,1,0,0,-1,0,1
Zfp784,0,0,1,0,0,-1,0,1
Zfp800,0,0,1,0,0,-1,0,1
Zgrf1,0,0,1,0,0,-1,0,1
Zkscan14,0,0,1,0,0,-1,0,1
Zmym1,0,2,2,1,0,0,1,1
Zmym3,0,0,1,0,0,-1,0,1
Znhit3,0,0,1,0,0,-1,0,1
Zpbp,0,0,1,0,0,-1,0,1
Zdhhc3,0,0,1,0,0,-1,0,1
Unc79,0,0,1,0,0,-1,0,1
Unc93b1,0,0,1,0,0,-1,0,1
Upf2,0,0,1,0,0,-1,0,1
Uqcc2,0,0,1,0,0,-1,0,1
Uqcrq,0,1,1,0,0,0,1,1
Usf2,0,0,1,0,0,-1,0,1
Usp24,0,0,1,0,0,-1,0,1
Usp32,0,1,1,0,0,0,1,1
Usp51,0,0,1,0,0,-1,0,1
Utf1,0,0,1,0,0,-1,0,1
4932429P05Rik,0,0,1,0,0,-1,0,1
Uvssa,0,0,1,0,0,-1,0,1
Vax2,0,0,1,0,0,-1,0,1
Vgll1,0,0,1,0,0,-1,0,1
Ubac2,0,0,1,0,0,-1,0,1
Vmn1r67,0,0,1,0,0,-1,0,1
Vps35l,0,0,1,0,0,-1,0,1
Vps36,0,0,1,0,0,-1,0,1
Wars2,0,0,1,0,0,-1,0,1
Wdr43,0,0,1,0,0,-1,0,1
Wdr73,0,0,1,0,0,-1,0,1
Wdr75,0,0,1,0,0,-1,0,1
Utp15,0,0,1,0,0,-1,0,1
Six3,0,0,1,0,0,-1,0,1
Skint1,0,0,1,0,0,-1,0,1
Slc16a8,0,0,1,0,0,-1,0,1
Slc1a2,0,0,1,0,0,-1,0,1
Slc22a20,0,0,1,0,0,-1,0,1
Slc25a13,0,0,1,0,0,-1,0,1
Slc25a43,0,0,1,0,0,-1,0,1
Slc25a46,0,0,1,0,0,-1,0,1
Slc27a6,0,0,1,0,0,-1,0,1
Slc2a8,0,0,1,0,0,-1,0,1
Tinag,0,0,1,0,0,-1,0,1
Slc4a1,0,0,1,0,0,-1,0,1
Slc4a5,0,0,1,0,1,-1,0,1
Slc6a7,0,0,1,0,0,-1,0,1
Slc9a2,0,1,1,0,0,0,1,1
Slc9a6,0,0,1,0,0,-1,0,1
Slitrk5,0,0,1,0,0,-1,0,1
Smc3,0,0,1,0,0,-1,0,1
Smc4,1,0,1,0,0,-1,0,1
Smim10l1,0,2,1,0,0,1,2,1
Snd1,0,0,1,0,0,-1,0,1
Slc36a4,0,0,1,0,0,-1,0,1
Scaf1,0,0,1,0,0,-1,0,1
Scn4a,0,0,1,0,0,-1,0,1
Scn5a,0,0,1,0,0,-1,0,1
Scn7a,1,1,1,0,0,0,1,1
Sdf4,0,0,1,0,0,-1,0,1
Secisbp2,0,0,1,0,0,-1,0,1
Selenos,0,0,1,0,0,-1,0,1
Sem1,0,0,1,0,0,-1,0,1
Sema3c,0,1,1,0,0,0,1,1
Serpinb9,0,0,1,0,0,-1,0,1
Sin3b,0,0,1,0,0,-1,0,1
Setd6,0,0,1,0,0,-1,0,1
Sf3b3,0,0,1,0,0,-1,0,1
Sftpc,0,0,1,0,0,-1,0,1
Sgca,0,0,1,0,0,-1,0,1
Sh2b3,0,0,1,0,0,-1,0,1
Sh3glb2,0,0,1,0,0,-1,0,1
Sh3rf1,0,0,1,0,0,-1,0,1
Sharpin,1,0,1,0,0,-1,0,1
Shisal2b,0,0,1,0,0,-1,0,1
Shoc1,0,0,1,0,0,-1,0,1
Shtn1,0,0,1,0,0,-1,0,1
Serpinb9c,0,0,1,0,0,-1,0,1
Stn1,0,0,1,0,0,-1,0,1
Stxbp4,0,0,1,0,0,-1,0,1
Stxbp5l,0,0,1,0,0,-1,0,1
Sugp2,0,0,1,0,0,-1,0,1
Svep1,0,0,1,0,0,-1,0,1
Syngr3,0,0,1,0,0,-1,0,1
Taar3,0,0,1,0,0,-1,0,1
Tacc2,0,0,1,0,0,-1,0,1
Tacr2,0,0,1,0,0,-1,0,1
Taf2,0,0,1,0,0,-1,0,1
Snrnp200,0,0,1,0,0,-1,0,1
Tbcc,0,1,1,0,0,0,1,1
Tcf7l2,0,1,1,0,0,0,1,1
Tcte2,0,0,1,0,0,-1,0,1
Tctex1d2,0,0,1,0,0,-1,0,1
Tex21,0,0,1,0,0,-1,0,1
Tfcp2,0,0,1,0,0,-1,0,1
Tg,0,1,1,0,0,0,1,1
Themis3,0,0,1,0,0,-1,0,1
Thoc3,0,0,1,0,0,-1,0,1
Timp2,0,0,1,0,0,-1,0,1
Timp4,0,0,1,0,0,-1,0,1
Tbc1d8b,0,0,1,0,0,-1,0,1
Snrnp40,0,0,1,0,0,-1,0,1
Snx5,0,0,1,0,0,-1,0,1
Son,0,0,1,0,0,-1,0,1
Sorcs3,0,0,1,0,0,-1,0,1
Sos1,0,1,1,0,0,0,1,1
Sp9,0,0,1,0,0,-1,0,1
Spaca3,0,0,1,0,0,-1,0,1
Spata5,1,0,1,0,0,-1,0,1
Spata5l1,0,0,1,0,0,-1,0,1
Spice1,0,0,1,0,0,-1,0,1
Stk4,0,0,1,0,0,-1,0,1
Srbd1,0,0,1,0,0,-1,0,1
Srcap,0,0,1,0,0,-1,0,1
Srcin1,0,0,1,0,0,-1,0,1
Srsf6,0,0,1,0,0,-1,0,1
Ssc4d,0,0,1,0,0,-1,0,1
Ssc5d,0,0,1,0,0,-1,0,1
St13,0,0,1,0,0,-1,0,1
Stambp,0,0,1,0,0,-1,0,1
Stim2,0,0,1,0,0,-1,0,1
Stimate,0,0,1,0,0,-1,0,1
Stk35,0,0,1,0,0,-1,0,1
Spocd1,0,0,1,0,0,-1,0,1
Cfap57,0,0,1,0,0,-1,0,1
Cfap65,0,0,1,0,1,-1,0,1
Chaf1b,0,0,1,0,0,-1,0,1
Chd5,0,0,1,0,0,-1,0,1
Cib4,0,0,1,0,0,-1,0,1
Clasrp,0,0,1,0,0,-1,0,1
Clcn6,0,0,1,0,0,-1,0,1
Clip2,0,0,1,0,0,-1,0,1
Clptm1,0,1,1,0,0,0,1,1
Cmya5,0,0,1,0,1,-1,0,1
Morc1,0,0,1,0,0,-1,0,1
Coa5,0,0,1,0,0,-1,0,1
Col10a1,0,0,1,0,0,-1,0,1
Col11a2,1,5,4,3,0,1,2,1
Col22a1,0,1,1,0,0,0,1,1
Col2a1,0,1,1,0,0,0,1,1
Col4a2,0,2,1,0,0,1,2,1
Col8a1,0,0,1,0,0,-1,0,1
Commd7,0,0,1,0,0,-1,0,1
Cop1,0,0,1,0,0,-1,0,1
Cops8,0,0,1,0,0,-1,0,1
Cntnap1,0,0,1,0,0,-1,0,1
C1ql4,0,0,1,0,0,-1,0,1
C1qtnf4,0,0,1,0,0,-1,0,1
C1qtnf9,0,0,1,0,0,-1,0,1
C2cd2,0,0,1,0,0,-1,0,1
C2cd5,0,0,1,0,0,-1,0,1
C4b,0,0,1,0,0,-1,0,1
Cacna1c,0,0,1,0,0,-1,0,1
Cacna2d2,0,0,1,0,0,-1,0,1
Camk2g,0,0,1,0,0,-1,0,1
Card11,0,0,1,0,0,-1,0,1
Cfap46,0,0,1,0,0,-1,0,1
Ccdc177,0,1,1,0,0,0,1,1
Ccn6,0,0,1,0,0,-1,0,1
Cct8,0,0,1,0,0,-1,0,1
Cd52,0,0,1,0,0,-1,0,1
Cdc14a,1,0,1,0,0,-1,0,1
Cdh10,0,0,1,0,0,-1,0,1
Cdh22,0,0,1,0,0,-1,0,1
Cdk9,0,0,1,0,0,-1,0,1
Cep19,0,0,1,0,0,-1,0,1
Cfap20,0,0,1,0,0,-1,0,1
Catsperd,0,1,1,0,0,0,1,1
Dennd11,0,0,1,0,0,-1,0,1
Dennd6b,0,0,1,0,0,-1,0,1
Disc1,0,1,1,0,0,0,1,1
Dmrt1,0,1,1,0,0,0,1,1
Dmrt2,0,0,1,0,0,-1,0,1
Dnal1,0,0,1,0,0,-1,0,1
Dnase2a,0,0,1,0,0,-1,0,1
Dnm1l,0,0,1,0,0,-1,0,1
Dop1a,0,0,1,0,0,-1,0,1
Dpagt1,0,0,1,0,0,-1,0,1
Coq6,0,0,1,0,0,-1,0,1
Dpys,0,0,1,0,0,-1,0,1
Dsp,0,0,1,0,0,-1,0,1
Dtx1,0,0,1,0,0,-1,0,1
E130311K13Rik,0,0,1,0,0,-1,0,1
Ect2,0,0,1,0,0,-1,0,1
Efna2,0,0,1,0,0,-1,0,1
Efna4,0,0,1,0,0,-1,0,1
Egfr,0,0,1,0,0,-1,0,1
Eif2d,0,0,1,0,0,-1,0,1
Elp1,0,0,1,0,0,-1,0,1
Dpf1,0,0,1,0,1,-1,0,1
Cox11,0,0,1,0,0,-1,0,1
Crmp1,0,0,1,0,0,-1,0,1
Cth,0,0,1,0,0,-1,0,1
Ctnna2,0,0,1,0,0,-1,0,1
Cts7,0,0,1,0,0,-1,0,1
Ctsf,0,0,1,0,0,-1,0,1
Cttnbp2,0,1,1,0,0,0,1,1
Ctu1,0,0,1,0,0,-1,0,1
Cubn,0,0,1,0,0,-1,0,1
Cyb5b,0,0,1,0,0,-1,0,1
Ddx17,0,1,1,0,0,0,1,1
Cyfip2,0,0,1,0,0,-1,0,1
Cyp11b2,0,0,1,0,0,-1,0,1
Cyp24a1,0,0,1,0,0,-1,0,1
D030068K23Rik,0,0,1,0,0,-1,0,1
D3Ertd751e,0,0,1,0,0,-1,0,1
D6Ertd474e,0,0,1,0,0,-1,0,1
D730002M21Rik,0,0,1,0,0,-1,0,1
D930028M14Rik,0,0,1,0,0,-1,0,1
Dcaf11,0,0,1,0,0,-1,0,1
Dda1,1,0,1,0,0,-1,0,1
Ddhd1,0,0,1,0,0,-1,0,1
Cyb5r3,0,0,1,0,0,-1,0,1
Adgrg2,0,0,1,0,0,-1,0,1
Adgrl4,0,0,1,0,0,-1,0,1
Adgrv1,0,0,1,0,0,-1,0,1
Adh5,0,0,1,0,0,-1,0,1
Adhfe1,0,0,1,0,0,-1,0,1
Adpgk,0,0,1,0,0,-1,0,1
Ago1,0,0,1,0,0,-1,0,1
Agpat4,0,0,1,0,0,-1,0,1
Ahnak,0,0,1,0,0,-1,0,1
Ak2,0,0,1,0,0,-1,0,1
Btla,0,0,1,0,0,-1,0,1
Alkbh1,0,0,1,0,0,-1,0,1
Allc,0,0,1,0,0,-1,0,1
Alpl,0,0,1,0,0,-1,0,1
Amtn,0,0,1,0,0,-1,0,1
Angel1,0,0,1,0,0,-1,0,1
4930533L02Rik,0,0,1,0,0,-1,0,1
Ankrd24,0,2,1,0,0,1,2,1
Ankrd54,0,0,1,0,0,-1,0,1
Ap2a2,0,1,1,0,0,0,1,1
Apol8,0,0,1,0,0,-1,0,1
Aldh3a2,0,0,1,0,0,-1,0,1
Vmn1r185,0,0,1,0,0,-1,0,1
Abcc4,0,0,1,0,0,-1,0,1
Zscan20,0,0,1,0,0,-1,0,1
0610040J01Rik,0,0,1,0,0,-1,0,1
1700008P02Rik,0,0,1,0,0,-1,0,1
1700017N19Rik,0,0,1,0,0,-1,0,1
2310034G01Rik,0,0,1,0,0,-1,0,1
2700046G09Rik,0,0,1,0,0,-1,0,1
3110001I22Rik,0,0,1,0,0,-1,0,1
5330417C22Rik,0,0,1,0,0,-1,0,1
Adcy3,0,0,2,1,0,-2,-1,1
AI661453,0,0,1,0,0,-1,0,1
Aatk,0,0,1,0,0,-1,0,1
Abcb5,0,0,1,0,0,-1,0,1
Abcb6,0,0,1,0,0,-1,0,1
Abcc10,0,0,1,0,0,-1,0,1
Ankrd2,0,0,1,0,0,-1,0,1
Abhd10,0,1,1,0,0,0,1,1
Acaa1b,0,0,1,0,0,-1,0,1
Ackr2,0,0,1,0,0,-1,0,1
Acsbg1,0,0,1,0,0,-1,0,1
Adcy1,0,0,1,0,0,-1,0,1
6330409D20Rik,0,0,1,0,0,-1,0,1
Avp,0,0,1,0,0,-1,0,1
Axin2,0,1,1,0,0,0,1,1
BC031181,0,0,1,0,0,-1,0,1
BC048671,0,0,1,0,0,-1,0,1
BC052040,0,0,1,0,0,-1,0,1
Baiap2,0,0,1,0,0,-1,0,1
Bbs1,0,0,1,0,0,-1,0,1
Bbs7,0,0,1,0,0,-1,0,1
Bcor,0,0,1,0,0,-1,0,1
Begain,0,0,1,0,0,-1,0,1
Arhgap20,0,0,1,0,0,-1,0,1
Bicdl1,0,0,1,0,0,-1,0,1
Bicra,0,0,1,0,0,-1,0,1
Birc6,0,0,1,0,0,-1,0,1
Bop1,0,0,1,0,0,-1,0,1
Bpifa1,0,0,1,0,0,-1,0,1
Bptf,0,0,1,0,0,-1,0,1
Brca2,0,0,1,0,0,-1,0,1
Brd1,0,1,1,0,0,0,1,1
Brix1,0,0,1,0,0,-1,0,1
Bsn,0,0,1,0,0,-1,0,1
Bhmt,0,0,1,0,0,-1,0,1
Arhgap28,0,0,1,0,0,-1,0,1
Arhgap29,0,0,1,0,0,-1,0,1
Arhgap33os,0,0,1,0,0,-1,0,1
Arhgef15,0,0,1,0,0,-1,0,1
Arid3c,0,0,1,0,0,-1,0,1
Arid5b,0,0,1,0,0,-1,0,1
Arrdc4,0,0,1,0,0,-1,0,1
Asap3,0,0,1,0,0,-1,0,1
Asb2,0,0,1,0,0,-1,0,1
Asb8,0,0,1,0,0,-1,0,1
Atxn7,0,0,1,0,0,-1,0,1
Aspg,0,0,1,0,0,-1,0,1
Aspm,0,1,1,0,0,0,1,1
Atad2,0,0,1,0,0,-1,0,1
Ate1,0,0,1,0,0,-1,0,1
Atm,0,0,1,0,0,-1,0,1
Atp13a1,0,0,1,0,0,-1,0,1
Atp2a3,0,0,1,0,0,-1,0,1
Atp2c2,0,0,1,0,0,-1,0,1
Atp6v0a2,0,0,1,0,0,-1,0,1
Atp8b3,0,0,1,0,0,-1,0,1
Atp9a,0,1,1,0,0,0,1,1
Ash2l,0,0,1,0,0,-1,0,1
Kdr,0,0,1,0,0,-1,0,1
Kif11,0,0,1,0,0,-1,0,1
Kif4,0,0,1,0,0,-1,0,1
Kif5b,0,0,1,0,0,-1,0,1
Klc2,0,0,1,0,0,-1,0,1
Klhdc2,0,0,1,0,0,-1,0,1
Klhl13,0,0,1,0,0,-1,0,1
Kntc1,0,0,1,0,0,-1,0,1
Kpna3,0,0,1,0,0,-1,0,1
Lag3,0,0,1,0,0,-1,0,1
Elp3,0,0,1,0,0,-1,0,1
Lamc3,0,0,1,0,0,-1,0,1
Larp1b,0,0,1,0,0,-1,0,1
Las1l,0,0,1,0,0,-1,0,1
Lgals3,0,0,1,0,0,-1,0,1
Lgals8,0,0,1,0,0,-1,0,1
Lgr6,0,0,1,0,0,-1,0,1
Lig3,0,0,1,0,0,-1,0,1
Limd1,0,0,1,0,0,-1,0,1
Lingo4,0,0,1,0,0,-1,0,1
Lipn,0,0,1,0,0,-1,0,1
Lamc2,0,0,1,0,0,-1,0,1
Insm2,0,0,1,0,0,-1,0,1
Ipo5,0,0,1,0,0,-1,0,1
Ipo7,0,0,1,0,0,-1,0,1
Iqcf6,0,0,1,0,0,-1,0,1
Iqcg,0,0,1,0,0,-1,0,1
Itfg2,0,0,1,0,0,-1,0,1
Itgb7,0,0,1,0,0,-1,0,1
Itpr1,0,0,1,0,0,-1,0,1
Itpr2,0,0,1,0,0,-1,0,1
Itpr3,0,0,1,0,0,-1,0,1
Kdm5c,0,0,1,0,0,-1,0,1
Jade2,0,0,1,0,0,-1,0,1
Jpt2,1,0,1,0,0,-1,0,1
Kat8,0,0,1,0,0,-1,0,1
Katnal1,0,0,1,0,0,-1,0,1
Kcnk13,0,0,1,0,0,-1,0,1
Kcns1,0,0,1,0,0,-1,0,1
Kctd8,0,0,1,0,1,-1,0,1
Kdelr2,0,0,1,0,0,-1,0,1
Kdm1b,0,0,1,0,0,-1,0,1
Kdm3b,0,0,1,0,0,-1,0,1
Itpripl1,0,0,1,0,0,-1,0,1
Mis18a,0,1,1,0,0,0,1,1
Mlh1,0,0,1,0,0,-1,0,1
Mlph,0,0,1,0,0,-1,0,1
Mlxipl,0,0,1,0,0,-1,0,1
Mmp27,0,1,1,0,0,0,1,1
Mob1b,0,1,1,0,0,0,1,1
Wdr86,0,0,1,0,0,-1,0,1
Mpdz,0,0,1,0,0,-1,0,1
Mphosph8,0,0,1,0,0,-1,0,1
Mpl,0,0,1,0,0,-1,0,1
Lmcd1,0,0,1,0,0,-1,0,1
Mprip,0,0,1,0,0,-1,0,1
Mrpl3,0,0,1,0,0,-1,0,1
Mrpl45,0,0,1,0,0,-1,0,1
Mrps28,0,0,1,0,1,-1,0,1
Mrps34,0,0,1,0,0,-1,0,1
Mrps5,0,0,1,0,1,-1,0,1
Msantd3,0,0,1,0,0,-1,0,1
Mst1r,0,0,1,0,0,-1,0,1
Mtdh,0,0,1,0,0,-1,0,1
Mtg1,0,0,1,0,0,-1,0,1
Mpp1,0,0,1,0,0,-1,0,1
Lmnb2,0,0,1,0,0,-1,0,1
Lmx1b,1,0,1,0,0,-1,0,1
Lrch2,0,0,1,0,0,-1,0,1
Lrg1,0,0,1,0,0,-1,0,1
Lrp1b,0,1,1,0,0,0,1,1
Lrrd1,0,0,1,0,0,-1,0,1
Ltbp3,0,0,1,0,0,-1,0,1
Mab21l2,0,0,1,0,0,-1,0,1
Mafb,0,0,1,0,0,-1,0,1
Map4k2,0,0,1,0,0,-1,0,1
Mir99ahg,0,0,1,0,0,-1,0,1
Mast3,0,0,1,0,0,-1,0,1
Mcf2l,0,1,1,0,0,0,1,1
Mcoln3,0,0,1,0,0,-1,0,1
Med12,0,1,1,0,0,0,1,1
Meis1,0,0,1,0,0,-1,0,1
Mertk,0,0,1,0,0,-1,0,1
Mettl25,0,0,1,0,0,-1,0,1
Mfn2,0,0,1,0,0,-1,0,1
Mfsd2b,0,0,1,0,0,-1,0,1
Mical2,0,0,1,0,0,-1,0,1
Mif4gd,0,0,1,0,0,-1,0,1
Mapk8ip2,0,0,1,0,0,-1,0,1
Fer1l4,0,0,1,0,0,-1,0,1
Fgd5,0,0,1,0,0,-1,0,1
Fgf22,0,0,1,0,0,-1,0,1
Fgfbp3,0,0,1,0,0,-1,0,1
Fhad1,0,0,1,0,1,-1,0,1
Filip1,0,0,1,0,0,-1,0,1
Fkrp,0,0,1,0,0,-1,0,1
Fmn2,0,1,1,0,0,0,1,1
Fmnl1,0,0,1,0,0,-1,0,1
Fndc8,0,0,1,0,0,-1,0,1
Inmt,0,0,1,0,0,-1,0,1
Foxq1,0,1,1,0,0,0,1,1
Fsd1l,0,0,1,0,0,-1,0,1
Fus,0,0,1,0,0,-1,0,1
Gabrg1,0,0,1,0,0,-1,0,1
Gak,0,0,1,0,0,-1,0,1
Galnt16,0,0,1,0,0,-1,0,1
Gda,0,0,1,0,0,-1,0,1
Gde1,0,0,1,0,0,-1,0,1
Gdf7,0,0,1,0,0,-1,0,1
Gga3,0,0,1,0,0,-1,0,1
Foxj2,0,0,1,0,0,-1,0,1
Emb,0,0,1,0,0,-1,0,1
Enpep,0,0,1,0,0,-1,0,1
Epn1,0,1,2,1,0,-1,0,1
Eppk1,0,0,1,0,0,-1,0,1
Ercc4,0,0,1,0,0,-1,0,1
Erich6b,0,0,1,0,0,-1,0,1
Erlin1,0,0,1,0,0,-1,0,1
Esyt1,0,0,1,0,0,-1,0,1
Ethe1,0,0,1,0,0,-1,0,1
Exoc4,0,0,1,0,0,-1,0,1
Fbrsl1,0,0,1,0,0,-1,0,1
Fam120c,0,1,1,0,0,0,1,1
Fam129b,0,0,1,0,0,-1,0,1
Fam168a,0,0,1,0,0,-1,0,1
Fam169a,0,0,1,0,0,-1,0,1
Fam219b,0,0,1,0,0,-1,0,1
Fam53a,0,0,1,0,0,-1,0,1
Fank1,0,0,1,0,0,-1,0,1
Fap,0,0,1,0,0,-1,0,1
Far2,0,0,1,0,0,-1,0,1
Fas,0,0,1,0,0,-1,0,1
Fastk,0,0,1,0,0,-1,0,1
F5,0,0,1,0,0,-1,0,1
Hes5,0,0,1,0,0,-1,0,1
Hey2,0,1,1,0,0,0,1,1
Hmgcll1,0,0,1,0,0,-1,0,1
Hnrnpd,0,0,1,0,0,-1,0,1
Hoxa3,0,0,1,0,0,-1,0,1
Hoxb5,0,0,1,0,0,-1,0,1
Hoxc5,0,0,1,0,0,-1,0,1
Hs6st2,0,0,1,0,0,-1,0,1
Htr2a,0,0,1,0,0,-1,0,1
Iars,0,0,1,0,0,-1,0,1
Ggt7,0,0,1,0,0,-1,0,1
Ifi203-ps,0,0,1,0,0,-1,0,1
Ifrd1,0,0,1,0,0,-1,0,1
Ighg1,0,0,1,0,0,-1,0,1
Ighv1-43,0,0,1,0,0,-1,0,1
Igsf9b,0,0,1,0,0,-1,0,1
Il1a,0,0,1,0,0,-1,0,1
Ildr1,0,0,1,0,0,-1,0,1
Ildr2,0,1,1,0,0,0,1,1
Impdh1,0,0,1,0,0,-1,0,1
Inhba,0,0,1,0,0,-1,0,1
Icam5,0,0,1,0,0,-1,0,1
Gjd4,0,0,1,0,0,-1,0,1
Gk,0,0,1,0,0,-1,0,1
Gli1,0,0,1,0,0,-1,0,1
Glrx3,0,0,1,0,0,-1,0,1
Gm20518,0,0,1,0,0,-1,0,1
Gm28876,0,0,1,0,0,-1,0,1
Gm2a,0,0,1,0,0,-1,0,1
Gm31294,0,0,1,0,0,-1,0,1
Gm32479,0,0,1,0,0,-1,0,1
Gm37240,0,1,1,0,0,0,1,1
Heatr5a,0,0,1,0,0,-1,0,1
Gpat3,0,0,1,0,0,-1,0,1
Gria1,0,0,1,0,0,-1,0,1
Grik1,0,0,1,0,0,-1,0,1
Grin1,0,0,1,0,0,-1,0,1
Grip2,1,0,1,0,0,-1,0,1
Gsn,0,0,1,0,0,-1,0,1
Gys2,0,0,1,0,0,-1,0,1
H2-T24,0,0,1,0,0,-1,0,1
Haghl,0,0,1,0,0,-1,0,1
Has2,0,0,1,0,0,-1,0,1
Hdac7,0,0,1,0,0,-1,0,1
Gm8773,0,0,1,0,0,-1,0,1
