Gene,control_freq,Ure_mock_IR_freq,Difference
Col11a2,0.0,4.0,4.0
Phpt1,0.0,3.0,3.0
Atp2c1,0.0,3.0,3.0
Lbr,0.0,3.0,3.0
Dlg3,0.0,2.0,2.0
Atp5o,0.0,2.0,2.0
Ubr4,0.0,2.0,2.0
Kndc1,0.0,2.0,2.0
Septin14,0.0,2.0,2.0
Pdlim1,0.0,2.0,2.0
Rnf17,0.0,2.0,2.0
Tsr1,0.0,2.0,2.0
Pfas,0.0,2.0,2.0
Trpm1,0.0,2.0,2.0
Tnfaip3,0.0,2.0,2.0
Huwe1,0.0,2.0,2.0
Ptpn21,0.0,2.0,2.0
Gm1043,0.0,2.0,2.0
Sap30,0.0,2.0,2.0
Myo1b,0.0,2.0,2.0
Alg13,0.0,2.0,2.0
H2az1,0.0,2.0,2.0
Sel1l,0.0,2.0,2.0
Golga4,0.0,2.0,2.0
B3gnt8,0.0,2.0,2.0
Nubp1,0.0,2.0,2.0
Unc13d,0.0,2.0,2.0
Fam110c,0.0,2.0,2.0
Itpk1,0.0,2.0,2.0
Creb3l2,0.0,2.0,2.0
Necap1,0.0,2.0,2.0
Fcgbp,0.0,2.0,2.0
Ttn,0.0,2.0,2.0
Cbx8,0.0,2.0,2.0
Epn1,0.0,2.0,2.0
Nlgn2,0.0,2.0,2.0
Tmem63a,0.0,2.0,2.0
Bcl11b,0.0,2.0,2.0
Dot1l,0.0,2.0,2.0
Flvcr2,0.0,2.0,2.0
Atf7ip,0.0,2.0,2.0
Plekhm1,0.0,2.0,2.0
Zfp771,0.0,2.0,2.0
Dnase1l2,0.0,2.0,2.0
Zmym1,0.0,2.0,2.0
Hoxa13,0.0,2.0,2.0
Dchs1,0.0,2.0,2.0
Fnta,0.0,2.0,2.0
Ccnq,0.0,2.0,2.0
Lsm4,0.0,2.0,2.0
Macf1,0.0,2.0,2.0
Srrm3,0.0,2.0,2.0
Apaf1,0.0,2.0,2.0
Fryl,0.0,2.0,2.0
Dip2b,0.0,2.0,2.0
Adcy3,0.0,2.0,2.0
Hs3st2,0.0,2.0,2.0
Cyp2b19,0.0,2.0,2.0
Pom121,0.0,2.0,2.0
Vegfc,0.0,2.0,2.0
Cox11,0.0,1.0,1.0
N4bp3,0.0,1.0,1.0
Naif1,0.0,1.0,1.0
Coq6,0.0,1.0,1.0
Mypop,0.0,1.0,1.0
Myo5c,0.0,1.0,1.0
Myh9,0.0,1.0,1.0
Cop1,0.0,1.0,1.0
D730002M21Rik,0.0,1.0,1.0
D930028M14Rik,0.0,1.0,1.0
D030068K23Rik,0.0,1.0,1.0
D6Ertd474e,0.0,1.0,1.0
D3Ertd751e,0.0,1.0,1.0
D130043K22Rik,0.0,1.0,1.0
Mycbp2,0.0,1.0,1.0
Mtss2,0.0,1.0,1.0
Mxd1,0.0,1.0,1.0
Muc5ac,0.0,1.0,1.0
Mtdh,0.0,1.0,1.0
Mtg1,0.0,1.0,1.0
Dcaf11,0.0,1.0,1.0
Col8a1,0.0,1.0,1.0
Col4a2,0.0,1.0,1.0
Msantd3,0.0,1.0,1.0
Mst1r,0.0,1.0,1.0
Muc1,0.0,1.0,1.0
Mrpl45,0.0,1.0,1.0
Mrps16,0.0,1.0,1.0
Mpdz,0.0,1.0,1.0
Mphosph8,0.0,1.0,1.0
Mpl,0.0,1.0,1.0
Mpp1,0.0,1.0,1.0
Mprip,0.0,1.0,1.0
Mmp27,0.0,1.0,1.0
Cyb5r3,0.0,1.0,1.0
Cyfip2,0.0,1.0,1.0
Cops8,0.0,1.0,1.0
Cyp24a1,0.0,1.0,1.0
Mrps34,0.0,1.0,1.0
Mrrf,0.0,1.0,1.0
Mrpl3,0.0,1.0,1.0
Dop1a,0.0,1.0,1.0
Dpagt1,0.0,1.0,1.0
Dpys,0.0,1.0,1.0
Dnal1,0.0,1.0,1.0
Dnase2a,0.0,1.0,1.0
Dnm1l,0.0,1.0,1.0
Mafb,0.0,1.0,1.0
Cyp11b2,0.0,1.0,1.0
Mybbp1a,0.0,1.0,1.0
Cttnbp2,0.0,1.0,1.0
Ctu1,0.0,1.0,1.0
Cth,0.0,1.0,1.0
Ctnna2,0.0,1.0,1.0
Crmp1,0.0,1.0,1.0
Nans,0.0,1.0,1.0
Napa,0.0,1.0,1.0
Nbea,0.0,1.0,1.0
Mis18a,0.0,1.0,1.0
Mettl25,0.0,1.0,1.0
Mir99ahg,0.0,1.0,1.0
Mfsd2b,0.0,1.0,1.0
Meis1,0.0,1.0,1.0
Mertk,0.0,1.0,1.0
Dlc1,0.0,1.0,1.0
Mob1b,0.0,1.0,1.0
Morc1,0.0,1.0,1.0
Mlh1,0.0,1.0,1.0
Mlph,0.0,1.0,1.0
Mlxipl,0.0,1.0,1.0
Mical2,0.0,1.0,1.0
Mif4gd,0.0,1.0,1.0
Mfn2,0.0,1.0,1.0
Pde4c,0.0,1.0,1.0
Pbx4,0.0,1.0,1.0
Pcare,0.0,1.0,1.0
Pcca,0.0,1.0,1.0
Pias3,0.0,1.0,1.0
Phf21a,0.0,1.0,1.0
Phf3,0.0,1.0,1.0
Phox2a,0.0,1.0,1.0
Pglyrp2,0.0,1.0,1.0
Chil3,0.0,1.0,1.0
Chaf1b,0.0,1.0,1.0
Nfe2l2,0.0,1.0,1.0
Chd9,0.0,1.0,1.0
Pitpna,0.0,1.0,1.0
Pkhd1l1,0.0,1.0,1.0
Pik3c3,0.0,1.0,1.0
Pik3r4,0.0,1.0,1.0
Ntsr2,0.0,1.0,1.0
Nudt16,0.0,1.0,1.0
Nrarp,0.0,1.0,1.0
Nrg1,0.0,1.0,1.0
Nsd2,0.0,1.0,1.0
Cracr2b,0.0,1.0,1.0
Chd5,0.0,1.0,1.0
Pou2f1,0.0,1.0,1.0
Pold1,0.0,1.0,1.0
Pole,0.0,1.0,1.0
Polr2b,0.0,1.0,1.0
Pnmal1,0.0,1.0,1.0
Cep19,0.0,1.0,1.0
Cdk9,0.0,1.0,1.0
Ppp1r13b,0.0,1.0,1.0
Ppp1r13l,0.0,1.0,1.0
Ppp1r35,0.0,1.0,1.0
Pphln1,0.0,1.0,1.0
Pdcd11,0.0,1.0,1.0
Ppil2,0.0,1.0,1.0
Pcdhac2,0.0,1.0,1.0
Col22a1,0.0,1.0,1.0
Col2a1,0.0,1.0,1.0
Col4a1,0.0,1.0,1.0
Col10a1,0.0,1.0,1.0
Cntln,0.0,1.0,1.0
Cntnap1,0.0,1.0,1.0
Pdlim4,0.0,1.0,1.0
Pdzd8,0.0,1.0,1.0
Pcnx2,0.0,1.0,1.0
Ppif,0.0,1.0,1.0
Ndufb5,0.0,1.0,1.0
Nedd4l,0.0,1.0,1.0
Cubn,0.0,1.0,1.0
Cyb5b,0.0,1.0,1.0
Cts7,0.0,1.0,1.0
Ctsf,0.0,1.0,1.0
Nfu1,0.0,1.0,1.0
Nipbl,0.0,1.0,1.0
Nkpd1,0.0,1.0,1.0
Nfatc2ip,0.0,1.0,1.0
Mab21l2,0.0,1.0,1.0
Olfr324,0.0,1.0,1.0
Nelfa,0.0,1.0,1.0
Nfatc2,0.0,1.0,1.0
Nova1,0.0,1.0,1.0
Npas1,0.0,1.0,1.0
Nol12,0.0,1.0,1.0
Nol6,0.0,1.0,1.0
Nkx2-6,0.0,1.0,1.0
Nlrp12,0.0,1.0,1.0
Nlrp2,0.0,1.0,1.0
Cramp1l,0.0,1.0,1.0
Commd7,0.0,1.0,1.0
Nedd8,0.0,1.0,1.0
Olfr1128,0.0,1.0,1.0
Odf2,0.0,1.0,1.0
Ogt,0.0,1.0,1.0
Nudt2,0.0,1.0,1.0
Oas3,0.0,1.0,1.0
Obscn,1.0,2.0,1.0
Ntng2,0.0,1.0,1.0
Oprm1,0.0,1.0,1.0
Osbpl1a,0.0,1.0,1.0
Oscp1,0.0,1.0,1.0
Olfr746,0.0,1.0,1.0
Ncor1,0.0,1.0,1.0
Olfr578,0.0,1.0,1.0
Olfr683,0.0,1.0,1.0
Olfr181,0.0,1.0,1.0
Coa5,0.0,1.0,1.0
Pappa2,0.0,1.0,1.0
Parp9,0.0,1.0,1.0
P4hb,0.0,1.0,1.0
Pacsin1,0.0,1.0,1.0
Panx2,0.0,1.0,1.0
Otog,0.0,1.0,1.0
Opa1,0.0,1.0,1.0
Olfr39,0.0,1.0,1.0
Fam53a,0.0,1.0,1.0
Fam120c,0.0,1.0,1.0
Hdlbp,0.0,1.0,1.0
Heatr5a,0.0,1.0,1.0
Has2,0.0,1.0,1.0
Gys2,0.0,1.0,1.0
H2-T24,0.0,1.0,1.0
Haghl,0.0,1.0,1.0
Gsn,0.0,1.0,1.0
Ercc4,0.0,1.0,1.0
Eppin,0.0,1.0,1.0
Dmrt1,0.0,1.0,1.0
Enpep,0.0,1.0,1.0
Enpp1,0.0,1.0,1.0
Hes5,0.0,1.0,1.0
Hdac7,0.0,1.0,1.0
Fer1l4,0.0,1.0,1.0
Fgd5,0.0,1.0,1.0
Fgf22,0.0,1.0,1.0
Fgfbp3,0.0,1.0,1.0
Fbrsl1,0.0,1.0,1.0
Fank1,0.0,1.0,1.0
0610040J01Rik,0.0,1.0,1.0
Eppk1,0.0,1.0,1.0
Ighg1,0.0,1.0,1.0
Ighv1-43,0.0,1.0,1.0
Iars,0.0,1.0,1.0
Icam5,0.0,1.0,1.0
Eif2d,0.0,1.0,1.0
Efna2,0.0,1.0,1.0
Efna4,0.0,1.0,1.0
Egfr,0.0,1.0,1.0
Impdh1,0.0,1.0,1.0
Inhba,0.0,1.0,1.0
Inmt,0.0,1.0,1.0
Fam219b,0.0,1.0,1.0
Fam129b,0.0,1.0,1.0
Fam168a,0.0,1.0,1.0
Fam169a,0.0,1.0,1.0
Exoc4,0.0,1.0,1.0
F5,0.0,1.0,1.0
Gpat3,0.0,1.0,1.0
Gstcd,0.0,1.0,1.0
Grin1,0.0,1.0,1.0
Grip2,0.0,1.0,1.0
Gria1,0.0,1.0,1.0
Grik1,0.0,1.0,1.0
Igsf9b,0.0,1.0,1.0
5330417C22Rik,0.0,1.0,1.0
4930533L02Rik,0.0,1.0,1.0
2700046G09Rik,0.0,1.0,1.0
3110001I22Rik,0.0,1.0,1.0
1700008P02Rik,0.0,1.0,1.0
Zkscan14,0.0,1.0,1.0
Zfp956,0.0,1.0,1.0
Zfp784,0.0,1.0,1.0
Zfp800,0.0,1.0,1.0
Zfp512b,0.0,1.0,1.0
Zfp622,0.0,1.0,1.0
Ggt7,0.0,1.0,1.0
Fndc8,0.0,1.0,1.0
Filip1,0.0,1.0,1.0
Fkrp,0.0,1.0,1.0
Fmn2,0.0,1.0,1.0
Zgrf1,0.0,1.0,1.0
Far2,0.0,1.0,1.0
Fas,0.0,1.0,1.0
Fastk,0.0,1.0,1.0
Fsd1l,0.0,1.0,1.0
Foxb1,0.0,1.0,1.0
Foxj2,0.0,1.0,1.0
Fmnl1,0.0,1.0,1.0
Gda,0.0,1.0,1.0
Gde1,0.0,1.0,1.0
Galnt16,0.0,1.0,1.0
Galnt5,0.0,1.0,1.0
Fus,0.0,1.0,1.0
Gabrg1,0.0,1.0,1.0
Gak,0.0,1.0,1.0
Gm31294,0.0,1.0,1.0
Glrx3,0.0,1.0,1.0
Gjd4,0.0,1.0,1.0
Gk,0.0,1.0,1.0
4932429P05Rik,0.0,1.0,1.0
Gdf7,0.0,1.0,1.0
Gga3,0.0,1.0,1.0
Gm815,0.0,1.0,1.0
Gm8773,0.0,1.0,1.0
Gm45837,0.0,1.0,1.0
Gm32479,0.0,1.0,1.0
Gm37240,0.0,1.0,1.0
Gm20518,0.0,1.0,1.0
Gm28876,0.0,1.0,1.0
Znhit3,0.0,1.0,1.0
Zfp668,0.0,1.0,1.0
6330409D20Rik,0.0,1.0,1.0
Gli1,0.0,1.0,1.0
Klhdc2,0.0,1.0,1.0
Klhl13,0.0,1.0,1.0
Kif4,0.0,1.0,1.0
Larp1b,0.0,1.0,1.0
Larp7,0.0,1.0,1.0
Las1l,0.0,1.0,1.0
Lag3,0.0,1.0,1.0
Kntc1,0.0,1.0,1.0
Kpna3,0.0,1.0,1.0
Kras,0.0,1.0,1.0
Lipn,0.0,1.0,1.0
Ildr2,0.0,1.0,1.0
Lgals8,0.0,1.0,1.0
Lgr6,0.0,1.0,1.0
Lig3,0.0,1.0,1.0
Lamc2,0.0,1.0,1.0
Lamc3,0.0,1.0,1.0
Lrch2,0.0,1.0,1.0
Lrch3,0.0,1.0,1.0
Lrg1,0.0,1.0,1.0
Lmcd1,0.0,1.0,1.0
Lmnb2,0.0,1.0,1.0
Lmx1b,0.0,1.0,1.0
Lgals3,0.0,1.0,1.0
Lrrd1,0.0,1.0,1.0
Lrrfip1,0.0,1.0,1.0
Ltbp3,0.0,1.0,1.0
Lrp1b,0.0,1.0,1.0
Ddhd1,0.0,1.0,1.0
Ddx17,0.0,1.0,1.0
Med12,0.0,1.0,1.0
Mcf2l,0.0,1.0,1.0
Mcoln3,0.0,1.0,1.0
Mast3,0.0,1.0,1.0
Map4k2,0.0,1.0,1.0
Dtx1,0.0,1.0,1.0
Dmd,0.0,1.0,1.0
Ppp1cb,0.0,1.0,1.0
Dmrt2,0.0,1.0,1.0
Disc1,0.0,1.0,1.0
Dennd11,0.0,1.0,1.0
Dennd6b,0.0,1.0,1.0
Dda1,0.0,1.0,1.0
Ect2,0.0,1.0,1.0
E030030I06Rik,0.0,1.0,1.0
E130311K13Rik,0.0,1.0,1.0
Dsp,0.0,1.0,1.0
Mapk8ip2,0.0,1.0,1.0
Klc2,0.0,1.0,1.0
Kif11,0.0,1.0,1.0
Kdelr2,0.0,1.0,1.0
Kdm1b,0.0,1.0,1.0
Kdm3b,0.0,1.0,1.0
Kdm5c,0.0,1.0,1.0
Kdr,0.0,1.0,1.0
Hnrnpd,0.0,1.0,1.0
Hoxa3,0.0,1.0,1.0
Hey2,0.0,1.0,1.0
Erich6b,0.0,1.0,1.0
Limd1,0.0,1.0,1.0
Esyt1,0.0,1.0,1.0
Ethe1,0.0,1.0,1.0
Ifi203-ps,0.0,1.0,1.0
Ifrd1,0.0,1.0,1.0
Hs6st2,0.0,1.0,1.0
Htr2a,0.0,1.0,1.0
Hoxb5,0.0,1.0,1.0
Hoxc5,0.0,1.0,1.0
Hmgcll1,0.0,1.0,1.0
Il1a,0.0,1.0,1.0
Ildr1,0.0,1.0,1.0
Erlin1,0.0,1.0,1.0
Lingo4,0.0,1.0,1.0
Iqcg,0.0,1.0,1.0
Iqschfp,0.0,1.0,1.0
Insm2,0.0,1.0,1.0
Ipo5,0.0,1.0,1.0
Ipo7,0.0,1.0,1.0
Emb,0.0,1.0,1.0
Elp1,0.0,1.0,1.0
Elp3,0.0,1.0,1.0
Itpr2,0.0,1.0,1.0
Itpr3,0.0,1.0,1.0
Kif5b,0.0,1.0,1.0
Itgb7,0.0,1.0,1.0
Irx5,0.0,1.0,1.0
Itfg2,0.0,1.0,1.0
Iqcf6,0.0,1.0,1.0
Kcnk13,0.0,1.0,1.0
Kcns1,0.0,1.0,1.0
Kat8,0.0,1.0,1.0
Katnal1,0.0,1.0,1.0
Jade2,0.0,1.0,1.0
Jpt2,0.0,1.0,1.0
Itpkb,0.0,1.0,1.0
Itpr1,0.0,1.0,1.0
Itpripl1,0.0,1.0,1.0
Tmem63c,0.0,1.0,1.0
Tmem82,0.0,1.0,1.0
Tmprss11e,0.0,1.0,1.0
Tmem237,0.0,1.0,1.0
Tmem30b,0.0,1.0,1.0
Tmem33,0.0,1.0,1.0
Tmem40,0.0,1.0,1.0
Allc,0.0,1.0,1.0
Trav4-4-dv10,0.0,1.0,1.0
Treh,0.0,1.0,1.0
Tpsg1,0.0,1.0,1.0
Clptm1,0.0,1.0,1.0
Tnfrsf13c,0.0,1.0,1.0
Tnks,0.0,1.0,1.0
Stxbp4,0.0,1.0,1.0
Stxbp5l,0.0,1.0,1.0
Arrdc4,0.0,1.0,1.0
Asap3,0.0,1.0,1.0
Asb2,0.0,1.0,1.0
Asb8,0.0,1.0,1.0
Ash1l,0.0,1.0,1.0
Ash2l,0.0,1.0,1.0
Tacr2,0.0,1.0,1.0
Tnfrsf11a,0.0,1.0,1.0
Tspan33,0.0,1.0,1.0
Tspan8,0.0,1.0,1.0
Ago1,0.0,1.0,1.0
Agpat4,0.0,1.0,1.0
Ahnak,0.0,1.0,1.0
Ak2,0.0,1.0,1.0
Adhfe1,0.0,1.0,1.0
Adpgk,0.0,1.0,1.0
Adgrg2,0.0,1.0,1.0
Adgrl4,0.0,1.0,1.0
Apol8,0.0,1.0,1.0
Tnnc1,0.0,1.0,1.0
Ankrd54,0.0,1.0,1.0
Ap2a2,0.0,1.0,1.0
Tlk2,0.0,1.0,1.0
Tlr9,0.0,1.0,1.0
Tma16,0.0,1.0,1.0
Tmem44,0.0,1.0,1.0
Tmem178,0.0,1.0,1.0
Tmed1,0.0,1.0,1.0
Tmem120b,0.0,1.0,1.0
Tmem126a,0.0,1.0,1.0
Arf5,0.0,1.0,1.0
Arfgef1,0.0,1.0,1.0
Ap3m2,0.0,1.0,1.0
Atp2c2,0.0,1.0,1.0
Atp6v0a2,0.0,1.0,1.0
Atp13a1,0.0,1.0,1.0
Srsf6,0.0,1.0,1.0
Ssc4d,0.0,1.0,1.0
Sptbn2,0.0,1.0,1.0
Srbd1,0.0,1.0,1.0
Srcap,0.0,1.0,1.0
Spata5l1,0.0,1.0,1.0
Spice1,0.0,1.0,1.0
Spocd1,0.0,1.0,1.0
Taf2,0.0,1.0,1.0
Stim2,0.0,1.0,1.0
Stimate,0.0,1.0,1.0
Ssc5d,0.0,1.0,1.0
St13,0.0,1.0,1.0
Stambp,0.0,1.0,1.0
Srcin1,0.0,1.0,1.0
Arid5b,0.0,1.0,1.0
Arhgef15,0.0,1.0,1.0
Arhgef6,0.0,1.0,1.0
Arid3c,0.0,1.0,1.0
Arhgap20,0.0,1.0,1.0
Arhgap28,0.0,1.0,1.0
Stk35,0.0,1.0,1.0
Tafa2,0.0,1.0,1.0
Syngr3,0.0,1.0,1.0
Sugp2,0.0,1.0,1.0
Svep1,0.0,1.0,1.0
Stk4,0.0,1.0,1.0
Stn1,0.0,1.0,1.0
Tfcp2,0.0,1.0,1.0
Tcte2,0.0,1.0,1.0
Tctex1d2,0.0,1.0,1.0
Tbcc,0.0,1.0,1.0
Tcf7l2,0.0,1.0,1.0
Spata5,0.0,1.0,1.0
Taar3,0.0,1.0,1.0
Tacc2,0.0,1.0,1.0
Timp2,0.0,1.0,1.0
Timp4,0.0,1.0,1.0
Tinag,0.0,1.0,1.0
Tinagl1,0.0,1.0,1.0
Tg,0.0,1.0,1.0
Themis3,0.0,1.0,1.0
Thoc3,0.0,1.0,1.0
Tex21,0.0,1.0,1.0
Sp9,0.0,1.0,1.0
Spaca3,0.0,1.0,1.0
Tbc1d8b,0.0,1.0,1.0
Adcy1,0.0,1.0,1.0
Adamts3,0.0,1.0,1.0
1700017N19Rik,0.0,1.0,1.0
Wdfy4,0.0,1.0,1.0
Wdr43,0.0,1.0,1.0
Wdr46,0.0,1.0,1.0
Wars2,0.0,1.0,1.0
Vps35l,0.0,1.0,1.0
Vps36,0.0,1.0,1.0
Vmn1r185,0.0,1.0,1.0
Vmn1r67,0.0,1.0,1.0
Ttc34,0.0,1.0,1.0
Wdtc1,0.0,1.0,1.0
Wee2,0.0,1.0,1.0
Wdr73,0.0,1.0,1.0
Wdr75,0.0,1.0,1.0
Wdr86,0.0,1.0,1.0
Wdr91,0.0,1.0,1.0
Wdr95,0.0,1.0,1.0
Abhd10,0.0,1.0,1.0
Aatk,0.0,1.0,1.0
Abca14,0.0,1.0,1.0
Abcb5,0.0,1.0,1.0
Abcb6,0.0,1.0,1.0
Wwox,0.0,1.0,1.0
Zmym3,0.0,1.0,1.0
2310034G01Rik,0.0,1.0,1.0
Zfp276,0.0,1.0,1.0
Zfp420,0.0,1.0,1.0
Zdhhc3,0.0,1.0,1.0
Zbbx,0.0,1.0,1.0
Zbtb7a,0.0,1.0,1.0
Zbtb8b,0.0,1.0,1.0
Xrcc1,0.0,1.0,1.0
Xylt1,0.0,1.0,1.0
Yaf2,0.0,1.0,1.0
Vgll1,0.0,1.0,1.0
Acaa1b,0.0,1.0,1.0
Abcc10,0.0,1.0,1.0
Abcc4,0.0,1.0,1.0
Gm2a,0.0,1.0,1.0
Adam11,0.0,1.0,1.0
Foxq1,0.0,1.0,1.0
Fap,0.0,1.0,1.0
Wwc2,0.0,1.0,1.0
4930402F06Rik,0.0,1.0,1.0
Zscan20,0.0,1.0,1.0
Uvssa,0.0,1.0,1.0
Vax2,0.0,1.0,1.0
Ydjc,0.0,1.0,1.0
Actr10,0.0,1.0,1.0
Usp51,0.0,1.0,1.0
Utf1,0.0,1.0,1.0
Utp15,0.0,1.0,1.0
Uqcrq,0.0,1.0,1.0
Usf2,0.0,1.0,1.0
Angel1,0.0,1.0,1.0
Ank3,0.0,1.0,1.0
Alpl,0.0,1.0,1.0
Amtn,0.0,1.0,1.0
Aldh3a2,0.0,1.0,1.0
A2m,0.0,1.0,1.0
Alkbh1,0.0,1.0,1.0
Trpv4,0.0,1.0,1.0
Trrap,0.0,1.0,1.0
Tsc22d1,0.0,1.0,1.0
Trim11,0.0,1.0,1.0
Trmt1l,0.0,1.0,1.0
Trmt2b,0.0,1.0,1.0
Ankrd2,0.0,1.0,1.0
Ankrd24,0.0,1.0,1.0
Adgrv1,0.0,1.0,1.0
Adh5,0.0,1.0,1.0
Tsr3,0.0,1.0,1.0
Alkal2,0.0,1.0,1.0
AI661453,0.0,1.0,1.0
Zpbp,0.0,1.0,1.0
Ubac2,0.0,1.0,1.0
Ubash3a,0.0,1.0,1.0
Tut7,0.0,1.0,1.0
Uba2,0.0,1.0,1.0
Ttll10,0.0,1.0,1.0
Ttll6,0.0,1.0,1.0
Ubxn10,0.0,1.0,1.0
Ubxn2b,0.0,1.0,1.0
Uhrf1bp1l,0.0,1.0,1.0
Acsbg1,0.0,1.0,1.0
Ube2w,0.0,1.0,1.0
Ube4b,0.0,1.0,1.0
Ubfd1,0.0,1.0,1.0
Ubn1,0.0,1.0,1.0
Ush2a,0.0,1.0,1.0
Usp24,0.0,1.0,1.0
Usp32,0.0,1.0,1.0
Unc79,0.0,1.0,1.0
Unc93b1,0.0,1.0,1.0
Upf2,0.0,1.0,1.0
Uqcc2,0.0,1.0,1.0
Ackr2,0.0,1.0,1.0
Ube2ql1,0.0,1.0,1.0
Pwp1,0.0,1.0,1.0
Pxn,0.0,1.0,1.0
Pyurf,0.0,1.0,1.0
Qk,0.0,1.0,1.0
Qpct,0.0,1.0,1.0
Rcbtb2,0.0,1.0,1.0
Rccd1,0.0,1.0,1.0
Rcl1,0.0,1.0,1.0
Rasa1,0.0,1.0,1.0
Rasgrf1,0.0,1.0,1.0
Rbbp4,0.0,1.0,1.0
Arhgap29,0.0,1.0,1.0
R3hdm4,0.0,1.0,1.0
Rhbdf2,0.0,1.0,1.0
Reg3a,0.0,1.0,1.0
Rel,0.0,1.0,1.0
Relb,0.0,1.0,1.0
Reln,0.0,1.0,1.0
Resp18,0.0,1.0,1.0
Recql5,0.0,1.0,1.0
Reep5,0.0,1.0,1.0
Robo3,0.0,1.0,1.0
Ripor1,0.0,1.0,1.0
Ripor2,0.0,1.0,1.0
Raet1e,0.0,1.0,1.0
Rpap3,0.0,1.0,1.0
Rpl13a,0.0,1.0,1.0
Rpl14,0.0,1.0,1.0
Rpn1,0.0,1.0,1.0
Ccdc90b,0.0,1.0,1.0
Ccdc177,0.0,1.0,1.0
C2cd2,0.0,1.0,1.0
Ruvbl1,0.0,1.0,1.0
Rwdd3,0.0,1.0,1.0
S1pr4,0.0,1.0,1.0
S1pr5,0.0,1.0,1.0
Purb,0.0,1.0,1.0
Rps6ka3,0.0,1.0,1.0
Rrp7a,0.0,1.0,1.0
Cacna2d2,0.0,1.0,1.0
Camk2g,0.0,1.0,1.0
C2cd5,0.0,1.0,1.0
C4b,0.0,1.0,1.0
Cacna1c,0.0,1.0,1.0
C1ql4,0.0,1.0,1.0
C1qtnf4,0.0,1.0,1.0
C1qtnf9,0.0,1.0,1.0
Rab6a,0.0,1.0,1.0
Rabgap1l,0.0,1.0,1.0
Rufy2,0.0,1.0,1.0
Psmd13,0.0,1.0,1.0
Cdh10,0.0,1.0,1.0
Cdh22,0.0,1.0,1.0
Cd52,0.0,1.0,1.0
Cdc14a,0.0,1.0,1.0
Ccn6,0.0,1.0,1.0
Cct8,0.0,1.0,1.0
Ptprq,0.0,1.0,1.0
Plod3,0.0,1.0,1.0
Plch2,0.0,1.0,1.0
Clip2,0.0,1.0,1.0
Rmnd5b,0.0,1.0,1.0
Cib4,0.0,1.0,1.0
Clasrp,0.0,1.0,1.0
Clcn6,0.0,1.0,1.0
Pola1,0.0,1.0,1.0
Plppr3,0.0,1.0,1.0
Plscr1,0.0,1.0,1.0
Plxna3,0.0,1.0,1.0
Pmepa1,0.0,1.0,1.0
Pld5,0.0,1.0,1.0
Plec,0.0,1.0,1.0
Plekha5,0.0,1.0,1.0
Ppm1f,0.0,1.0,1.0
Zmym4,0.0,1.0,1.0
Rnasek,0.0,1.0,1.0
Rilpl2,0.0,1.0,1.0
Rgs2,0.0,1.0,1.0
Prdm2,0.0,1.0,1.0
Prelid3a,0.0,1.0,1.0
Ppp1r9b,0.0,1.0,1.0
Ppp2r2a,0.0,1.0,1.0
Ppp6r3,0.0,1.0,1.0
Cfap46,0.0,1.0,1.0
Cfap57,0.0,1.0,1.0
Cfap20,0.0,1.0,1.0
Ptchd1,0.0,1.0,1.0
Pspc1,0.0,1.0,1.0
Ptcd1,0.0,1.0,1.0
Prr14l,0.0,1.0,1.0
Psma7,0.0,1.0,1.0
Prickle1,0.0,1.0,1.0
Ppt2,0.0,1.0,1.0
Prdm1,0.0,1.0,1.0
Ptpru,0.0,1.0,1.0
Ptprz1,0.0,1.0,1.0
Ptpn23,0.0,1.0,1.0
Ptpre,0.0,1.0,1.0
Ptprk,0.0,1.0,1.0
Psmd7,0.0,1.0,1.0
Atm,0.0,1.0,1.0
Aspg,0.0,1.0,1.0
Aspm,0.0,1.0,1.0
Atad2,0.0,1.0,1.0
Ate1,0.0,1.0,1.0
Son,0.0,1.0,1.0
Brd1,0.0,1.0,1.0
Brix1,0.0,1.0,1.0
Bop1,0.0,1.0,1.0
Bpifa1,0.0,1.0,1.0
Bptf,0.0,1.0,1.0
Rsph6a,0.0,1.0,1.0
Bicdl1,0.0,1.0,1.0
Bicra,0.0,1.0,1.0
Skint1,0.0,1.0,1.0
Shisal2b,0.0,1.0,1.0
Shoc1,0.0,1.0,1.0
Shtn1,0.0,1.0,1.0
Brwd3,0.0,1.0,1.0
Bsn,0.0,1.0,1.0
Btla,0.0,1.0,1.0
Brca2,0.0,1.0,1.0
Avp,0.0,1.0,1.0
Slc22a20,0.0,1.0,1.0
Bhmt,0.0,1.0,1.0
Arhgap33os,0.0,1.0,1.0
Slc27a6,0.0,1.0,1.0
Slc2a8,0.0,1.0,1.0
Bbs1,0.0,1.0,1.0
Bbs7,0.0,1.0,1.0
Bcor,0.0,1.0,1.0
Begain,0.0,1.0,1.0
Baiap2,0.0,1.0,1.0
Smc3,0.0,1.0,1.0
Smc4,0.0,1.0,1.0
Slc6a7,0.0,1.0,1.0
Atp2a3,0.0,1.0,1.0
Slc9a6,0.0,1.0,1.0
Slc4a1,0.0,1.0,1.0
Slc36a4,0.0,1.0,1.0
Slc25a46,0.0,1.0,1.0
Sorcs3,0.0,1.0,1.0
Sos1,0.0,1.0,1.0
Snx5,0.0,1.0,1.0
Smim10l1,0.0,1.0,1.0
Snd1,0.0,1.0,1.0
Snrnp200,0.0,1.0,1.0
Snrnp40,0.0,1.0,1.0
Slitrk5,0.0,1.0,1.0
Slc9a2,0.0,1.0,1.0
Scaf1,0.0,1.0,1.0
Sftpc,0.0,1.0,1.0
Sema6b,0.0,1.0,1.0
Serpinb9,0.0,1.0,1.0
Serpinb9c,0.0,1.0,1.0
Selenos,0.0,1.0,1.0
Sem1,0.0,1.0,1.0
Sema3c,0.0,1.0,1.0
Birc6,0.0,1.0,1.0
Sgca,0.0,1.0,1.0
Sh2b3,0.0,1.0,1.0
Slc25a13,0.0,1.0,1.0
Sh3rf1,0.0,1.0,1.0
Sharpin,0.0,1.0,1.0
Setd6,0.0,1.0,1.0
Sf3b3,0.0,1.0,1.0
Catsperd,0.0,1.0,1.0
Rom1,0.0,1.0,1.0
Rpa2,0.0,1.0,1.0
Rpain,0.0,1.0,1.0
Rnf213,0.0,1.0,1.0
Rnf31,0.0,1.0,1.0
Rnf32,0.0,1.0,1.0
Rnf38,0.0,1.0,1.0
Sh3glb2,0.0,1.0,1.0
Slc25a43,0.0,1.0,1.0
Slc16a8,0.0,1.0,1.0
Slc1a2,0.0,1.0,1.0
Sin3b,0.0,1.0,1.0
Six3,0.0,1.0,1.0
Axin2,0.0,1.0,1.0
BC031181,0.0,1.0,1.0
BC048671,0.0,1.0,1.0
BC052040,0.0,1.0,1.0
Atp8b3,0.0,1.0,1.0
Atp9a,0.0,1.0,1.0
Sdf4,0.0,1.0,1.0
Sae1,0.0,1.0,1.0
Samd14,0.0,1.0,1.0
Samd4,0.0,1.0,1.0
Samd7,0.0,1.0,1.0
Sap30bp,0.0,1.0,1.0
Sapcd2,0.0,1.0,1.0
Card11,0.0,1.0,1.0
Secisbp2,0.0,1.0,1.0
Scn4a,0.0,1.0,1.0
Scn5a,0.0,1.0,1.0
Scn7a,0.0,1.0,1.0
Sdc4,0.0,1.0,1.0
Atxn7,0.0,1.0,1.0
mt-Nd3,0.0,0.0,0.0
Abraxas2,0.0,0.0,0.0
Acads,0.0,0.0,0.0
Acadsb,0.0,0.0,0.0
Acer2,0.0,0.0,0.0
Xrn2,0.0,0.0,0.0
Xxylt1,0.0,0.0,0.0
Xylb,0.0,0.0,0.0
Yipf3,0.0,0.0,0.0
Abcd3,0.0,0.0,0.0
Abhd17c,0.0,0.0,0.0
Abhd3,0.0,0.0,0.0
Abi3,0.0,0.0,0.0
Abl2,0.0,0.0,0.0
Ablim1,0.0,0.0,0.0
AI597479,0.0,0.0,0.0
AW209491,0.0,0.0,0.0
Aanat,0.0,0.0,0.0
Aars2,0.0,0.0,0.0
Abca2,0.0,0.0,0.0
Abca5,0.0,0.0,0.0
Abca7,0.0,0.0,0.0
Abca8a,0.0,0.0,0.0
Wrnip1,0.0,0.0,0.0
Wwtr1,0.0,0.0,0.0
Xab2,0.0,0.0,0.0
Xlr4c,0.0,0.0,0.0
Xpnpep1,0.0,0.0,0.0
A530053G22Rik,0.0,0.0,0.0
AA387883,0.0,0.0,0.0
Foxe1,0.0,0.0,0.0
Foxj3,0.0,0.0,0.0
Foxk1,0.0,0.0,0.0
Foxl2,0.0,0.0,0.0
Fras1,0.0,0.0,0.0
Frg1,0.0,0.0,0.0
Frmd6,0.0,0.0,0.0
Fscn1,0.0,0.0,0.0
Fkbp15,0.0,0.0,0.0
Fktn,0.0,0.0,0.0
Fmr1,0.0,0.0,0.0
Fnbp1l,0.0,0.0,0.0
Fnbp4,0.0,0.0,0.0
Fndc1,0.0,0.0,0.0
Fndc11,0.0,0.0,0.0
Foxc1,0.0,0.0,0.0
Zfyve26,0.0,0.0,0.0
Zhx3,0.0,0.0,0.0
Zkscan17,0.0,0.0,0.0
Zkscan5,0.0,0.0,0.0
Zmat4,0.0,0.0,0.0
Fign,0.0,0.0,0.0
Fkbp11,0.0,0.0,0.0
Zfp827,0.0,0.0,0.0
Zfp85,0.0,0.0,0.0
Zfp865,0.0,0.0,0.0
Zfp870,0.0,0.0,0.0
Zfp938,0.0,0.0,0.0
Zfp948,0.0,0.0,0.0
Zfpm1,0.0,0.0,0.0
Zfr,0.0,0.0,0.0
Fut9,0.0,0.0,0.0
Galns,0.0,0.0,0.0
Galnt11,0.0,0.0,0.0
Galnt2l,0.0,0.0,0.0
Galnt9,0.0,0.0,0.0
Gan,0.0,0.0,0.0
Gapt,0.0,0.0,0.0
Fbxw2,0.0,0.0,0.0
Fcho1,0.0,0.0,0.0
Fech,0.0,0.0,0.0
Fgd1,0.0,0.0,0.0
Fh1,0.0,0.0,0.0
Fhad1,1.0,1.0,0.0
Fhod3,0.0,0.0,0.0
Fstl5,0.0,0.0,0.0
Fbxo2,0.0,0.0,0.0
Fbxo21,0.0,0.0,0.0
Fbxo22,0.0,0.0,0.0
Fbxo24,0.0,0.0,0.0
Fbxo25,0.0,0.0,0.0
Fbxo27,0.0,0.0,0.0
Fbxo4,0.0,0.0,0.0
Fbxo44,0.0,0.0,0.0
Fshr,0.0,0.0,0.0
Fsip1,0.0,0.0,0.0
Fancc,0.0,0.0,0.0
Fasn,1.0,1.0,0.0
Fat4,0.0,0.0,0.0
Fbn2,0.0,0.0,0.0
Fbxl18,0.0,0.0,0.0
Fbxo17,0.0,0.0,0.0
Glyr1,0.0,0.0,0.0
Gm10165,0.0,0.0,0.0
Gm10499,0.0,0.0,0.0
Gm10804,0.0,0.0,0.0
Gm1141,0.0,0.0,0.0
Gm15114,0.0,0.0,0.0
Gm15931,0.0,0.0,0.0
Gm16193,0.0,0.0,0.0
Glipr1l1,0.0,0.0,0.0
Glis1,0.0,0.0,0.0
Glis2,0.0,0.0,0.0
Glis3,0.0,0.0,0.0
Glrb,0.0,0.0,0.0
Gls2,0.0,0.0,0.0
Glt8d1,0.0,0.0,0.0
Glyatl3,0.0,0.0,0.0
Gdpd4,0.0,0.0,0.0
Gem,0.0,0.0,0.0
Ggnbp2,0.0,0.0,0.0
Ggt5,0.0,0.0,0.0
Gh,0.0,0.0,0.0
Gk2,0.0,0.0,0.0
Gkn1,0.0,0.0,0.0
Glg1,0.0,0.0,0.0
Garem1,0.0,0.0,0.0
Gart,0.0,0.0,0.0
Gatad1,0.0,0.0,0.0
Gbe1,0.0,0.0,0.0
Gcnt4,0.0,0.0,0.0
Gdf11,0.0,0.0,0.0
Gnat1,0.0,0.0,0.0
Gnat2,0.0,0.0,0.0
Gnl3l,0.0,0.0,0.0
Gpatch11,0.0,0.0,0.0
Gpc4,0.0,0.0,0.0
Evc2,0.0,0.0,0.0
Evl,0.0,0.0,0.0
Exoc2,0.0,0.0,0.0
Gm4985,0.0,0.0,0.0
Gm49948,0.0,0.0,0.0
Gm49987,0.0,0.0,0.0
Gm6013,0.0,0.0,0.0
Gm9866,0.0,0.0,0.0
Gnai3,0.0,0.0,0.0
Gnas,0.0,0.0,0.0
Gm42957,0.0,0.0,0.0
Gm43720,0.0,0.0,0.0
Gm44503,0.0,0.0,0.0
Gm45711,0.0,0.0,0.0
Gm4922,0.0,0.0,0.0
Gm49326,0.0,0.0,0.0
Gm49368,0.0,0.0,0.0
Gm16589,0.0,0.0,0.0
Gm20109,0.0,0.0,0.0
Gm27179,0.0,0.0,0.0
Gm29427,0.0,0.0,0.0
Gm38394,0.0,0.0,0.0
Gm38413,0.0,0.0,0.0
Gm39302,0.0,0.0,0.0
Gm42416,0.0,0.0,0.0
Gpr176,0.0,0.0,0.0
Gpr19,0.0,0.0,0.0
Gpr27,0.0,0.0,0.0
Gpr37,0.0,0.0,0.0
Gpr89,0.0,0.0,0.0
Gprc6a,0.0,0.0,0.0
Grasp,0.0,0.0,0.0
Greb1,0.0,0.0,0.0
Fam193a,0.0,0.0,0.0
Fam222a,0.0,0.0,0.0
Fam83e,0.0,0.0,0.0
Gpd2,0.0,0.0,0.0
Gper1,0.0,0.0,0.0
Gpr107,0.0,0.0,0.0
Gpr162,0.0,0.0,0.0
Fam117a,0.0,0.0,0.0
Fam120a,0.0,0.0,0.0
Fam124a,0.0,0.0,0.0
Fam135b,0.0,0.0,0.0
Fam149a,0.0,0.0,0.0
Fam170b,0.0,0.0,0.0
Fam184b,0.0,0.0,0.0
Ezh2,0.0,0.0,0.0
Fabp12,0.0,0.0,0.0
Fabp4,0.0,0.0,0.0
Fam102a,0.0,0.0,0.0
Fam102b,0.0,0.0,0.0
Fam104a,0.0,0.0,0.0
Hdac6,0.0,0.0,0.0
Hdhd5,0.0,0.0,0.0
Hdx,0.0,0.0,0.0
Hectd1,0.0,0.0,0.0
Hectd2,0.0,0.0,0.0
Hectd4,0.0,0.0,0.0
Hecw2,0.0,0.0,0.0
Helz,0.0,0.0,0.0
H2-DMa,0.0,0.0,0.0
Haus6,0.0,0.0,0.0
Haus7,0.0,0.0,0.0
Hc,0.0,0.0,0.0
Hcfc1,0.0,0.0,0.0
Hdac11,0.0,0.0,0.0
Hdac4,0.0,0.0,0.0
Gsg1l,0.0,0.0,0.0
Gtf2ird1,0.0,0.0,0.0
Gucd1,0.0,0.0,0.0
Gucy1b1,0.0,0.0,0.0
Gucy2d,0.0,0.0,0.0
Gulo,0.0,0.0,0.0
Gzmk,0.0,0.0,0.0
Grhl2,0.0,0.0,0.0
Grik2,0.0,0.0,0.0
Grk4,0.0,0.0,0.0
Grm1,0.0,0.0,0.0
Grm6,0.0,0.0,0.0
Grpel2,0.0,0.0,0.0
Grxcr2,0.0,0.0,0.0
Ergic3,0.0,0.0,0.0
Ern1,0.0,0.0,0.0
Etv5,0.0,0.0,0.0
Hhipl1,0.0,0.0,0.0
Hibadh,0.0,0.0,0.0
Hip1r,0.0,0.0,0.0
Hirip3,0.0,0.0,0.0
Hivep1,0.0,0.0,0.0
Eprs,0.0,0.0,0.0
Eps15,0.0,0.0,0.0
Epx,0.0,0.0,0.0
Erbb2,0.0,0.0,0.0
Erc2,0.0,0.0,0.0
Ercc3,0.0,0.0,0.0
Ercc5,0.0,0.0,0.0
Ercc6,0.0,0.0,0.0
Entpd7,0.0,0.0,0.0
Eogt,0.0,0.0,0.0
Ep300,0.0,0.0,0.0
Epas1,0.0,0.0,0.0
Epg5,0.0,0.0,0.0
Ephb6,1.0,1.0,0.0
Epn3,0.0,0.0,0.0
Epop,0.0,0.0,0.0
Hepacam2,0.0,0.0,0.0
Herc2,0.0,0.0,0.0
Herpud1,0.0,0.0,0.0
Hexim1,0.0,0.0,0.0
Eno4,0.0,0.0,0.0
Enpp2,0.0,0.0,0.0
Enpp7,0.0,0.0,0.0
Igha,0.0,0.0,0.0
Ighv1-83,0.0,0.0,0.0
Igkv2-137,0.0,0.0,0.0
Il1f6,0.0,0.0,0.0
Il1rl2,0.0,0.0,0.0
Impa2,0.0,0.0,0.0
Inafm1,0.0,0.0,0.0
Hsph1,0.0,0.0,0.0
Htr7,0.0,0.0,0.0
Hyou1,0.0,0.0,0.0
Iars2,0.0,0.0,0.0
Ift172,0.0,0.0,0.0
Igf2bp1,0.0,0.0,0.0
Igf2bp2,0.0,0.0,0.0
Igf2r,0.0,0.0,0.0
Hps3,0.0,0.0,0.0
Hrh3,0.0,0.0,0.0
Hs3st5,0.0,0.0,0.0
Hsd17b2,0.0,0.0,0.0
Hspa12b,0.0,0.0,0.0
Hspa14,0.0,0.0,0.0
Hspa4l,0.0,0.0,0.0
Hspb9,0.0,0.0,0.0
Hkdc1,0.0,0.0,0.0
Hmcn1,0.0,0.0,0.0
Hmgn3,0.0,0.0,0.0
Hmmr,0.0,0.0,0.0
Hmx1,0.0,0.0,0.0
Hoxd9,0.0,0.0,0.0
Hpca,0.0,0.0,0.0
Eml1,0.0,0.0,0.0
Eml2,0.0,0.0,0.0
Eml6,0.0,0.0,0.0
Eno2,0.0,0.0,0.0
Insm1,0.0,0.0,0.0
Invs,0.0,0.0,0.0
Ip6k3,0.0,0.0,0.0
Eif4g3,0.0,0.0,0.0
Elfn2,0.0,0.0,0.0
Elk1,0.0,0.0,0.0
Elmo2,0.0,0.0,0.0
Elob,0.0,0.0,0.0
Emc3,0.0,0.0,0.0
Emid1,0.0,0.0,0.0
Emilin1,0.0,0.0,0.0
Egr3,0.0,0.0,0.0
Ehbp1,0.0,0.0,0.0
Ehbp1l1,0.0,0.0,0.0
Ei24,0.0,0.0,0.0
Eif2ak2,0.0,0.0,0.0
Eif2ak3,0.0,0.0,0.0
Eif2b1,0.0,0.0,0.0
Eif3a,0.0,0.0,0.0
Ino80,0.0,0.0,0.0
Ino80d,0.0,0.0,0.0
Inpp5f,0.0,0.0,0.0
Efcab2,0.0,0.0,0.0
Efna3,0.0,0.0,0.0
Efr3b,0.0,0.0,0.0
Eftud2,0.0,0.0,0.0
Jun,0.0,0.0,0.0
Kalrn,0.0,0.0,0.0
Kars,0.0,0.0,0.0
Katnb1,0.0,0.0,0.0
Kbtbd11,0.0,0.0,0.0
Kcnc1,0.0,0.0,0.0
Kcnh2,0.0,0.0,0.0
Kcnh5,0.0,0.0,0.0
Itln1,0.0,0.0,0.0
Itpka,0.0,0.0,0.0
Itprip,0.0,0.0,0.0
Itpripl2,0.0,0.0,0.0
Itsn2,0.0,0.0,0.0
Ivns1abp,0.0,0.0,0.0
Izumo1,0.0,0.0,0.0
Irs2,0.0,0.0,0.0
Irx3,0.0,0.0,0.0
Isg20,0.0,0.0,0.0
Itga4,0.0,0.0,0.0
Itga6,0.0,0.0,0.0
Itgb1,0.0,0.0,0.0
Iqcf2,0.0,0.0,0.0
Iqgap3,0.0,0.0,0.0
Irf3,0.0,0.0,0.0
Irf4,0.0,0.0,0.0
Irf5,0.0,0.0,0.0
Irf7,0.0,0.0,0.0
Irgc1,0.0,0.0,0.0
Klhl10,0.0,0.0,0.0
Klhl3,0.0,0.0,0.0
Klhl42,0.0,0.0,0.0
Klk1b3,0.0,0.0,0.0
Dpysl3,0.0,0.0,0.0
Drc3,0.0,0.0,0.0
Drg1,0.0,0.0,0.0
Drg2,0.0,0.0,0.0
Kif26b,0.0,0.0,0.0
Kif3b,0.0,0.0,0.0
Kifap3,0.0,0.0,0.0
Kifbp,0.0,0.0,0.0
Kirrel3,0.0,0.0,0.0
Klc4,0.0,0.0,0.0
Klhdc3,0.0,0.0,0.0
Kctd8,1.0,1.0,0.0
Kdm2a,0.0,0.0,0.0
Khdrbs2,0.0,0.0,0.0
Kidins220,0.0,0.0,0.0
Kif14,0.0,0.0,0.0
Kif16b,0.0,0.0,0.0
Kif1b,0.0,0.0,0.0
Kif26a,0.0,0.0,0.0
Kcnj5,0.0,0.0,0.0
Kcnk3,0.0,0.0,0.0
Kcns3,0.0,0.0,0.0
Kcnu1,0.0,0.0,0.0
Kctd12b,0.0,0.0,0.0
Kctd17,0.0,0.0,0.0
Kctd18,0.0,0.0,0.0
Kctd7,0.0,0.0,0.0
Kmt2d,0.0,0.0,0.0
Krt73,0.0,0.0,0.0
Krt8,0.0,0.0,0.0
Krt80,0.0,0.0,0.0
Krt82,0.0,0.0,0.0
Ksr2,0.0,0.0,0.0
L3mbtl3,0.0,0.0,0.0
Ebf4,0.0,0.0,0.0
Ecel1,0.0,0.0,0.0
Ecpas,0.0,0.0,0.0
Edaradd,0.0,0.0,0.0
Edc4,0.0,0.0,0.0
Eef1aknmt,0.0,0.0,0.0
Eef2kmt,0.0,0.0,0.0
Kmt2c,0.0,0.0,0.0
Dusp8,0.0,0.0,0.0
Dync1h1,0.0,0.0,0.0
Dynlt3,0.0,0.0,0.0
Dyrk2,0.0,0.0,0.0
Dzank1,0.0,0.0,0.0
Dzip1,0.0,0.0,0.0
E130309D02Rik,0.0,0.0,0.0
Dscaml1,0.0,0.0,0.0
Dst,0.0,0.0,0.0
Duox2,0.0,0.0,0.0
Dus2,0.0,0.0,0.0
Dusp12,0.0,0.0,0.0
Dusp2,0.0,0.0,0.0
Dusp22,0.0,0.0,0.0
Dusp27,0.0,0.0,0.0
Lmtk3,0.0,0.0,0.0
Lonp1,0.0,0.0,0.0
Loxhd1,0.0,0.0,0.0
Lpl,0.0,0.0,0.0
Lrba,0.0,0.0,0.0
Lrif1,0.0,0.0,0.0
Lrig2,0.0,0.0,0.0
Dmrtc2,0.0,0.0,0.0
Lin54,0.0,0.0,0.0
Lin7c,0.0,0.0,0.0
Lix1l,0.0,0.0,0.0
Lman2l,0.0,0.0,0.0
Lmbrd1,0.0,0.0,0.0
Lmbrd2,0.0,0.0,0.0
Lmf2,0.0,0.0,0.0
Lmnb1,0.0,0.0,0.0
Ldah,0.0,0.0,0.0
Ldc1,0.0,0.0,0.0
Lemd2,0.0,0.0,0.0
Lep,0.0,0.0,0.0
Lgi2,0.0,0.0,0.0
Lifr,0.0,0.0,0.0
Lig4,0.0,0.0,0.0
Lima1,0.0,0.0,0.0
Lama3,0.0,0.0,0.0
Lama4,0.0,0.0,0.0
Lama5,0.0,0.0,0.0
Lars,0.0,0.0,0.0
Lats2,0.0,0.0,0.0
Lcn8,0.0,0.0,0.0
Lcorl,0.0,0.0,0.0
Lct,0.0,0.0,0.0
Lrmp,0.0,0.0,0.0
Lrrc15,0.0,0.0,0.0
Lrrc20,0.0,0.0,0.0
Lrrc26,0.0,0.0,0.0
Lrrc28,0.0,0.0,0.0
Lrrc71,0.0,0.0,0.0
Lrrfip2,0.0,0.0,0.0
Dock6,0.0,0.0,0.0
Dok7,0.0,0.0,0.0
Dop1b,0.0,0.0,0.0
Dpf1,1.0,1.0,0.0
Dpp8,0.0,0.0,0.0
Dppa4,0.0,0.0,0.0
Lrit2,0.0,0.0,0.0
Dnali1,0.0,0.0,0.0
Dnm1,0.0,0.0,0.0
Dnm3,0.0,0.0,0.0
Dock1,0.0,0.0,0.0
Dock10,0.0,0.0,0.0
Dock2,0.0,0.0,0.0
Dock5,0.0,0.0,0.0
Dmtf1,0.0,0.0,0.0
Dmxl2,0.0,0.0,0.0
Dnah11,0.0,0.0,0.0
Dnah2,0.0,0.0,0.0
Dnah8,0.0,0.0,0.0
Dnah9,0.0,0.0,0.0
Wdr92,0.0,0.0,0.0
Wdsub1,0.0,0.0,0.0
Wee1,0.0,0.0,0.0
Wfikkn2,0.0,0.0,0.0
Whamm,0.0,0.0,0.0
Wls,0.0,0.0,0.0
Wnt10a,0.0,0.0,0.0
Wasl,0.0,0.0,0.0
Wdfy3,0.0,0.0,0.0
Wdpcp,0.0,0.0,0.0
Wdr17,0.0,0.0,0.0
Wdr19,0.0,0.0,0.0
Wdr33,0.0,0.0,0.0
Wdr35,0.0,0.0,0.0
Wdr63,0.0,0.0,0.0
Vps53,0.0,0.0,0.0
Vsig10,0.0,0.0,0.0
Vsig10l,0.0,0.0,0.0
Vsx1,0.0,0.0,0.0
Vti1b,0.0,0.0,0.0
Vwa2,0.0,0.0,0.0
Vwa5b1,0.0,0.0,0.0
Vmn1r167,0.0,0.0,0.0
Vmn1r179,0.0,0.0,0.0
Vmn2r118,0.0,0.0,0.0
Vmn2r71,0.0,0.0,0.0
Vps13d,0.0,0.0,0.0
Vps35,0.0,0.0,0.0
Vps4b,0.0,0.0,0.0
Mat2b,0.0,0.0,0.0
Matr3,0.0,0.0,0.0
Mbd2,0.0,0.0,0.0
Mboat1,0.0,0.0,0.0
Mbtps2,0.0,0.0,0.0
Mc5r,0.0,0.0,0.0
Mcmdc2,0.0,0.0,0.0
Mcpt1,0.0,0.0,0.0
Map3k20,0.0,0.0,0.0
Map3k21,0.0,0.0,0.0
Map7d1,0.0,0.0,0.0
Mapk1ip1l,0.0,0.0,0.0
Mapk7,0.0,0.0,0.0
Marf1,0.0,0.0,0.0
Mast2,0.0,0.0,0.0
Mastl,0.0,0.0,0.0
Magoh,0.0,0.0,0.0
Mamstr,0.0,0.0,0.0
Man1c1,0.0,0.0,0.0
Manf,0.0,0.0,0.0
Map2,0.0,0.0,0.0
Map2k2,0.0,0.0,0.0
Map2k3,0.0,0.0,0.0
Map3k19,0.0,0.0,0.0
Ltbp1,0.0,0.0,0.0
Lvrn,0.0,0.0,0.0
Lyar,0.0,0.0,0.0
Lyn,0.0,0.0,0.0
Lyrm2,0.0,0.0,0.0
Lyst,0.0,0.0,0.0
Mab21l4,0.0,0.0,0.0
Dido1,0.0,0.0,0.0
Disp2,0.0,0.0,0.0
Dlgap2,0.0,0.0,0.0
Dlgap5,0.0,0.0,0.0
Dlx5,0.0,0.0,0.0
Megf8,0.0,0.0,0.0
Meis3,0.0,0.0,0.0
Dennd4a,0.0,0.0,0.0
Dera,0.0,0.0,0.0
Dgcr8,0.0,0.0,0.0
Dgkd,0.0,0.0,0.0
Dhx35,0.0,0.0,0.0
Dhx36,0.0,0.0,0.0
Diaph2,0.0,0.0,0.0
Medag,0.0,0.0,0.0
Dcps,0.0,0.0,0.0
Dctn2,0.0,0.0,0.0
Ddc,0.0,0.0,0.0
Ddrgk1,0.0,0.0,0.0
Ddx42,0.0,0.0,0.0
Ddx60,0.0,0.0,0.0
Decr2,0.0,0.0,0.0
Mcpt4,0.0,0.0,0.0
Mcrs1,0.0,0.0,0.0
Mecom,0.0,0.0,0.0
Med1,0.0,0.0,0.0
Med12l,0.0,0.0,0.0
Med13,0.0,0.0,0.0
Mri1,0.0,0.0,0.0
Mrm1,0.0,0.0,0.0
Mroh7,0.0,0.0,0.0
Mroh8,0.0,0.0,0.0
Mrpl43,0.0,0.0,0.0
Mrpl53,0.0,0.0,0.0
Mrps28,1.0,1.0,0.0
Mrps5,1.0,1.0,0.0
Mme,0.0,0.0,0.0
Mmp15,0.0,0.0,0.0
Mmrn1,0.0,0.0,0.0
Morc3,0.0,0.0,0.0
Mosmo,0.0,0.0,0.0
Mospd2,0.0,0.0,0.0
Mpped1,0.0,0.0,0.0
Mrc2,0.0,0.0,0.0
Mia2,0.0,0.0,0.0
Micall1,0.0,0.0,0.0
Micall2,0.0,0.0,0.0
Mitf,0.0,0.0,0.0
Mixl1,0.0,0.0,0.0
Mki67,0.0,0.0,0.0
Mkln1,0.0,0.0,0.0
Mlh3,0.0,0.0,0.0
Mepce,0.0,0.0,0.0
Mettl1,0.0,0.0,0.0
Mettl24,0.0,0.0,0.0
Mex3d,0.0,0.0,0.0
Mfsd2a,0.0,0.0,0.0
Mga,0.0,0.0,0.0
Mgat4d,0.0,0.0,0.0
Msh5,0.0,0.0,0.0
Msh6,0.0,0.0,0.0
Msi1,0.0,0.0,0.0
Mss51,0.0,0.0,0.0
Msx2,0.0,0.0,0.0
Mta1,0.0,0.0,0.0
Mtfmt,0.0,0.0,0.0
Mthfd1,0.0,0.0,0.0
Dbr1,0.0,0.0,0.0
Dcaf12l2,0.0,0.0,0.0
Dcaf5,0.0,0.0,0.0
Dcakd,0.0,0.0,0.0
Dcbld1,0.0,0.0,0.0
Dclre1a,0.0,0.0,0.0
Msc,0.0,0.0,0.0
Cyp2w1,0.0,0.0,0.0
Cyp7a1,0.0,0.0,0.0
Cyth4,0.0,0.0,0.0
Cytl1,0.0,0.0,0.0
D230025D16Rik,0.0,0.0,0.0
D430042O09Rik,0.0,0.0,0.0
Dact1,0.0,0.0,0.0
Dapk2,0.0,0.0,0.0
Mrps7,0.0,0.0,0.0
Mrs2,0.0,0.0,0.0
Mrvi1,0.0,0.0,0.0
Ms4a6c,0.0,0.0,0.0
Cyp26c1,0.0,0.0,0.0
Cyp2c66,0.0,0.0,0.0
Cyp2d37-ps,0.0,0.0,0.0
Cyp2g1,0.0,0.0,0.0
Myo9b,0.0,0.0,0.0
Myod1,0.0,0.0,0.0
Myof,0.0,0.0,0.0
Myom1,0.0,0.0,0.0
Myrip,0.0,0.0,0.0
Myt1l,0.0,0.0,0.0
Naa35,0.0,0.0,0.0
Napsa,0.0,0.0,0.0
Myo15,0.0,0.0,0.0
Myo15b,0.0,0.0,0.0
Myo18a,0.0,0.0,0.0
Myo1h,0.0,0.0,0.0
Myo3a,0.0,0.0,0.0
Myo3b,0.0,0.0,0.0
Myo6,0.0,0.0,0.0
Myo7b,0.0,0.0,0.0
Mycl,0.0,0.0,0.0
Myh13,0.0,0.0,0.0
Myh14,0.0,0.0,0.0
Myh3,0.0,0.0,0.0
Myh7,0.0,0.0,0.0
Myh8,0.0,0.0,0.0
Myl6,0.0,0.0,0.0
Mtmr10,0.0,0.0,0.0
Mtmr4,0.0,0.0,0.0
Mtmr6,0.0,0.0,0.0
Mtmr7,0.0,0.0,0.0
Mtus2,1.0,1.0,0.0
Muc3,0.0,0.0,0.0
Muc5b,0.0,0.0,0.0
Mup-ps4,0.0,0.0,0.0
Cwh43,0.0,0.0,0.0
Cxcl16,0.0,0.0,0.0
Cxcr5,0.0,0.0,0.0
Nbeal2,0.0,0.0,0.0
Ncam2,0.0,0.0,0.0
Ncapd3,0.0,0.0,0.0
Ncapg,0.0,0.0,0.0
Ncbp1,0.0,0.0,0.0
Ctnnd2,0.0,0.0,0.0
Ctse,0.0,0.0,0.0
Ctso,0.0,0.0,0.0
Ctsw,0.0,0.0,0.0
Cul3,0.0,0.0,0.0
Cwc15,0.0,0.0,0.0
Cwf19l2,0.0,0.0,0.0
Crybg2,0.0,0.0,0.0
Cs,0.0,0.0,0.0
Csf2ra,0.0,0.0,0.0
Csf3r,0.0,0.0,0.0
Cst10,0.0,0.0,0.0
Cstf2,0.0,0.0,0.0
Ctbp1,0.0,0.0,0.0
Ctdp1,0.0,0.0,0.0
Nars,0.0,0.0,0.0
Nat14,0.0,0.0,0.0
Nat8,0.0,0.0,0.0
Nav3,0.0,0.0,0.0
Crocc,0.0,0.0,0.0
Crot,0.0,0.0,0.0
Cryba2,0.0,0.0,0.0
Crybb1,0.0,0.0,0.0
Nkx6-1,0.0,0.0,0.0
Nlrc4,0.0,0.0,0.0
Nlrp4e,0.0,0.0,0.0
Nlrp6,0.0,0.0,0.0
Nob1,0.0,0.0,0.0
Noc4l,0.0,0.0,0.0
Nol11,0.0,0.0,0.0
Nop14,0.0,0.0,0.0
Nfrkb,0.0,0.0,0.0
Nfs1,0.0,0.0,0.0
Ngef,0.0,0.0,0.0
Nhsl1,0.0,0.0,0.0
Ninj1,0.0,0.0,0.0
Ninl,0.0,0.0,0.0
Nkd1,0.0,0.0,0.0
Nkx2-2,0.0,0.0,0.0
Nek7,0.0,0.0,0.0
Nemp2,0.0,0.0,0.0
Neurod6,0.0,0.0,0.0
Nfasc,0.0,0.0,0.0
Nfatc4,0.0,0.0,0.0
Nfib,0.0,0.0,0.0
Nfic,0.0,0.0,0.0
Nfkbie,0.0,0.0,0.0
Nckap1l,0.0,0.0,0.0
Nckap5,0.0,0.0,0.0
Ncor2,0.0,0.0,0.0
Ndufs2,0.0,0.0,0.0
Ndufs3,0.0,0.0,0.0
Neb,0.0,0.0,0.0
Nek2,0.0,0.0,0.0
Crbn,0.0,0.0,0.0
Creg2,0.0,0.0,0.0
Creld2,0.0,0.0,0.0
Crhr2,0.0,0.0,0.0
Crlf1,0.0,0.0,0.0
Nrg2,0.0,0.0,0.0
Nrk,0.0,0.0,0.0
Nrl,0.0,0.0,0.0
Cp,0.0,0.0,0.0
Cpeb4,0.0,0.0,0.0
Cplane1,1.0,1.0,0.0
Cpne1,0.0,0.0,0.0
Cracr2a,0.0,0.0,0.0
Cradd,0.0,0.0,0.0
Crb1,0.0,0.0,0.0
Crb2,0.0,0.0,0.0
Col5a3,0.0,0.0,0.0
Col6a5,0.0,0.0,0.0
Col9a2,0.0,0.0,0.0
Colec12,0.0,0.0,0.0
Colq,0.0,0.0,0.0
Comt,0.0,0.0,0.0
Coq2,0.0,0.0,0.0
Coq8b,0.0,0.0,0.0
Nos2,0.0,0.0,0.0
Nox3,0.0,0.0,0.0
Npas3,0.0,0.0,0.0
Npas4,0.0,0.0,0.0
Npr1,0.0,0.0,0.0
Nr2c2,0.0,0.0,0.0
Col4a5,0.0,0.0,0.0
Olfr135,0.0,0.0,0.0
Olfr1454,0.0,0.0,0.0
Olfr1462,0.0,0.0,0.0
Olfr1501,0.0,0.0,0.0
Olfr209,0.0,0.0,0.0
Olfr345,0.0,0.0,0.0
Olfr550,0.0,0.0,0.0
Olfr552,0.0,0.0,0.0
Ogg1,0.0,0.0,0.0
Oip5os1,0.0,0.0,0.0
Olfr1145,0.0,0.0,0.0
Olfr1195,0.0,0.0,0.0
Olfr1223,0.0,0.0,0.0
Olfr1247,0.0,0.0,0.0
Olfr1278,0.0,0.0,0.0
Olfr1324,0.0,0.0,0.0
Nxf1,0.0,0.0,0.0
Oat,0.0,0.0,0.0
Obox4-ps27,0.0,0.0,0.0
Oca2,0.0,0.0,0.0
Odaph,0.0,0.0,0.0
Odf1,0.0,0.0,0.0
Ogfod2,0.0,0.0,0.0
Ogfr,0.0,0.0,0.0
Nrp2,0.0,0.0,0.0
Nsdhl,0.0,0.0,0.0
Nt5c3b,0.0,0.0,0.0
Ntpcr,0.0,0.0,0.0
Ntsr1,0.0,0.0,0.0
Nudt12,0.0,0.0,0.0
Nufip2,0.0,0.0,0.0
Numa1,0.0,0.0,0.0
Pak7,0.0,0.0,0.0
Palm3,0.0,0.0,0.0
Parp1,0.0,0.0,0.0
Parp4,0.0,0.0,0.0
Parp8,0.0,0.0,0.0
Patj,0.0,0.0,0.0
Pax6,0.0,0.0,0.0
Otop3,0.0,0.0,0.0
Oxct1,0.0,0.0,0.0
P2ry10,0.0,0.0,0.0
P4ha3,0.0,0.0,0.0
Pabpc4,0.0,0.0,0.0
Padi3,0.0,0.0,0.0
Paf1,0.0,0.0,0.0
Olfr944,0.0,0.0,0.0
Olfr955,0.0,0.0,0.0
Onecut1,0.0,0.0,0.0
Onecut3,0.0,0.0,0.0
Osbpl2,0.0,0.0,0.0
Osmr,0.0,0.0,0.0
Otop1,0.0,0.0,0.0
Olfr561,0.0,0.0,0.0
Olfr6,0.0,0.0,0.0
Olfr701,0.0,0.0,0.0
Olfr709-ps1,0.0,0.0,0.0
Olfr73,0.0,0.0,0.0
Olfr856-ps1,0.0,0.0,0.0
Olfr907,0.0,0.0,0.0
Olfr938,0.0,0.0,0.0
Pcdh10,0.0,0.0,0.0
Pcgf6,0.0,0.0,0.0
Pcm1,0.0,0.0,0.0
Pcnx,0.0,0.0,0.0
Pcsk5,0.0,0.0,0.0
Pde3b,0.0,0.0,0.0
Pdia3,0.0,0.0,0.0
Col12a1,0.0,0.0,0.0
Col13a1,0.0,0.0,0.0
Col16a1,0.0,0.0,0.0
Col19a1,0.0,0.0,0.0
Col1a1,0.0,0.0,0.0
Col1a2,0.0,0.0,0.0
Col24a1,0.0,0.0,0.0
Col26a1,0.0,0.0,0.0
Cngb1,0.0,0.0,0.0
Cnn3,0.0,0.0,0.0
Cnnm1,0.0,0.0,0.0
Cnot1,0.0,0.0,0.0
Cntnap5b,0.0,0.0,0.0
Coa6,0.0,0.0,0.0
Cog1,0.0,0.0,0.0
Col11a1,0.0,0.0,0.0
Clstn1,0.0,0.0,0.0
Clta,0.0,0.0,0.0
Cmtm3,0.0,0.0,0.0
Cmtm8,0.0,0.0,0.0
Cmtr1,0.0,0.0,0.0
Cmya5,1.0,1.0,0.0
Cnbd2,0.0,0.0,0.0
Cnga1,0.0,0.0,0.0
Pigs,0.0,0.0,0.0
Pih1h3b,0.0,0.0,0.0
Pik3c2a,0.0,0.0,0.0
Pip5kl1,0.0,0.0,0.0
Pir,0.0,0.0,0.0
Piwil2,0.0,0.0,0.0
Pkd2,0.0,0.0,0.0
Pkd2l2,0.0,0.0,0.0
Phkb,0.0,0.0,0.0
Phrf1,0.0,0.0,0.0
Phykpl,0.0,0.0,0.0
Pi4k2b,0.0,0.0,0.0
Pi4ka,0.0,0.0,0.0
Pibf1,0.0,0.0,0.0
Pign,0.0,0.0,0.0
Pigq,0.0,0.0,0.0
Pfdn2,0.0,0.0,0.0
Pfkl,0.0,0.0,0.0
Pfn4,0.0,0.0,0.0
Pgap1,0.0,0.0,0.0
Pgpep1,0.0,0.0,0.0
Phc2,0.0,0.0,0.0
Phc3,0.0,0.0,0.0
Phip,0.0,0.0,0.0
Pdk4,0.0,0.0,0.0
Pdxp,0.0,0.0,0.0
Pdzd2,0.0,0.0,0.0
Pdzrn4,0.0,0.0,0.0
Peli3,0.0,0.0,0.0
Per3,0.0,0.0,0.0
Pex1,0.0,0.0,0.0
Clpb,0.0,0.0,0.0
Clpx,0.0,0.0,0.0
Pla2g6,0.0,0.0,0.0
Pla2r1,0.0,0.0,0.0
Plaat5,0.0,0.0,0.0
Plcb4,0.0,0.0,0.0
Plcd4,0.0,0.0,0.0
Chst9,0.0,0.0,0.0
Cilp2,0.0,0.0,0.0
Clasp2,0.0,0.0,0.0
Clcnkb,0.0,0.0,0.0
Clec16a,0.0,0.0,0.0
Clec4a1,0.0,0.0,0.0
Clec7a,0.0,0.0,0.0
Chgb,0.0,0.0,0.0
Chic1,0.0,0.0,0.0
Chic2,0.0,0.0,0.0
Chid1,0.0,0.0,0.0
Chil5,0.0,0.0,0.0
Chit1,0.0,0.0,0.0
Chodl,0.0,0.0,0.0
Chst11,0.0,0.0,0.0
Pkn3,0.0,0.0,0.0
Pla2g12a,0.0,0.0,0.0
Pla2g5,0.0,0.0,0.0
Chat,0.0,0.0,0.0
Chchd10,0.0,0.0,0.0
Chd1l,0.0,0.0,0.0
Chd4,0.0,0.0,0.0
Chd7,0.0,0.0,0.0
Ppfia4,0.0,0.0,0.0
Ppil4,0.0,0.0,0.0
Ppm1n,0.0,0.0,0.0
Ppox,0.0,0.0,0.0
Ppp1r12b,0.0,0.0,0.0
Ppp1r12c,0.0,0.0,0.0
Ppp1r2-ps9,0.0,0.0,0.0
Ppp1r26,0.0,0.0,0.0
Polr2h,0.0,0.0,0.0
Pomt2,0.0,0.0,0.0
Pop5,0.0,0.0,0.0
Popdc3,0.0,0.0,0.0
Pou2af1,0.0,0.0,0.0
Ppargc1b,0.0,0.0,0.0
Pnck,0.0,0.0,0.0
Pnpla5,0.0,0.0,0.0
Pnpla7,0.0,0.0,0.0
Podnl1,0.0,0.0,0.0
Poglut2,0.0,0.0,0.0
Pola2,0.0,0.0,0.0
Pold2,0.0,0.0,0.0
Polq,0.0,0.0,0.0
Plce1,0.0,0.0,0.0
Plekhg5,0.0,0.0,0.0
Plekhj1,0.0,0.0,0.0
Plk5,0.0,0.0,0.0
Plxna4,0.0,0.0,0.0
Plxnc1,0.0,0.0,0.0
Plxnd1,0.0,0.0,0.0
Pmm2,0.0,0.0,0.0
Cfap65,1.0,1.0,0.0
Cfap70,0.0,0.0,0.0
Chadl,0.0,0.0,0.0
Ppp2r1b,0.0,0.0,0.0
Ppp2r5a,0.0,0.0,0.0
Ppp3ca,0.0,0.0,0.0
Ppp4r1,0.0,0.0,0.0
Cep95,0.0,0.0,0.0
Ces1e,0.0,0.0,0.0
Ces1h,0.0,0.0,0.0
Ces2b,0.0,0.0,0.0
Ces4a,0.0,0.0,0.0
Cfap36,0.0,0.0,0.0
Cfap44,0.0,0.0,0.0
Cfap58,0.0,0.0,0.0
Celf3,0.0,0.0,0.0
Cenpw,0.0,0.0,0.0
Cep135,0.0,0.0,0.0
Cep290,0.0,0.0,0.0
Cep350,0.0,0.0,0.0
Cep70,0.0,0.0,0.0
Cep89,0.0,0.0,0.0
Ppp1r3f,0.0,0.0,0.0
Cdk8,0.0,0.0,0.0
Cdkal1,0.0,0.0,0.0
Cdkn2b,0.0,0.0,0.0
Cdkn2d,0.0,0.0,0.0
Cdx4,0.0,0.0,0.0
Ptgir,0.0,0.0,0.0
Ptk2,0.0,0.0,0.0
Ptpa,0.0,0.0,0.0
Ptpn13,0.0,0.0,0.0
Ptpn14,0.0,0.0,0.0
Ptpn22,0.0,0.0,0.0
Ptpn4,0.0,0.0,0.0
Ptprc,0.0,0.0,0.0
Prxl2a,0.0,0.0,0.0
Psmb7,0.0,0.0,0.0
Psmd3,0.0,0.0,0.0
Psme1,0.0,0.0,0.0
Psmg2,0.0,0.0,0.0
Pstpip2,0.0,0.0,0.0
Ptcd3,0.0,0.0,0.0
Ptger1,0.0,0.0,0.0
Prpf18,0.0,0.0,0.0
Prpf38b,0.0,0.0,0.0
Prph,0.0,0.0,0.0
Prpsap1,0.0,0.0,0.0
Prr5l,0.0,0.0,0.0
Prrt4,1.0,1.0,0.0
Prss56,0.0,0.0,0.0
Prtg,0.0,0.0,0.0
Ppp4r3b,0.0,0.0,0.0
Pramel7,0.0,0.0,0.0
Prdx1,0.0,0.0,0.0
Prex1,0.0,0.0,0.0
Prg4,0.0,0.0,0.0
Prl3b1,0.0,0.0,0.0
Prl3c1,0.0,0.0,0.0
Prmt9,0.0,0.0,0.0
Cdip1,0.0,0.0,0.0
Cdk17,0.0,0.0,0.0
Cdk20,0.0,0.0,0.0
Cdk2ap2,0.0,0.0,0.0
Cdk5,0.0,0.0,0.0
Cdk5rap1,0.0,0.0,0.0
Cdk5rap2,0.0,0.0,0.0
Qrfprl,0.0,0.0,0.0
Cdan1,0.0,0.0,0.0
Cdc25b,0.0,0.0,0.0
Cdca7,0.0,0.0,0.0
Cdh11,0.0,0.0,0.0
Cdh12,0.0,0.0,0.0
Cdh23,0.0,0.0,0.0
Cdh6,0.0,0.0,0.0
Cdhr3,0.0,0.0,0.0
Ccnl1,0.0,0.0,0.0
Ccno,0.0,0.0,0.0
Ccp110,0.0,0.0,0.0
Cd163,0.0,0.0,0.0
Cd244a,0.0,0.0,0.0
Cd24a,0.0,0.0,0.0
Cd47,0.0,0.0,0.0
Cdadc1,0.0,0.0,0.0
Ptprf,0.0,0.0,0.0
Ptprm,0.0,0.0,0.0
Ptpro,0.0,0.0,0.0
Ptprs,0.0,0.0,0.0
Ptx3,0.0,0.0,0.0
Pura,0.0,0.0,0.0
Ccnjl,0.0,0.0,0.0
Rdh18-ps,0.0,0.0,0.0
Rdh8,0.0,0.0,0.0
Reck,0.0,0.0,0.0
Recql,0.0,0.0,0.0
Recql4,0.0,0.0,0.0
Ren1,0.0,0.0,0.0
Rexo2,0.0,0.0,0.0
Rfc1,0.0,0.0,0.0
Rbbp8nl,0.0,0.0,0.0
Rbm12b2,0.0,0.0,0.0
Rbm19,0.0,0.0,0.0
Rbm34,0.0,0.0,0.0
Rbm5,0.0,0.0,0.0
Rbmxl2,0.0,0.0,0.0
Rbpjl,0.0,0.0,0.0
Rdh14,0.0,0.0,0.0
Ralgapa2,0.0,0.0,0.0
Ralgps2,0.0,0.0,0.0
Ranbp6,0.0,0.0,0.0
Rangap1,0.0,0.0,0.0
Rarb,0.0,0.0,0.0
Rarg,0.0,0.0,0.0
Rarres1,0.0,0.0,0.0
Rassf3,0.0,0.0,0.0
Qsox2,0.0,0.0,0.0
R3hcc1,0.0,0.0,0.0
Rab11fip2,0.0,0.0,0.0
Rab36,0.0,0.0,0.0
Rab7b,0.0,0.0,0.0
Racgap1,0.0,0.0,0.0
Raf1,0.0,0.0,0.0
Casc3,0.0,0.0,0.0
Caskin1,0.0,0.0,0.0
Caskin2,0.0,0.0,0.0
Catspere2,0.0,0.0,0.0
Cbfa2t2,0.0,0.0,0.0
Cblc,0.0,0.0,0.0
Cbll1,0.0,0.0,0.0
Cbx1,0.0,0.0,0.0
Rnf216,0.0,0.0,0.0
Rnf8,0.0,0.0,0.0
Robo1,0.0,0.0,0.0
Robo4,0.0,0.0,0.0
Rora,0.0,0.0,0.0
Rp1l1,0.0,0.0,0.0
Rpa1,0.0,0.0,0.0
Rpap2,0.0,0.0,0.0
Rif1,0.0,0.0,0.0
Rimbp3,0.0,0.0,0.0
Rims2,0.0,0.0,0.0
Rinl,0.0,0.0,0.0
Ripk1,0.0,0.0,0.0
Rnf146,0.0,0.0,0.0
Rnf185,0.0,0.0,0.0
Rnf207,0.0,0.0,0.0
Rfx4,0.0,0.0,0.0
Rgl1,0.0,0.0,0.0
Rgs6,0.0,0.0,0.0
Rgs7bp,0.0,0.0,0.0
Rgs9bp,0.0,0.0,0.0
Rhd,0.0,0.0,0.0
Rhox2d,0.0,0.0,0.0
Ribc1,0.0,0.0,0.0
Rps24,0.0,0.0,0.0
Rps6kb1,0.0,0.0,0.0
Rrp1b,0.0,0.0,0.0
Rrp9,0.0,0.0,0.0
Rtn1,0.0,0.0,0.0
Rtn4,0.0,0.0,0.0
Rtn4rl2,0.0,0.0,0.0
Ccdc71,0.0,0.0,0.0
Ccdc80,0.0,0.0,0.0
Ccdc88a,0.0,0.0,0.0
Ccdc93,0.0,0.0,0.0
Rpgrip1,0.0,0.0,0.0
Rpp25,0.0,0.0,0.0
Rpp38,0.0,0.0,0.0
Ccdc136,0.0,0.0,0.0
Ccdc155,0.0,0.0,0.0
Ccdc158,0.0,0.0,0.0
Ccdc166,0.0,0.0,0.0
Ccdc180,0.0,0.0,0.0
Ccdc186,0.0,0.0,0.0
Ccdc57,0.0,0.0,0.0
Cbx5,0.0,0.0,0.0
Cbx7,0.0,0.0,0.0
Cc2d1a,0.0,0.0,0.0
Cc2d2a,0.0,0.0,0.0
Ccar1,0.0,0.0,0.0
Ccbe1,0.0,0.0,0.0
Ccdc102a,0.0,0.0,0.0
Adgra2,0.0,0.0,0.0
Adgrd1,0.0,0.0,0.0
Vangl2,0.0,0.0,0.0
Vav2,0.0,0.0,0.0
Vcan,0.0,0.0,0.0
Vipr1,0.0,0.0,0.0
Adamts2,0.0,0.0,0.0
Adap1,0.0,0.0,0.0
Adarb1,0.0,0.0,0.0
Adck5,0.0,0.0,0.0
Adcy4,0.0,0.0,0.0
Adcy5,0.0,0.0,0.0
Acvr1b,0.0,0.0,0.0
Acy1,0.0,0.0,0.0
Adam28,0.0,0.0,0.0
Adam9,0.0,0.0,0.0
Adamts1,0.0,0.0,0.0
Adamts13,0.0,0.0,0.0
Adamts17,0.0,0.0,0.0
Adamts18,0.0,0.0,0.0
Usp54,0.0,0.0,0.0
Acot11,0.0,0.0,0.0
Acot7,0.0,0.0,0.0
Acox3,0.0,0.0,0.0
Actn4,0.0,0.0,0.0
Actr1a,0.0,0.0,0.0
Actrt3,0.0,0.0,0.0
Cand2,0.0,0.0,0.0
Capn1,0.0,0.0,0.0
Capn7,0.0,0.0,0.0
Capza1,0.0,0.0,0.0
Capzb,0.0,0.0,0.0
Carf,0.0,0.0,0.0
Safb2,0.0,0.0,0.0
Sars2,0.0,0.0,0.0
Cacna1b,0.0,0.0,0.0
Cacna1d,0.0,0.0,0.0
Cacna1i,0.0,0.0,0.0
Cacnb2,0.0,0.0,0.0
Calcb,0.0,0.0,0.0
Camk2a,0.0,0.0,0.0
Bub1b,0.0,0.0,0.0
C1galt1,0.0,0.0,0.0
C1qtnf12,0.0,0.0,0.0
C2cd3,0.0,0.0,0.0
C4a,0.0,0.0,0.0
C9,0.0,0.0,0.0
Caap1,0.0,0.0,0.0
Cacna1a,0.0,0.0,0.0
Rttn,0.0,0.0,0.0
Rubcn,0.0,0.0,0.0
Rufy3,0.0,0.0,0.0
Rufy4,0.0,0.0,0.0
Runx1t1,0.0,0.0,0.0
Rusc2,0.0,0.0,0.0
Rwdd4a,0.0,0.0,0.0
Ryr1,0.0,0.0,0.0
Sesn3,0.0,0.0,0.0
Setbp1,0.0,0.0,0.0
Setd1b,0.0,0.0,0.0
Setd3,0.0,0.0,0.0
Sgpl1,0.0,0.0,0.0
Sh2d4a,0.0,0.0,0.0
Sema3d,0.0,0.0,0.0
Sema3f,0.0,0.0,0.0
Sema4f,0.0,0.0,0.0
Sema6a,0.0,0.0,0.0
Senp2,0.0,0.0,0.0
Senp7,0.0,0.0,0.0
Serbp1,0.0,0.0,0.0
Serpina11,0.0,0.0,0.0
Sdcbp2,0.0,0.0,0.0
Sdk1,0.0,0.0,0.0
Sdk2,0.0,0.0,0.0
Sec11a,0.0,0.0,0.0
Sec14l5,0.0,0.0,0.0
Sec16a,0.0,0.0,0.0
Sel1l2,0.0,0.0,0.0
Sbf2,0.0,0.0,0.0
Sbno1,0.0,0.0,0.0
Scaper,0.0,0.0,0.0
Sclt1,0.0,0.0,0.0
Scn1a,0.0,0.0,0.0
Scn3a,0.0,0.0,0.0
Scrt2,0.0,0.0,0.0
Scube1,0.0,0.0,0.0
Skint5,0.0,0.0,0.0
Slain1,0.0,0.0,0.0
Slc11a1,0.0,0.0,0.0
Slc13a3,0.0,0.0,0.0
Slc14a1,0.0,0.0,0.0
Slc16a10,0.0,0.0,0.0
Slc18b1,0.0,0.0,0.0
Btbd16,0.0,0.0,0.0
Btbd7,0.0,0.0,0.0
Btbd8,0.0,0.0,0.0
Shisa4,0.0,0.0,0.0
Shprh,0.0,0.0,0.0
Sidt2,0.0,0.0,0.0
Sike1,0.0,0.0,0.0
Sil1,0.0,0.0,0.0
Brca1,0.0,0.0,0.0
Brd8dc,0.0,0.0,0.0
Brf2,0.0,0.0,0.0
Brinp1,0.0,0.0,0.0
Brpf1,0.0,0.0,0.0
Brs3,0.0,0.0,0.0
Brwd1,0.0,0.0,0.0
Bsdc1,0.0,0.0,0.0
Bfsp1,0.0,0.0,0.0
Bhmt2,0.0,0.0,0.0
Blm,0.0,0.0,0.0
Blvra,0.0,0.0,0.0
Bmi1,0.0,0.0,0.0
Bmp1,0.0,0.0,0.0
Bmper,0.0,0.0,0.0
Bod1l,0.0,0.0,0.0
Bclaf1,0.0,0.0,0.0
Slc26a11,0.0,0.0,0.0
Slc26a4,0.0,0.0,0.0
Slc28a2b,0.0,0.0,0.0
Slc29a1,0.0,0.0,0.0
Slc30a7,0.0,0.0,0.0
Slc34a1,0.0,0.0,0.0
Slc35a5,0.0,0.0,0.0
Baiap2l1,0.0,0.0,0.0
Baz1a,0.0,0.0,0.0
Baz2a,0.0,0.0,0.0
Bbof1,0.0,0.0,0.0
Bbs10,0.0,0.0,0.0
Bcas3,0.0,0.0,0.0
Atr,0.0,0.0,0.0
Atrn,0.0,0.0,0.0
Atxn3,0.0,0.0,0.0
Aup1,0.0,0.0,0.0
Avpr2,0.0,0.0,0.0
Azin2,0.0,0.0,0.0
B3gnt7,0.0,0.0,0.0
Bach1,0.0,0.0,0.0
Slc19a2,0.0,0.0,0.0
Slc1a1,0.0,0.0,0.0
Slc1a5,0.0,0.0,0.0
Slc22a19,0.0,0.0,0.0
Slc25a15,0.0,0.0,0.0
Slc25a24,0.0,0.0,0.0
Slc25a26,0.0,0.0,0.0
Slc25a3,0.0,0.0,0.0
Smpd4,0.0,0.0,0.0
Snn,0.0,0.0,0.0
Snrpb,0.0,0.0,0.0
Snta1,0.0,0.0,0.0
Snw1,0.0,0.0,0.0
Snx11,0.0,0.0,0.0
Snx2,0.0,0.0,0.0
Snx25,0.0,0.0,0.0
Slco2a1,0.0,0.0,0.0
Smad9,0.0,0.0,0.0
Smarcd2,0.0,0.0,0.0
Smc1a,0.0,0.0,0.0
Smchd1,0.0,0.0,0.0
Smg7,0.0,0.0,0.0
Smg8,0.0,0.0,0.0
Smg9,0.0,0.0,0.0
Slc4a4,0.0,0.0,0.0
Slc4a5,1.0,1.0,0.0
Slc4a9,0.0,0.0,0.0
Slc52a3,0.0,0.0,0.0
Slc6a15,0.0,0.0,0.0
Slc9a1,0.0,0.0,0.0
Slc9a3r2,0.0,0.0,0.0
Slc9c1,0.0,0.0,0.0
Slc35c2,0.0,0.0,0.0
Slc36a2,0.0,0.0,0.0
Slc39a12,0.0,0.0,0.0
Slc39a3,0.0,0.0,0.0
Slc47a1,0.0,0.0,0.0
Slc48a1,0.0,0.0,0.0
Slc4a10,0.0,0.0,0.0
Atp7a,0.0,0.0,0.0
Atp8b1,0.0,0.0,0.0
Sos2,0.0,0.0,0.0
Sowahc,0.0,0.0,0.0
Sowahd,0.0,0.0,0.0
Sox10,0.0,0.0,0.0
Sox13,0.0,0.0,0.0
Sp100,0.0,0.0,0.0
Atp10d,0.0,0.0,0.0
Atp11a,0.0,0.0,0.0
Atp11c,0.0,0.0,0.0
Atp12a,0.0,0.0,0.0
Atp1a1,0.0,0.0,0.0
Atp2b3,0.0,0.0,0.0
Atp6v0d1,0.0,0.0,0.0
Atp6v1d,0.0,0.0,0.0
Asxl2,0.0,0.0,0.0
Asz1,0.0,0.0,0.0
Atf2,0.0,0.0,0.0
Atf5,0.0,0.0,0.0
Atg12,0.0,0.0,0.0
Atg2b,0.0,0.0,0.0
Atg9b,0.0,0.0,0.0
Atl1,0.0,0.0,0.0
Snx3,0.0,0.0,0.0
Sobp,0.0,0.0,0.0
Socs7,0.0,0.0,0.0
Sod2,0.0,0.0,0.0
Soga1,0.0,0.0,0.0
Asns,0.0,0.0,0.0
Asxl1,0.0,0.0,0.0
Stac2,0.0,0.0,0.0
Stap2,0.0,0.0,0.0
Stard3,0.0,0.0,0.0
Stard4,0.0,0.0,0.0
Stard9,0.0,0.0,0.0
Stat2,0.0,0.0,0.0
Stat5a,0.0,0.0,0.0
Steap2,0.0,0.0,0.0
Sri,0.0,0.0,0.0
Srms,0.0,0.0,0.0
Srsf12,0.0,0.0,0.0
Srsf2,0.0,0.0,0.0
Sspn,0.0,0.0,0.0
Sstr5,0.0,0.0,0.0
St3gal6,0.0,0.0,0.0
Speg,0.0,0.0,0.0
Spertl,0.0,0.0,0.0
Sphk2,0.0,0.0,0.0
Spon2,0.0,0.0,0.0
Sppl3,0.0,0.0,0.0
Spred3,0.0,0.0,0.0
Sprtn,0.0,0.0,0.0
Spryd3,0.0,0.0,0.0
Sp4,0.0,0.0,0.0
Sp5,0.0,0.0,0.0
Spaca1,0.0,0.0,0.0
Spast,0.0,0.0,0.0
Spata13,0.0,0.0,0.0
Spata31d1b,0.0,0.0,0.0
Spata45,0.0,0.0,0.0
Spata6,0.0,0.0,0.0
Asb9,0.0,0.0,0.0
Stoml2,0.0,0.0,0.0
Strc,0.0,0.0,0.0
Stt3b,0.0,0.0,0.0
Stx17,0.0,0.0,0.0
Sucla2,0.0,0.0,0.0
Sumf1,0.0,0.0,0.0
Sumf2,0.0,0.0,0.0
Armc10,0.0,0.0,0.0
Armcx5,0.0,0.0,0.0
Armh1,0.0,0.0,0.0
Armh3,0.0,0.0,0.0
Arnt2,0.0,0.0,0.0
Arrdc2,0.0,0.0,0.0
Asb18,0.0,0.0,0.0
Arhgap36,0.0,0.0,0.0
Arhgef10,0.0,0.0,0.0
Arhgef10l,0.0,0.0,0.0
Arhgef25,0.0,0.0,0.0
Arhgef3,0.0,0.0,0.0
Arhgef4,0.0,0.0,0.0
Arid2,0.0,0.0,0.0
Stip1,0.0,0.0,0.0
Stk11ip,0.0,0.0,0.0
Stk25,0.0,0.0,0.0
Stk32b,0.0,0.0,0.0
Stk32c,0.0,0.0,0.0
Stk36,0.0,0.0,0.0
Stk39,0.0,0.0,0.0
Arhgap27,0.0,0.0,0.0
Tbx22,0.0,0.0,0.0
Tcp11x2,0.0,0.0,0.0
Tdrd1,0.0,0.0,0.0
Telo2,0.0,0.0,0.0
Tenm1,0.0,0.0,0.0
Tenm4,0.0,0.0,0.0
Tasor2,0.0,0.0,0.0
Tbata,0.0,0.0,0.0
Tbc1d17,0.0,0.0,0.0
Tbc1d22a,0.0,0.0,0.0
Tbc1d9,0.0,0.0,0.0
Tbck,0.0,0.0,0.0
Tbr1,0.0,0.0,0.0
Tbx2,0.0,0.0,0.0
Syp,0.0,0.0,0.0
Sypl,0.0,0.0,0.0
Syt16,0.0,0.0,0.0
Taf11,0.0,0.0,0.0
Taf4,0.0,0.0,0.0
Tapt1,0.0,0.0,0.0
Tarsl2,0.0,0.0,0.0
Tasor,0.0,0.0,0.0
Sun1,0.0,0.0,0.0
Supt3,0.0,0.0,0.0
Svil,0.0,0.0,0.0
Svs1,0.0,0.0,0.0
Swsap1,0.0,0.0,0.0
Syne2,0.0,0.0,0.0
Synj1,0.0,0.0,0.0
Synrg,0.0,0.0,0.0
Tlr13,0.0,0.0,0.0
Tlx2,0.0,0.0,0.0
Tm2d1,0.0,0.0,0.0
Ankrd33b,0.0,0.0,0.0
Ankrd35,0.0,0.0,0.0
Ankrd55,0.0,0.0,0.0
Ano7,0.0,0.0,0.0
Thap12,0.0,0.0,0.0
Thbs1,0.0,0.0,0.0
Thbs4,0.0,0.0,0.0
Thrap3,0.0,0.0,0.0
Ticam2,0.0,0.0,0.0
Tifa,0.0,0.0,0.0
Tldc2,0.0,0.0,0.0
Tln2,0.0,0.0,0.0
Tex264,0.0,0.0,0.0
Tex37,0.0,0.0,0.0
Tex46,0.0,0.0,0.0
Tfcp2l1,0.0,0.0,0.0
Tff3,0.0,0.0,0.0
Tgds,0.0,0.0,0.0
Thada,0.0,0.0,0.0
Tent4a,0.0,0.0,0.0
Tent4b,0.0,0.0,0.0
Tent5a,0.0,0.0,0.0
Terf1,0.0,0.0,0.0
Tes,0.0,0.0,0.0
Tesk1,0.0,0.0,0.0
Tet3,0.0,0.0,0.0
Tex15,0.0,0.0,0.0
Tmem151a,0.0,0.0,0.0
Tmem151b,1.0,1.0,0.0
Tmem19,0.0,0.0,0.0
Tmem198,0.0,0.0,0.0
Tmem204,0.0,0.0,0.0
Tmem213,0.0,0.0,0.0
Tmem223,0.0,0.0,0.0
Arc,0.0,0.0,0.0
Arf6,0.0,0.0,0.0
Arfgef3,0.0,0.0,0.0
Arglu1,0.0,0.0,0.0
Arhgap10,0.0,0.0,0.0
Tmed5,0.0,0.0,0.0
Tmem132a,0.0,0.0,0.0
Aplp2,0.0,0.0,0.0
Apoa1,0.0,0.0,0.0
Apobec2,0.0,0.0,0.0
Apoc1,0.0,0.0,0.0
App,0.0,0.0,0.0
Appl1,0.0,0.0,0.0
Appl2,0.0,0.0,0.0
Arap1,0.0,0.0,0.0
Aox4,0.0,0.0,0.0
Ap3b1,0.0,0.0,0.0
Ap4s1,0.0,0.0,0.0
Ap5m1,0.0,0.0,0.0
Apex1,0.0,0.0,0.0
Api5,0.0,0.0,0.0
Trappc11,0.0,0.0,0.0
Trappc12,0.0,0.0,0.0
Trappc6a,0.0,0.0,0.0
Trav19,0.0,0.0,0.0
Trav6n-5,0.0,0.0,0.0
Trbv23,0.0,0.0,0.0
Trdmt1,0.0,0.0,0.0
Tor1aip2,0.0,0.0,0.0
Tpp2,0.0,0.0,0.0
Trac,0.0,0.0,0.0
Traf5,0.0,0.0,0.0
Traf7,0.0,0.0,0.0
Tram1,0.0,0.0,0.0
Trank1,0.0,0.0,0.0
Trap1,0.0,0.0,0.0
Tnfrsf19,0.0,0.0,0.0
Tnfrsf23,0.0,0.0,0.0
Tnks1bp1,0.0,0.0,0.0
Tns1,0.0,0.0,0.0
Tns2,0.0,0.0,0.0
Tob1,0.0,0.0,0.0
Tor1a,0.0,0.0,0.0
Tmem234,0.0,0.0,0.0
Tmem238,0.0,0.0,0.0
Tmem38b,0.0,0.0,0.0
Tmppe,0.0,0.0,0.0
Tmprss11a,0.0,0.0,0.0
Tmprss3,0.0,0.0,0.0
Tnf,0.0,0.0,0.0
Tnfaip2,0.0,0.0,0.0
Trim8,0.0,0.0,0.0
Trio,0.0,0.0,0.0
Trpc2,0.0,0.0,0.0
Trpt1,0.0,0.0,0.0
Trpv1,0.0,0.0,0.0
Tsc22d2,0.0,0.0,0.0
Ankhd1,0.0,0.0,0.0
Ankrd10,0.0,0.0,0.0
Ankrd13b,0.0,0.0,0.0
Ankrd16,0.0,0.0,0.0
Ankrd17,0.0,0.0,0.0
Trim25,0.0,0.0,0.0
Trim27,0.0,0.0,0.0
Trim30a,0.0,0.0,0.0
Ampd3,0.0,0.0,0.0
Anapc10,0.0,0.0,0.0
Anapc7,0.0,0.0,0.0
Ang6,0.0,0.0,0.0
Ankfn1,0.0,0.0,0.0
Ankfy1,0.0,0.0,0.0
Alg10b,0.0,0.0,0.0
Alk,0.0,0.0,0.0
Alkbh7,0.0,0.0,0.0
Alpk1,0.0,0.0,0.0
Alx4,0.0,0.0,0.0
Alyref,0.0,0.0,0.0
Ammecr1,0.0,0.0,0.0
Unk,0.0,0.0,0.0
Upf3b,0.0,0.0,0.0
Ush1c,0.0,0.0,0.0
Usp34,0.0,0.0,0.0
Usp39,0.0,0.0,0.0
Usp4,0.0,0.0,0.0
Usp45,0.0,0.0,0.0
Ubp1,0.0,0.0,0.0
Ubr1,0.0,0.0,0.0
Uggt1,0.0,0.0,0.0
Uggt2,0.0,0.0,0.0
Uhmk1,0.0,0.0,0.0
Uhrf1bp1,0.0,0.0,0.0
Unc13a,0.0,0.0,0.0
Txnl4b,0.0,0.0,0.0
Uaca,0.0,0.0,0.0
Uba6,0.0,0.0,0.0
Ubac1,0.0,0.0,0.0
Ube2cbp,0.0,0.0,0.0
Ube2q1,0.0,0.0,0.0
Ttc7,0.0,0.0,0.0
Ttc9b,0.0,0.0,0.0
Ttf2,0.0,0.0,0.0
Tubg2,0.0,0.0,0.0
Tubgcp3,0.0,0.0,0.0
Twnk,0.0,0.0,0.0
Txlng,0.0,0.0,0.0
Akna,0.0,0.0,0.0
Akp3,0.0,0.0,0.0
Akr1b7,0.0,0.0,0.0
Akt2,0.0,0.0,0.0
Alad,0.0,0.0,0.0
Alas1,0.0,0.0,0.0
Ttc6,0.0,0.0,0.0
Adssl1,0.0,0.0,0.0
Aebp1,0.0,0.0,0.0
Afap1l2,0.0,0.0,0.0
Agbl3,0.0,0.0,0.0
Ahcyl1,0.0,0.0,0.0
Aifm3,0.0,0.0,0.0
Akap13,0.0,0.0,0.0
Akap9,0.0,0.0,0.0
Ttc37,0.0,0.0,0.0
Adgrf5,0.0,0.0,0.0
Adgrg6,0.0,0.0,0.0
Adgrl1,0.0,0.0,0.0
Adgrl3,0.0,0.0,0.0
Adig,0.0,0.0,0.0
Adnp,0.0,0.0,0.0
Adora2b,0.0,0.0,0.0
Tshz2,0.0,0.0,0.0
Tspan4,0.0,0.0,0.0
Ttc21b,0.0,0.0,0.0
Ttc26,0.0,0.0,0.0
Ttc28,0.0,0.0,0.0
Ttc29,0.0,0.0,0.0
Ttc33,0.0,0.0,0.0
Zpld1,0.0,0.0,0.0
1110032F04Rik,0.0,0.0,0.0
Zswim2,0.0,0.0,0.0
Zswim5,0.0,0.0,0.0
Zswim8,0.0,0.0,0.0
Zyg11a,0.0,0.0,0.0
mt-Cytb,0.0,0.0,0.0
2810004N23Rik,0.0,0.0,0.0
Zfp395,0.0,0.0,0.0
Zfp462,0.0,0.0,0.0
2610005L07Rik,0.0,0.0,0.0
1700113H08Rik,0.0,0.0,0.0
1700086L19Rik,0.0,0.0,0.0
Znrf3,0.0,0.0,0.0
Zp2,0.0,0.0,0.0
1700013H16Rik,0.0,0.0,0.0
Zdhhc11,0.0,0.0,0.0
Zdhhc15,0.0,0.0,0.0
Zdhhc2,0.0,0.0,0.0
Zeb2,0.0,0.0,0.0
Zfp143,0.0,0.0,0.0
Zfp148,0.0,0.0,0.0
Zfp26,0.0,0.0,0.0
Zfp362,0.0,0.0,0.0
Ythdc2,0.0,0.0,0.0
Zbtb10,0.0,0.0,0.0
Zbtb17,0.0,0.0,0.0
Zbtb45,0.0,0.0,0.0
Zc3h4,0.0,0.0,0.0
Zc3h7a,0.0,0.0,0.0
Zc3hav1,0.0,0.0,0.0
Zcchc2,0.0,0.0,0.0
Zfp516,0.0,0.0,0.0
Zfp518a,0.0,0.0,0.0
Zfp574,0.0,0.0,0.0
Zfp646,0.0,0.0,0.0
Zfp697,0.0,0.0,0.0
Zfp703,0.0,0.0,0.0
Zfp704,0.0,0.0,0.0
Zfp710,0.0,0.0,0.0
4933427E13Rik,0.0,0.0,0.0
5730480H06Rik,0.0,0.0,0.0
6030458C11Rik,0.0,0.0,0.0
6430628N08Rik,0.0,0.0,0.0
6820408C15Rik,0.0,0.0,0.0
9330182L06Rik,0.0,0.0,0.0
9930104L06Rik,0.0,0.0,0.0
A26c3,0.0,0.0,0.0
4930481A15Rik,0.0,0.0,0.0
4930517E14Rik,0.0,0.0,0.0
4930524B15Rik,0.0,0.0,0.0
4930562C15Rik,0.0,0.0,0.0
4931422A03Rik,0.0,0.0,0.0
4932438A13Rik,0.0,0.0,0.0
4933402J07Rik,0.0,0.0,0.0
4933409G03Rik,0.0,0.0,0.0
2900026A02Rik,0.0,0.0,0.0
3830408C21Rik,0.0,0.0,0.0
4921507P07Rik,0.0,0.0,0.0
4930402H24Rik,0.0,0.0,0.0
4930404N11Rik,0.0,0.0,0.0
4930432E11Rik,0.0,0.0,0.0
4930444P10Rik,0.0,0.0,0.0
4930451I11Rik,0.0,0.0,0.0
Ablim2,1.0,0.0,-1.0
Tsku,1.0,0.0,-1.0
Grwd1,1.0,0.0,-1.0
Gucy1a2,1.0,0.0,-1.0
Hagh,1.0,0.0,-1.0
Exoc7,1.0,0.0,-1.0
Ext2,1.0,0.0,-1.0
Fam160b2,1.0,0.0,-1.0
Fam189a1,1.0,0.0,-1.0
Gm49380,1.0,0.0,-1.0
Trub1,1.0,0.0,-1.0
Tsen2,1.0,0.0,-1.0
Tonsl,1.0,0.0,-1.0
Trcg1,1.0,0.0,-1.0
Anxa4,1.0,0.0,-1.0
Ap3b2,1.0,0.0,-1.0
Tmem121b,1.0,0.0,-1.0
Tmem221,1.0,0.0,-1.0
Tfam,1.0,0.0,-1.0
Tmcc2,1.0,0.0,-1.0
Tbx21,1.0,0.0,-1.0
Tent2,1.0,0.0,-1.0
Arhgap42,1.0,0.0,-1.0
Arl2,1.0,0.0,-1.0
Sptbn5,1.0,0.0,-1.0
Snx8,1.0,0.0,-1.0
Slc45a4,1.0,0.0,-1.0
Bag5,1.0,0.0,-1.0
Bahcc1,1.0,0.0,-1.0
Ski,1.0,0.0,-1.0
Sec24a,1.0,0.0,-1.0
Serpinf1,1.0,0.0,-1.0
Sh2d6,1.0,0.0,-1.0
Cacna1h,1.0,0.0,-1.0
Camsap3,1.0,0.0,-1.0
Utrn,1.0,0.0,-1.0
Adamts19,1.0,0.0,-1.0
Adarb2,1.0,0.0,-1.0
Add2,1.0,0.0,-1.0
Virma,1.0,0.0,-1.0
Cbx2,1.0,0.0,-1.0
Ccdc142,1.0,0.0,-1.0
Rpp21,1.0,0.0,-1.0
Rptor,1.0,0.0,-1.0
Qrich2,1.0,0.0,-1.0
Ccn2,1.0,0.0,-1.0
Cdkn1a,1.0,0.0,-1.0
Cdkn1c,1.0,0.0,-1.0
Cenpe,1.0,0.0,-1.0
Cfap74,1.0,0.0,-1.0
Pon3,1.0,0.0,-1.0
Ppef2,1.0,0.0,-1.0
Ckap2l,1.0,0.0,-1.0
Plcd3,1.0,0.0,-1.0
Pex5,1.0,0.0,-1.0
Pced1a,1.0,0.0,-1.0
Oprd1,1.0,0.0,-1.0
Oxct2a,1.0,0.0,-1.0
Pax5,1.0,0.0,-1.0
Nploc4,1.0,0.0,-1.0
Nck2,1.0,0.0,-1.0
Ctsh,1.0,0.0,-1.0
Mycn,1.0,0.0,-1.0
Dcaf17,1.0,0.0,-1.0
Mfap2,1.0,0.0,-1.0
Mdn1,1.0,0.0,-1.0
Med16,1.0,0.0,-1.0
Dhrs11,1.0,0.0,-1.0
Megf6,1.0,0.0,-1.0
Lzts3,1.0,0.0,-1.0
Vps26c,1.0,0.0,-1.0
Vsig8,1.0,0.0,-1.0
Wnt1,1.0,0.0,-1.0
Dnaaf5,1.0,0.0,-1.0
Dnah17,1.0,0.0,-1.0
Dnph1,1.0,0.0,-1.0
Dohh,1.0,0.0,-1.0
Lrrc4b,1.0,0.0,-1.0
Dysf,1.0,0.0,-1.0
Lama2,1.0,0.0,-1.0
Kl,1.0,0.0,-1.0
Iqsec3,1.0,0.0,-1.0
Islr2,1.0,0.0,-1.0
Itgad,1.0,0.0,-1.0
Jph2,1.0,0.0,-1.0
Efna5,1.0,0.0,-1.0
Insrr,1.0,0.0,-1.0
Hnrnpul1,1.0,0.0,-1.0
Incenp,1.0,0.0,-1.0
Hephl1,1.0,0.0,-1.0
Gm6471,1.0,0.0,-1.0
Gch1,1.0,0.0,-1.0
Gdf6,1.0,0.0,-1.0
Fyco1,1.0,0.0,-1.0
Zmiz1,1.0,0.0,-1.0
Xpr1,1.0,0.0,-1.0
Abcg5,1.0,0.0,-1.0
Aldh18a1,1.0,0.0,-1.0
Tusc2,1.0,0.0,-1.0
Ubap1l,1.0,0.0,-1.0
Ubash3b,1.0,0.0,-1.0
Ubxn6,1.0,0.0,-1.0
Urb1,1.0,0.0,-1.0
Als2cl,1.0,0.0,-1.0
Ank1,1.0,0.0,-1.0
Ank2,1.0,0.0,-1.0
