allele,seq_num,start,end,length,peptide,core,icore,ic50,rank
HLA-A*02:01,1,1,9,9,KLSTPEYTV,KLSTPEYTV,KLSTPEYTV,29.37,0.27
HLA-A*02:01,3,1,9,9,KLSTPEYTV,KLSTPEYTV,KLSTPEYTV,29.37,0.27
HLA-A*02:01,1,1,11,11,KLSTPEYTVEL,KLSEYTVEL,KLSTPEYTVEL,59.41,0.48
HLA-A*02:01,3,1,11,11,KLSTPEYTVEL,KLSEYTVEL,KLSTPEYTVEL,59.41,0.48
HLA-A*02:01,13,19,28,10,FLAEKAKESI,FLAEKAESI,FLAEKAKESI,67.29,0.54
HLA-A*02:01,9,17,26,10,FLCVCVPMRT,FLVCVPMRT,FLCVCVPMRT,406.77,2.0
HLA-A*02:01,17,4,13,10,FSSKAKVIYV,FSSAKVIYV,FSSKAKVIYV,431.63,2.1
HLA-A*02:01,20,4,13,10,FSSKAKVIYV,FSSAKVIYV,FSSKAKVIYV,431.63,2.1
HLA-A*02:01,17,23,31,9,SLYYYSKIA,SLYYYSKIA,SLYYYSKIA,523.08,2.3
HLA-A*02:01,9,17,24,8,FLCVCVPM,FLC-VCVPM,FLCVCVPM,630.34,2.6
HLA-A*02:01,1,3,11,9,STPEYTVEL,STPEYTVEL,STPEYTVEL,772.62,2.8
HLA-A*02:01,3,3,11,9,STPEYTVEL,STPEYTVEL,STPEYTVEL,772.62,2.8
HLA-A*02:01,13,19,27,9,FLAEKAKES,FLAEKAKES,FLAEKAKES,923.7,3.1
HLA-A*02:01,17,1,13,13,KAFFSSKAKVIYV,KAFAKVIYV,KAFFSSKAKVIYV,1068.33,3.4
HLA-A*02:01,20,1,13,13,KAFFSSKAKVIYV,KAFAKVIYV,KAFFSSKAKVIYV,1068.33,3.4
HLA-A*02:01,1,1,10,10,KLSTPEYTVE,KLSTPEYTV,KLSTPEYTV,1468.01,4.0
HLA-A*02:01,3,1,10,10,KLSTPEYTVE,KLSTPEYTV,KLSTPEYTV,1468.01,4.0
HLA-A*02:01,3,7,18,12,YTVELKGASLSL,YLKGASLSL,YTVELKGASLSL,1512.24,4.0
HLA-A*02:01,1,1,12,12,KLSTPEYTVELK,KLSEYTVEL,KLSTPEYTVEL,1533.66,4.0
HLA-A*02:01,3,1,12,12,KLSTPEYTVELK,KLSEYTVEL,KLSTPEYTVEL,1533.66,4.0
HLA-A*02:01,9,17,30,14,FLCVCVPMRTRSTA,FLCVCVPTA,FLCVCVPMRTRSTA,2387.43,5.1
HLA-A*02:01,3,17,26,10,SLGPPKTNPA,SLGPPTNPA,SLGPPKTNPA,2405.31,5.2
HLA-A*02:01,1,7,16,10,YTVELKGASL,YTVELGASL,YTVELKGASL,2445.36,5.2
HLA-A*02:01,3,7,16,10,YTVELKGASL,YTVELGASL,YTVELKGASL,2445.36,5.2
HLA-A*02:01,17,23,32,10,SLYYYSKIAG,SLYYYSIAG,SLYYYSKIAG,2566.31,5.3
HLA-A*02:01,13,18,28,11,RFLAEKAKESI,FLAEKAESI,FLAEKAKESI,2984.94,5.8
HLA-A*02:01,17,12,24,13,YVGRNPRDVVVSL,YVGDVVVSL,YVGRNPRDVVVSL,3238.38,6.2
HLA-A*02:01,17,23,34,12,SLYYYSKIAGQL,SLYYYSKQL,SLYYYSKIAGQL,3386.78,6.3
HLA-A*02:01,5,12,20,9,NVEGSFLCV,NVEGSFLCV,NVEGSFLCV,3435.57,6.4
HLA-A*02:01,9,12,20,9,NVEGSFLCV,NVEGSFLCV,NVEGSFLCV,3435.57,6.4
HLA-A*02:01,13,19,31,13,FLAEKAKESIRNT,FLAESIRNT,FLAEKAKESIRNT,3677.68,6.6
HLA-A*02:01,13,19,29,11,FLAEKAKESIR,FLAEKAESI,FLAEKAKESI,3987.35,6.9
HLA-A*02:01,3,15,26,12,SLSLGPPKTNPA,SLSLGPPKA,SLSLGPPKTNPA,4112.27,7.1
HLA-A*02:01,3,9,18,10,VELKGASLSL,VLKGASLSL,VELKGASLSL,4176.98,7.1
HLA-A*02:01,17,22,31,10,VSLYYYSKIA,VLYYYSKIA,VSLYYYSKIA,4299.26,7.3
HLA-A*02:01,17,2,13,12,AFFSSKAKVIYV,AFFSKVIYV,AFFSSKAKVIYV,4323.28,7.3
HLA-A*02:01,20,2,13,12,AFFSSKAKVIYV,AFFSKVIYV,AFFSSKAKVIYV,4323.28,7.3
HLA-A*02:01,17,21,30,10,VVSLYYYSKI,VVSLYYYSI,VVSLYYYSKI,4850.56,7.8
HLA-A*02:01,9,15,24,10,GSFLCVCVPM,GSFLCVVPM,GSFLCVCVPM,4893.52,7.9
HLA-A*02:01,17,3,13,11,FFSSKAKVIYV,FFSSKVIYV,FFSSKAKVIYV,4914.91,7.9
HLA-A*02:01,20,3,13,11,FFSSKAKVIYV,FFSSKVIYV,FFSSKAKVIYV,4914.91,7.9
HLA-A*02:01,17,23,30,8,SLYYYSKI,SLY-YYSKI,SLYYYSKI,4995.76,8.0
HLA-A*02:01,3,15,23,9,SLSLGPPKT,SLSLGPPKT,SLSLGPPKT,5155.67,8.2
HLA-A*02:01,5,17,29,13,FLCVCADENQEYS,FLDENQEYS,FLCVCADENQEYS,5350.19,8.3
HLA-A*02:01,5,3,13,11,GVCGEAFCENV,GVCGEAFNV,GVCGEAFCENV,5521.69,8.5
HLA-A*02:01,9,3,13,11,GVCGEAFCENV,GVCGEAFNV,GVCGEAFCENV,5521.69,8.5
HLA-A*02:01,13,11,20,10,SIELEIRRFL,SILEIRRFL,SIELEIRRFL,5588.58,8.6
HLA-A*02:01,1,7,19,13,YTVELKGASLSWA,YTVESLSWA,YTVELKGASLSWA,5790.04,8.8
HLA-A*02:01,9,16,24,9,SFLCVCVPM,SFLCVCVPM,SFLCVCVPM,5868.05,8.8
HLA-A*02:01,17,1,10,10,KAFFSSKAKV,KAFFSSAKV,KAFFSSKAKV,5906.66,8.9
HLA-A*02:01,20,1,10,10,KAFFSSKAKV,KAFFSSAKV,KAFFSSKAKV,5906.66,8.9
HLA-A*02:01,17,5,13,9,SSKAKVIYV,SSKAKVIYV,SSKAKVIYV,6441.26,9.4
HLA-A*02:01,20,5,13,9,SSKAKVIYV,SSKAKVIYV,SSKAKVIYV,6441.26,9.4
HLA-A*02:01,17,10,22,13,VIYVGRNPRDVVV,VIYPRDVVV,VIYVGRNPRDVVV,6504.08,9.5
HLA-A*02:01,5,9,20,12,FCENVEGSFLCV,FVEGSFLCV,FCENVEGSFLCV,6515.42,9.5
HLA-A*02:01,9,9,20,12,FCENVEGSFLCV,FVEGSFLCV,FCENVEGSFLCV,6515.42,9.5
HLA-A*02:01,17,20,28,9,VVVSLYYYS,VVVSLYYYS,VVVSLYYYS,6669.41,9.7
HLA-A*02:01,1,1,13,13,KLSTPEYTVELKG,KLSEYTVEL,KLSTPEYTVEL,6850.2,9.8
HLA-A*02:01,3,1,13,13,KLSTPEYTVELKG,KLSEYTVEL,KLSTPEYTVEL,6850.2,9.8
HLA-A*02:01,1,2,11,10,LSTPEYTVEL,LTPEYTVEL,LSTPEYTVEL,7120.44,10
HLA-A*02:01,3,2,11,10,LSTPEYTVEL,LTPEYTVEL,LSTPEYTVEL,7120.44,10
HLA-A*02:01,9,17,29,13,FLCVCVPMRTRST,FLCVCVPST,FLCVCVPMRTRST,7590.8,12
HLA-A*02:01,13,5,14,10,AVDSDDSIEL,AVDDDSIEL,AVDSDDSIEL,7596.55,12
HLA-A*02:01,15,5,14,10,AVDSDDSIEL,AVDDDSIEL,AVDSDDSIEL,7596.55,12
HLA-A*02:01,13,17,28,12,RRFLAEKAKESI,FLAEKAESI,FLAEKAKESI,7721.34,12
HLA-A*02:01,9,17,25,9,FLCVCVPMR,FLCVCVPMR,FLCVCVPMR,7753.15,12
HLA-A*02:01,17,10,21,12,VIYVGRNPRDVV,VIYNPRDVV,VIYVGRNPRDVV,7935.28,12
HLA-A*02:01,17,20,31,12,VVVSLYYYSKIA,VLYYYSKIA,VVVSLYYYSKIA,8161.06,12
HLA-A*02:01,17,20,30,11,VVVSLYYYSKI,VVVSLYYYI,VVVSLYYYSKI,8258.96,12
HLA-A*02:01,17,10,20,11,VIYVGRNPRDV,VIYVGRNPV,VIYVGRNPRDV,8439.9,13
HLA-A*02:01,17,9,22,14,KVIYVGRNPRDVVV,KVIPRDVVV,KVIYVGRNPRDVVV,9194.53,13
HLA-A*02:01,9,12,22,11,NVEGSFLCVCV,NVEGSFVCV,NVEGSFLCVCV,9331.43,13
HLA-A*02:01,3,10,18,9,ELKGASLSL,ELKGASLSL,ELKGASLSL,9469.04,14
HLA-A*02:01,1,2,9,8,LSTPEYTV,-LSTPEYTV,LSTPEYTV,9956.13,14
HLA-A*02:01,3,2,9,8,LSTPEYTV,-LSTPEYTV,LSTPEYTV,9956.13,14
HLA-A*02:01,17,22,30,9,VSLYYYSKI,VSLYYYSKI,VSLYYYSKI,10019.24,14
HLA-A*02:01,13,12,21,10,IELEIRRFLA,ILEIRRFLA,IELEIRRFLA,10471.21,15
HLA-A*02:01,17,21,31,11,VVSLYYYSKIA,VLYYYSKIA,VVSLYYYSKIA,10559.96,15
HLA-A*02:01,1,10,19,10,ELKGASLSWA,ELKGASLSA,ELKGASLSWA,10779.18,15
HLA-A*02:01,13,19,30,12,FLAEKAKESIRN,FLAEKAESI,FLAEKAKESI,10902.8,15
HLA-A*02:01,9,13,22,10,VEGSFLCVCV,VEGSFLVCV,VEGSFLCVCV,11162.3,15
HLA-A*02:01,15,18,27,10,RFFGREGQGV,RFFGEGQGV,RFFGREGQGV,11310.13,15
HLA-A*02:01,17,25,34,10,YYYSKIAGQL,YYYSKIAQL,YYYSKIAGQL,11377.27,15
HLA-A*02:01,17,9,21,13,KVIYVGRNPRDVV,KVINPRDVV,KVIYVGRNPRDVV,11433.54,15
HLA-A*02:01,9,17,28,12,FLCVCVPMRTRS,FLVPMRTRS,FLCVCVPMRTRS,11677.46,16
HLA-A*02:01,1,1,14,14,KLSTPEYTVELKGA,KLSTPEYTA,KLSTPEYTVELKGA,11790.33,16
HLA-A*02:01,3,1,14,14,KLSTPEYTVELKGA,KLSTPEYTA,KLSTPEYTVELKGA,11790.33,16
HLA-A*02:01,17,2,10,9,AFFSSKAKV,AFFSSKAKV,AFFSSKAKV,11904.67,16
HLA-A*02:01,20,2,10,9,AFFSSKAKV,AFFSSKAKV,AFFSSKAKV,11904.67,16
HLA-A*02:01,3,8,18,11,TVELKGASLSL,TLKGASLSL,TVELKGASLSL,12049.16,16
HLA-A*02:01,3,6,18,13,EYTVELKGASLSL,ELKGASLSL,EYTVELKGASLSL,12302.62,16
HLA-A*02:01,17,12,22,11,YVGRNPRDVVV,YVNPRDVVV,YVGRNPRDVVV,12334.21,16
HLA-A*02:01,3,7,19,13,YTVELKGASLSLG,YLKGASLSL,YTVELKGASLSL,12530.05,17
HLA-A*02:01,9,16,26,11,SFLCVCVPMRT,FLVCVPMRT,FLCVCVPMRT,13242.48,17
HLA-A*02:01,9,15,22,8,GSFLCVCV,GSF-LCVCV,GSFLCVCV,13673.61,18
HLA-A*02:01,9,17,27,11,FLCVCVPMRTR,FLCVPMRTR,FLCVCVPMRTR,13969.39,18
HLA-A*02:01,13,11,21,11,SIELEIRRFLA,SIELEIFLA,SIELEIRRFLA,14287.49,18
HLA-A*02:01,15,19,27,9,FFGREGQGV,FFGREGQGV,FFGREGQGV,14317.36,18
HLA-A*02:01,5,17,28,12,FLCVCADENQEY,FLADENQEY,FLCVCADENQEY,14423.25,18
HLA-A*02:01,17,12,21,10,YVGRNPRDVV,YVGNPRDVV,YVGRNPRDVV,14548.95,19
HLA-A*02:01,9,14,22,9,EGSFLCVCV,EGSFLCVCV,EGSFLCVCV,14580.78,19
HLA-A*02:01,5,4,13,10,VCGEAFCENV,VCGEAFENV,VCGEAFCENV,14668.13,19
HLA-A*02:01,9,4,13,10,VCGEAFCENV,VCGEAFENV,VCGEAFCENV,14668.13,19
HLA-A*02:01,13,16,28,13,IRRFLAEKAKESI,FLAEKAESI,FLAEKAKESI,14727.61,19
HLA-A*02:01,17,4,14,11,FSSKAKVIYVG,FSSAKVIYV,FSSKAKVIYV,14781.72,19
HLA-A*02:01,20,4,14,11,FSSKAKVIYVG,FSSAKVIYV,FSSKAKVIYV,14781.72,19
HLA-A*02:01,5,8,20,13,AFCENVEGSFLCV,AVEGSFLCV,AFCENVEGSFLCV,14990.62,19
HLA-A*02:01,9,8,20,13,AFCENVEGSFLCV,AVEGSFLCV,AFCENVEGSFLCV,14990.62,19
HLA-A*02:01,17,12,20,9,YVGRNPRDV,YVGRNPRDV,YVGRNPRDV,15015.95,19
HLA-A*02:01,3,16,26,11,LSLGPPKTNPA,LSLGPPNPA,LSLGPPKTNPA,15386.82,19
HLA-A*02:01,5,17,25,9,FLCVCADEN,FLCVCADEN,FLCVCADEN,15667.03,20
HLA-A*02:01,5,11,20,10,ENVEGSFLCV,EVEGSFLCV,ENVEGSFLCV,15668.39,20
HLA-A*02:01,9,11,20,10,ENVEGSFLCV,EVEGSFLCV,ENVEGSFLCV,15668.39,20
HLA-A*02:01,3,14,26,13,ASLSLGPPKTNPA,ASPPKTNPA,ASLSLGPPKTNPA,15792.29,20
HLA-A*02:01,17,22,34,13,VSLYYYSKIAGQL,SLYYYSKQL,SLYYYSKIAGQL,15836.26,20
HLA-A*02:01,9,21,30,10,CVPMRTRSTA,CVPMRTSTA,CVPMRTRSTA,15883.46,20
HLA-A*02:01,3,14,23,10,ASLSLGPPKT,ALSLGPPKT,ASLSLGPPKT,16270.47,20
HLA-A*02:01,17,23,33,11,SLYYYSKIAGQ,SLYSKIAGQ,SLYYYSKIAGQ,16396.65,21
HLA-A*02:01,5,17,26,10,FLCVCADENQ,FLCVADENQ,FLCVCADENQ,16419.38,21
HLA-A*02:01,17,1,14,14,KAFFSSKAKVIYVG,KAFAKVIYV,KAFFSSKAKVIYV,16535.44,21
HLA-A*02:01,20,1,14,14,KAFFSSKAKVIYVG,KAFAKVIYV,KAFFSSKAKVIYV,16535.44,21
HLA-A*02:01,5,9,18,10,FCENVEGSFL,FCENVESFL,FCENVEGSFL,16554.95,21
HLA-A*02:01,9,9,18,10,FCENVEGSFL,FCENVESFL,FCENVEGSFL,16554.95,21
HLA-A*02:01,17,9,20,12,KVIYVGRNPRDV,KVIYVGRNV,KVIYVGRNPRDV,16751.71,21
HLA-A*02:01,5,12,21,10,NVEGSFLCVC,NVEGSFLVC,NVEGSFLCVC,16860.45,21
HLA-A*02:01,9,12,21,10,NVEGSFLCVC,NVEGSFLVC,NVEGSFLCVC,16860.45,21
HLA-A*02:01,17,18,31,14,RDVVVSLYYYSKIA,RLYYYSKIA,RDVVVSLYYYSKIA,16955.95,21
HLA-A*02:01,20,10,18,9,VIYVGRNPP,VIYVGRNPP,VIYVGRNPP,16988.45,21
HLA-A*02:01,5,2,13,12,SGVCGEAFCENV,SGVCGEAFV,SGVCGEAFCENV,17212.88,21
HLA-A*02:01,9,2,13,12,SGVCGEAFCENV,SGVCGEAFV,SGVCGEAFCENV,17212.88,21
HLA-A*02:01,1,6,16,11,EYTVELKGASL,YTVEKGASL,YTVELKGASL,17279.13,22
HLA-A*02:01,3,6,16,11,EYTVELKGASL,YTVEKGASL,YTVELKGASL,17279.13,22
HLA-A*02:01,20,12,20,9,YVGRNPPRC,YVGRNPPRC,YVGRNPPRC,17291.66,22
HLA-A*02:01,20,12,25,14,YVGRNPPRCRGLPL,YVGRNPPRL,YVGRNPPRCRGLPL,17429.52,22
HLA-A*02:01,13,5,16,12,AVDSDDSIELEI,AVDSIELEI,AVDSDDSIELEI,17499.44,22
HLA-A*02:01,15,5,16,12,AVDSDDSIELEI,AVDSIELEI,AVDSDDSIELEI,17499.44,22
HLA-A*02:01,1,7,17,11,YTVELKGASLS,YTVEKGASL,YTVELKGASL,17709.73,22
HLA-A*02:01,3,7,17,11,YTVELKGASLS,YTVEKGASL,YTVELKGASL,17709.73,22
HLA-A*02:01,1,3,14,12,STPEYTVELKGA,STPEYTVEA,STPEYTVELKGA,17800.4,22
HLA-A*02:01,3,3,14,12,STPEYTVELKGA,STPEYTVEA,STPEYTVELKGA,17800.4,22
HLA-A*02:01,20,9,18,10,KVIYVGRNPP,KVIYVGNPP,KVIYVGRNPP,18010.22,22
HLA-A*02:01,9,16,25,10,SFLCVCVPMR,SLCVCVPMR,SFLCVCVPMR,18042.78,22
HLA-A*02:01,17,26,34,9,YYSKIAGQL,YYSKIAGQL,YYSKIAGQL,18135.16,23
HLA-A*02:01,9,12,24,13,NVEGSFLCVCVPM,NVEGSFVPM,NVEGSFLCVCVPM,18165.99,23
HLA-A*02:01,13,13,21,9,ELEIRRFLA,ELEIRRFLA,ELEIRRFLA,18173.47,23
HLA-A*02:01,5,10,20,11,CENVEGSFLCV,CVEGSFLCV,CENVEGSFLCV,18221.5,23
HLA-A*02:01,9,10,20,11,CENVEGSFLCV,CVEGSFLCV,CENVEGSFLCV,18221.5,23
HLA-A*02:01,13,12,20,9,IELEIRRFL,IELEIRRFL,IELEIRRFL,18336.82,23
HLA-A*02:01,15,36,44,9,GTCQARDAL,GTCQARDAL,GTCQARDAL,18382.5,23
HLA-A*02:01,1,3,12,10,STPEYTVELK,STPEYTVEL,STPEYTVEL,18634.62,23
HLA-A*02:01,3,3,12,10,STPEYTVELK,STPEYTVEL,STPEYTVEL,18634.62,23
HLA-A*02:01,1,15,24,10,SLSWAPKDKS,SLWAPKDKS,SLSWAPKDKS,18669.94,23
HLA-A*02:01,20,10,23,14,VIYVGRNPPRCRGL,VIYVGRNGL,VIYVGRNPPRCRGL,19037.52,24
HLA-A*02:01,9,19,30,12,CVCVPMRTRSTA,CVCVPMRTA,CVCVPMRTRSTA,19043.92,24
HLA-A*02:01,13,4,12,9,SAVDSDDSI,SAVDSDDSI,SAVDSDDSI,19045.14,24
HLA-A*02:01,15,4,12,9,SAVDSDDSI,SAVDSDDSI,SAVDSDDSI,19045.14,24
HLA-A*02:01,20,19,27,9,RCRGLPLLL,RCRGLPLLL,RCRGLPLLL,19172.51,24
HLA-A*02:01,17,11,24,14,IYVGRNPRDVVVSL,YVGDVVVSL,YVGRNPRDVVVSL,19247.33,24
HLA-A*02:01,15,32,40,9,RTSRGTCQA,RTSRGTCQA,RTSRGTCQA,19291.54,24
HLA-A*02:01,9,15,23,9,GSFLCVCVP,GSFLCVCVP,GSFLCVCVP,19412.35,24
HLA-A*02:01,17,21,29,9,VVSLYYYSK,VVSLYYYSK,VVSLYYYSK,19490.01,24
HLA-A*02:01,5,5,13,9,CGEAFCENV,CGEAFCENV,CGEAFCENV,19632.44,24
HLA-A*02:01,9,5,13,9,CGEAFCENV,CGEAFCENV,CGEAFCENV,19632.44,24
HLA-A*02:01,17,2,11,10,AFFSSKAKVI,AFFSSKAKI,AFFSSKAKVI,19893.75,25
HLA-A*02:01,20,2,11,10,AFFSSKAKVI,AFFSSKAKI,AFFSSKAKVI,19893.75,25
HLA-A*02:01,17,19,30,12,DVVVSLYYYSKI,DVVVSLYYI,DVVVSLYYYSKI,20168.99,25
HLA-A*02:01,9,15,26,12,GSFLCVCVPMRT,GSFLVPMRT,GSFLCVCVPMRT,20265.02,25
HLA-A*02:01,5,7,20,14,EAFCENVEGSFLCV,EAFCENVEV,EAFCENVEGSFLCV,20357.54,25
HLA-A*02:01,9,7,20,14,EAFCENVEGSFLCV,EAFCENVEV,EAFCENVEGSFLCV,20357.54,25
HLA-A*02:01,5,17,30,14,FLCVCADENQEYSP,FLCNQEYSP,FLCVCADENQEYSP,20362.16,25
HLA-A*02:01,1,7,18,12,YTVELKGASLSW,YLKGASLSW,YTVELKGASLSW,20379.36,25
HLA-A*02:01,3,17,27,11,SLGPPKTNPAR,SLGPPNPAR,SLGPPKTNPAR,20446.94,25
HLA-A*02:01,1,3,16,14,STPEYTVELKGASL,STPEYTVSL,STPEYTVELKGASL,20558.96,26
HLA-A*02:01,3,3,16,14,STPEYTVELKGASL,STPEYTVSL,STPEYTVELKGASL,20558.96,26
HLA-A*02:01,13,4,16,13,SAVDSDDSIELEI,SAVDIELEI,SAVDSDDSIELEI,20828.31,26
HLA-A*02:01,15,4,16,13,SAVDSDDSIELEI,SAVDIELEI,SAVDSDDSIELEI,20828.31,26
HLA-A*02:01,13,19,32,14,FLAEKAKESIRNTE,FLAEIRNTE,FLAEKAKESIRNTE,20968.28,26
HLA-A*02:01,13,18,27,10,RFLAEKAKES,RLAEKAKES,RFLAEKAKES,20991.44,26
HLA-A*02:01,5,12,22,11,NVEGSFLCVCA,NVEGSFVCA,NVEGSFLCVCA,21086.81,26
HLA-A*02:01,17,20,29,10,VVVSLYYYSK,VVVSLYYSK,VVVSLYYYSK,21129.53,26
HLA-A*02:01,17,3,14,12,FFSSKAKVIYVG,FFSSKVIYV,FFSSKAKVIYV,21156.74,26
HLA-A*02:01,20,3,14,12,FFSSKAKVIYVG,FFSSKVIYV,FFSSKAKVIYV,21156.74,26
HLA-A*02:01,5,8,18,11,AFCENVEGSFL,AFCENVEFL,AFCENVEGSFL,21274.74,27
HLA-A*02:01,9,8,18,11,AFCENVEGSFL,AFCENVEFL,AFCENVEGSFL,21274.74,27
HLA-A*02:01,17,12,25,14,YVGRNPRDVVVSLY,YVGDVVVSL,YVGRNPRDVVVSL,21727.9,27
HLA-A*02:01,1,1,8,8,KLSTPEYT,KL-STPEYT,KLSTPEYT,21753.54,27
HLA-A*02:01,3,1,8,8,KLSTPEYT,KL-STPEYT,KLSTPEYT,21753.54,27
HLA-A*02:01,17,21,34,14,VVSLYYYSKIAGQL,VVSKIAGQL,VVSLYYYSKIAGQL,21830.87,27
HLA-A*02:01,1,8,16,9,TVELKGASL,TVELKGASL,TVELKGASL,21914.18,27
HLA-A*02:01,3,8,16,9,TVELKGASL,TVELKGASL,TVELKGASL,21914.18,27
HLA-A*02:01,1,7,20,14,YTVELKGASLSWAP,YTVELSWAP,YTVELKGASLSWAP,22160.49,28
HLA-A*02:01,5,13,22,10,VEGSFLCVCA,VEGSFLVCA,VEGSFLCVCA,22205.85,28
HLA-A*02:01,15,11,20,10,SIELEIRRFF,SILEIRRFF,SIELEIRRFF,22231.09,28
HLA-A*02:01,17,18,27,10,RDVVVSLYYY,RVVVSLYYY,RDVVVSLYYY,22295.17,28
HLA-A*02:01,17,4,15,12,FSSKAKVIYVGR,FSSKAKVGR,FSSKAKVIYVGR,22295.65,28
HLA-A*02:01,20,4,15,12,FSSKAKVIYVGR,FSSKAKVGR,FSSKAKVIYVGR,22295.65,28
HLA-A*02:01,3,9,19,11,VELKGASLSLG,VLKGASLSL,VELKGASLSL,22367.4,28
HLA-A*02:01,5,17,24,8,FLCVCADE,FLCVCADE-,FLCVCADE,22444.51,28
HLA-A*02:01,17,2,14,13,AFFSSKAKVIYVG,AFFSKVIYV,AFFSSKAKVIYV,22524.06,28
HLA-A*02:01,20,2,14,13,AFFSSKAKVIYVG,AFFSKVIYV,AFFSSKAKVIYV,22524.06,28
HLA-A*02:01,5,7,18,12,EAFCENVEGSFL,EAFCENVEL,EAFCENVEGSFL,22703.39,29
HLA-A*02:01,9,7,18,12,EAFCENVEGSFL,EAFCENVEL,EAFCENVEGSFL,22703.39,29
HLA-A*02:01,13,4,14,11,SAVDSDDSIEL,SAVDSSIEL,SAVDSDDSIEL,22729.46,29
HLA-A*02:01,15,4,14,11,SAVDSDDSIEL,SAVDSSIEL,SAVDSDDSIEL,22729.46,29
HLA-A*02:01,15,35,44,10,RGTCQARDAL,RTCQARDAL,RGTCQARDAL,22729.69,29
HLA-A*02:01,17,10,18,9,VIYVGRNPR,VIYVGRNPR,VIYVGRNPR,22896.05,29
HLA-A*02:01,3,15,27,13,SLSLGPPKTNPAR,SLSLGPPAR,SLSLGPPKTNPAR,22917.12,29
HLA-A*02:01,17,19,31,13,DVVVSLYYYSKIA,DVVVSLYYA,DVVVSLYYYSKIA,23168.44,29
HLA-A*02:01,17,19,28,10,DVVVSLYYYS,DVVVSLYYS,DVVVSLYYYS,23180.47,29
HLA-A*02:01,1,24,32,9,SSKKNVLEL,SSKKNVLEL,SSKKNVLEL,23193.53,29
HLA-A*02:01,3,18,26,9,LGPPKTNPA,LGPPKTNPA,LGPPKTNPA,23343.57,30
HLA-A*02:01,9,13,24,12,VEGSFLCVCVPM,VEGSFLVPM,VEGSFLCVCVPM,23368.33,30
HLA-A*02:01,17,18,28,11,RDVVVSLYYYS,RVVSLYYYS,RDVVVSLYYYS,23415.66,30
HLA-A*02:01,20,12,23,12,YVGRNPPRCRGL,YVGRNPPGL,YVGRNPPRCRGL,23477.05,30
HLA-A*02:01,3,17,25,9,SLGPPKTNP,SLGPPKTNP,SLGPPKTNP,23520.78,30
HLA-A*02:01,1,23,32,10,KSSKKNVLEL,KSSKNVLEL,KSSKKNVLEL,23564.84,30
HLA-A*02:01,5,15,22,8,GSFLCVCA,GSF-LCVCA,GSFLCVCA,23568.42,30
HLA-A*02:01,1,12,20,9,KGASLSWAP,KGASLSWAP,KGASLSWAP,23601.35,30
HLA-A*02:01,13,15,28,14,EIRRFLAEKAKESI,FLAEKAESI,FLAEKAKESI,23663.22,30
HLA-A*02:01,17,15,24,10,RNPRDVVVSL,RNPDVVVSL,RNPRDVVVSL,23666.29,30
HLA-A*02:01,9,11,22,12,ENVEGSFLCVCV,ENVEGSVCV,ENVEGSFLCVCV,23755.32,30
HLA-A*02:01,1,5,16,12,PEYTVELKGASL,YTVEKGASL,YTVELKGASL,23899.69,30
HLA-A*02:01,3,5,16,12,PEYTVELKGASL,YTVEKGASL,YTVELKGASL,23899.69,30
HLA-A*02:01,5,21,31,11,CADENQEYSPM,CADENQEYM,CADENQEYSPM,23920.12,30
HLA-A*02:01,1,8,19,12,TVELKGASLSWA,TVELKGASA,TVELKGASLSWA,23952.49,31
HLA-A*02:01,17,1,11,11,KAFFSSKAKVI,KAFSKAKVI,KAFFSSKAKVI,24079.81,31
HLA-A*02:01,20,1,11,11,KAFFSSKAKVI,KAFSKAKVI,KAFFSSKAKVI,24079.81,31
HLA-A*02:01,13,10,20,11,DSIELEIRRFL,DSIELEIFL,DSIELEIRRFL,24133.03,31
HLA-A*02:01,5,1,13,13,LSGVCGEAFCENV,LSGVCGEAV,LSGVCGEAFCENV,24196.3,31
HLA-A*02:01,9,1,13,13,LSGVCGEAFCENV,LSGVCGEAV,LSGVCGEAFCENV,24196.3,31
HLA-A*02:01,5,19,31,13,CVCADENQEYSPM,CVCADENPM,CVCADENQEYSPM,24260.27,31
HLA-A*02:01,5,17,27,11,FLCVCADENQE,FLCADENQE,FLCVCADENQE,24292.3,31
HLA-A*02:01,17,22,32,11,VSLYYYSKIAG,VLYYYSKIA,VSLYYYSKIA,24325.44,31
HLA-A*02:01,3,11,18,8,LKGASLSL,-LKGASLSL,LKGASLSL,24408.23,31
HLA-A*02:01,13,19,26,8,FLAEKAKE,FLAEKAKE-,FLAEKAKE,24463.23,31
HLA-A*02:01,9,15,25,11,GSFLCVCVPMR,GSFLCVPMR,GSFLCVCVPMR,24539.58,31
HLA-A*02:01,1,10,20,11,ELKGASLSWAP,ELKGLSWAP,ELKGASLSWAP,24601.79,32
HLA-A*02:01,9,14,24,11,EGSFLCVCVPM,GSFCVCVPM,GSFLCVCVPM,24637.75,32
HLA-A*02:01,17,3,11,9,FFSSKAKVI,FFSSKAKVI,FFSSKAKVI,24718.65,32
HLA-A*02:01,20,3,11,9,FFSSKAKVI,FFSSKAKVI,FFSSKAKVI,24718.65,32
HLA-A*02:01,3,7,20,14,YTVELKGASLSLGP,YLKGASLSL,YTVELKGASLSL,24761.21,32
HLA-A*02:01,9,18,26,9,LCVCVPMRT,LCVCVPMRT,LCVCVPMRT,24890.68,32
HLA-A*02:01,13,15,24,10,EIRRFLAEKA,EIRRFLAEA,EIRRFLAEKA,24923.28,32
HLA-A*02:01,20,10,19,10,VIYVGRNPPR,VIYGRNPPR,VIYVGRNPPR,24971.87,32
HLA-A*02:01,3,5,18,14,PEYTVELKGASLSL,PLKGASLSL,PEYTVELKGASLSL,25043.57,32
HLA-A*02:01,15,28,40,13,YTQHRTSRGTCQA,YTQHGTCQA,YTQHRTSRGTCQA,25094.84,32
HLA-A*02:01,17,9,18,10,KVIYVGRNPR,KVIYVGNPR,KVIYVGRNPR,25106.25,32
HLA-A*02:01,17,24,34,11,LYYYSKIAGQL,LYYYSKIQL,LYYYSKIAGQL,25214.87,33
HLA-A*02:01,17,21,28,8,VVSLYYYS,VVS-LYYYS,VVSLYYYS,25247.09,33
HLA-A*02:01,5,21,29,9,CADENQEYS,CADENQEYS,CADENQEYS,25365.92,33
HLA-A*02:01,13,18,29,12,RFLAEKAKESIR,FLAEKESIR,FLAEKAKESIR,25453.06,33
HLA-A*02:01,15,18,29,12,RFFGREGQGVYT,RFFGQGVYT,RFFGREGQGVYT,25491.93,33
HLA-A*02:01,1,13,21,9,GASLSWAPK,GASLSWAPK,GASLSWAPK,25612.47,33
HLA-A*02:01,1,7,15,9,YTVELKGAS,YTVELKGAS,YTVELKGAS,25614.97,33
HLA-A*02:01,3,7,15,9,YTVELKGAS,YTVELKGAS,YTVELKGAS,25614.97,33
HLA-A*02:01,17,18,30,13,RDVVVSLYYYSKI,RDVVVSLKI,RDVVVSLYYYSKI,25662.67,33
HLA-A*02:01,20,10,20,11,VIYVGRNPPRC,VIYVGPPRC,VIYVGRNPPRC,26058.32,34
HLA-A*02:01,3,17,29,13,SLGPPKTNPARRM,SLGPPKTNM,SLGPPKTNPARRM,26095.56,34
HLA-A*02:01,1,12,21,10,KGASLSWAPK,KGASLSWAK,KGASLSWAPK,26109.68,34
HLA-A*02:01,5,14,22,9,EGSFLCVCA,EGSFLCVCA,EGSFLCVCA,26303.63,34
HLA-A*02:01,17,24,31,8,LYYYSKIA,-LYYYSKIA,LYYYSKIA,26402.56,34
HLA-A*02:01,13,10,21,12,DSIELEIRRFLA,DSIELEILA,DSIELEIRRFLA,26424.28,35
HLA-A*02:01,5,1,8,8,LSGVCGEA,-LSGVCGEA,LSGVCGEA,26507.05,35
HLA-A*02:01,9,1,8,8,LSGVCGEA,-LSGVCGEA,LSGVCGEA,26507.05,35
HLA-A*02:01,15,17,27,11,RRFFGREGQGV,RRFFGGQGV,RRFFGREGQGV,26636.43,35
HLA-A*02:01,15,32,44,13,RTSRGTCQARDAL,RTSRGTDAL,RTSRGTCQARDAL,26734.3,35
HLA-A*02:01,9,9,22,14,FCENVEGSFLCVCV,FGSFLCVCV,FCENVEGSFLCVCV,26773.67,35
HLA-A*02:01,1,8,20,13,TVELKGASLSWAP,TVASLSWAP,TVELKGASLSWAP,26852.87,35
HLA-A*02:01,9,12,23,12,NVEGSFLCVCVP,NVEGSFLVP,NVEGSFLCVCVP,26899.11,35
HLA-A*02:01,13,14,23,10,LEIRRFLAEK,LIRRFLAEK,LEIRRFLAEK,27021.92,36
HLA-A*02:01,5,1,10,10,LSGVCGEAFC,LSVCGEAFC,LSGVCGEAFC,27137.35,36
HLA-A*02:01,9,1,10,10,LSGVCGEAFC,LSVCGEAFC,LSGVCGEAFC,27137.35,36
HLA-A*02:01,5,15,23,9,GSFLCVCAD,GSFLCVCAD,GSFLCVCAD,27189.96,36
HLA-A*02:01,1,2,12,11,LSTPEYTVELK,LTPEYTVEL,LSTPEYTVEL,27261.84,36
HLA-A*02:01,3,2,12,11,LSTPEYTVELK,LTPEYTVEL,LSTPEYTVEL,27261.84,36
HLA-A*02:01,17,11,22,12,IYVGRNPRDVVV,IYVPRDVVV,IYVGRNPRDVVV,27364.97,36
HLA-A*02:01,15,12,21,10,IELEIRRFFG,ILEIRRFFG,IELEIRRFFG,27367.64,36
HLA-A*02:01,5,15,24,10,GSFLCVCADE,GSFLCVCAE,GSFLCVCADE,27412.98,36
HLA-A*02:01,3,10,19,10,ELKGASLSLG,ELKGASLSL,ELKGASLSL,27458.4,36
HLA-A*02:01,17,9,17,9,KVIYVGRNP,KVIYVGRNP,KVIYVGRNP,27521.16,36
HLA-A*02:01,20,9,17,9,KVIYVGRNP,KVIYVGRNP,KVIYVGRNP,27521.16,36
HLA-A*02:01,1,7,14,8,YTVELKGA,YTVE-LKGA,YTVELKGA,27602.27,37
HLA-A*02:01,3,7,14,8,YTVELKGA,YTVE-LKGA,YTVELKGA,27602.27,37
HLA-A*02:01,1,16,29,14,LSWAPKDKSSKKNV,LSWAPKDKV,LSWAPKDKSSKKNV,27610.64,37
HLA-A*02:01,3,12,23,12,KGASLSLGPPKT,KLSLGPPKT,KGASLSLGPPKT,27613.33,37
HLA-A*02:01,5,13,20,8,VEGSFLCV,-VEGSFLCV,VEGSFLCV,27769.73,37
HLA-A*02:01,9,13,20,8,VEGSFLCV,-VEGSFLCV,VEGSFLCV,27769.73,37
HLA-A*02:01,5,3,14,12,GVCGEAFCENVE,GVCGEAFNV,GVCGEAFCENV,27890.18,37
HLA-A*02:01,9,3,14,12,GVCGEAFCENVE,GVCGEAFNV,GVCGEAFCENV,27890.18,37
HLA-A*02:01,3,15,24,10,SLSLGPPKTN,SLSLGPPKT,SLSLGPPKT,27904.35,37
HLA-A*02:01,1,4,16,13,TPEYTVELKGASL,TVELKGASL,TPEYTVELKGASL,27924.89,37
HLA-A*02:01,3,4,16,13,TPEYTVELKGASL,TVELKGASL,TPEYTVELKGASL,27924.89,37
HLA-A*02:01,9,16,27,12,SFLCVCVPMRTR,SVCVPMRTR,SFLCVCVPMRTR,27995.69,37
HLA-A*02:01,3,17,28,12,SLGPPKTNPARR,SLGPPPARR,SLGPPKTNPARR,28051.17,37
HLA-A*02:01,17,21,32,12,VVSLYYYSKIAG,VLYYYSKIA,VVSLYYYSKIA,28059.37,37
HLA-A*02:01,17,10,23,14,VIYVGRNPRDVVVS,VIYVGVVVS,VIYVGRNPRDVVVS,28063.31,37
HLA-A*02:01,1,11,20,10,LKGASLSWAP,LGASLSWAP,LKGASLSWAP,28089.75,37
HLA-A*02:01,17,16,24,9,NPRDVVVSL,NPRDVVVSL,NPRDVVVSL,28110.71,38
HLA-A*02:01,13,13,22,10,ELEIRRFLAE,ELIRRFLAE,ELEIRRFLAE,28167.04,38
HLA-A*02:01,3,12,21,10,KGASLSLGPP,KGASLSLGP,KGASLSLGPP,28179.23,38
HLA-A*02:01,5,2,10,9,SGVCGEAFC,SGVCGEAFC,SGVCGEAFC,28193.58,38
HLA-A*02:01,9,2,10,9,SGVCGEAFC,SGVCGEAFC,SGVCGEAFC,28193.58,38
HLA-A*02:01,3,13,23,11,GASLSLGPPKT,GLSLGPPKT,GASLSLGPPKT,28293.19,38
HLA-A*02:01,5,8,19,12,AFCENVEGSFLC,AFVEGSFLC,AFCENVEGSFLC,28319.53,38
HLA-A*02:01,9,8,19,12,AFCENVEGSFLC,AFVEGSFLC,AFCENVEGSFLC,28319.53,38
HLA-A*02:01,13,8,16,9,SDDSIELEI,SDDSIELEI,SDDSIELEI,28325.36,38
HLA-A*02:01,15,8,16,9,SDDSIELEI,SDDSIELEI,SDDSIELEI,28325.36,38
HLA-A*02:01,3,8,19,12,TVELKGASLSLG,TLKGASLSL,TVELKGASLSL,28371.98,38
HLA-A*02:01,13,18,31,14,RFLAEKAKESIRNT,FLAESIRNT,FLAEKAKESIRNT,28401.47,38
HLA-A*02:01,1,4,11,8,TPEYTVEL,-TPEYTVEL,TPEYTVEL,28470.39,38
HLA-A*02:01,3,4,11,8,TPEYTVEL,-TPEYTVEL,TPEYTVEL,28470.39,38
HLA-A*02:01,17,5,14,10,SSKAKVIYVG,SSKAKVIYV,SSKAKVIYV,28564.18,38
HLA-A*02:01,20,5,14,10,SSKAKVIYVG,SSKAKVIYV,SSKAKVIYV,28564.18,38
HLA-A*02:01,9,18,30,13,LCVCVPMRTRSTA,LPMRTRSTA,LCVCVPMRTRSTA,28597.27,39
HLA-A*02:01,5,10,18,9,CENVEGSFL,CENVEGSFL,CENVEGSFL,28608.72,39
HLA-A*02:01,9,10,18,9,CENVEGSFL,CENVEGSFL,CENVEGSFL,28608.72,39
HLA-A*02:01,20,15,26,12,RNPPRCRGLPLL,RNPPGLPLL,RNPPRCRGLPLL,28622.97,39
HLA-A*02:01,3,13,21,9,GASLSLGPP,GASLSLGPP,GASLSLGPP,28676.28,39
HLA-A*02:01,1,9,18,10,VELKGASLSW,VLKGASLSW,VELKGASLSW,28689.63,39
HLA-A*02:01,3,10,21,12,ELKGASLSLGPP,ELKGASLSP,ELKGASLSLGPP,28719.44,39
HLA-A*02:01,9,21,29,9,CVPMRTRST,CVPMRTRST,CVPMRTRST,28733.12,39
HLA-A*02:01,13,7,16,10,DSDDSIELEI,DSDDSILEI,DSDDSIELEI,28776.05,39
HLA-A*02:01,15,7,16,10,DSDDSIELEI,DSDDSILEI,DSDDSIELEI,28776.05,39
HLA-A*02:01,5,8,17,10,AFCENVEGSF,AFCENVESF,AFCENVEGSF,28877.73,39
HLA-A*02:01,9,8,17,10,AFCENVEGSF,AFCENVESF,AFCENVEGSF,28877.73,39
HLA-A*02:01,17,20,27,8,VVVSLYYY,VVV-SLYYY,VVVSLYYY,28914.62,39
HLA-A*02:01,9,15,27,13,GSFLCVCVPMRTR,GSFLPMRTR,GSFLCVCVPMRTR,28978.21,39
HLA-A*02:01,13,11,22,12,SIELEIRRFLAE,SIIRRFLAE,SIELEIRRFLAE,29007.7,39
HLA-A*02:01,17,3,15,13,FFSSKAKVIYVGR,FFSSKAVGR,FFSSKAKVIYVGR,29031.56,39
HLA-A*02:01,20,3,15,13,FFSSKAKVIYVGR,FFSSKAVGR,FFSSKAKVIYVGR,29031.56,39
HLA-A*02:01,1,6,19,14,EYTVELKGASLSWA,YTVELLSWA,YTVELKGASLSWA,29039.4,39
HLA-A*02:01,1,3,13,11,STPEYTVELKG,STPEYTVEL,STPEYTVEL,29143.6,40
HLA-A*02:01,3,3,13,11,STPEYTVELKG,STPEYTVEL,STPEYTVEL,29143.6,40
HLA-A*02:01,5,16,29,14,SFLCVCADENQEYS,FLDENQEYS,FLCVCADENQEYS,29152.74,40
HLA-A*02:01,17,20,32,13,VVVSLYYYSKIAG,VLYYYSKIA,VVVSLYYYSKIA,29169.78,40
HLA-A*02:01,20,9,20,12,KVIYVGRNPPRC,KVIYNPPRC,KVIYVGRNPPRC,29184.61,40
HLA-A*02:01,17,12,23,12,YVGRNPRDVVVS,YVPRDVVVS,YVGRNPRDVVVS,29311.51,40
HLA-A*02:01,13,13,20,8,ELEIRRFL,EL-EIRRFL,ELEIRRFL,29335.62,40
HLA-A*02:01,20,19,28,10,RCRGLPLLLF,RCRGPLLLF,RCRGLPLLLF,29343.87,40
HLA-A*02:01,9,14,23,10,EGSFLCVCVP,ESFLCVCVP,EGSFLCVCVP,29346.73,40
HLA-A*02:01,3,16,25,10,LSLGPPKTNP,LLGPPKTNP,LSLGPPKTNP,29385.82,40
HLA-A*02:01,20,16,25,10,NPPRCRGLPL,NPPRRGLPL,NPPRCRGLPL,29400.78,40
HLA-A*02:01,3,15,22,8,SLSLGPPK,SLSLGPPK-,SLSLGPPK,29461.91,40
HLA-A*02:01,3,15,25,11,SLSLGPPKTNP,SLSPPKTNP,SLSLGPPKTNP,29519.65,40
HLA-A*02:01,15,28,37,10,YTQHRTSRGT,YQHRTSRGT,YTQHRTSRGT,29545.54,40
HLA-A*02:01,17,25,33,9,YYYSKIAGQ,YYYSKIAGQ,YYYSKIAGQ,29550.01,40
HLA-A*02:01,3,13,26,14,GASLSLGPPKTNPA,GAPPKTNPA,GASLSLGPPKTNPA,29631.02,41
HLA-A*02:01,17,15,28,14,RNPRDVVVSLYYYS,RVVSLYYYS,RNPRDVVVSLYYYS,29736.04,41
HLA-A*02:01,17,4,16,13,FSSKAKVIYVGRN,FSSKAVIYV,FSSKAKVIYV,29805.62,41
HLA-A*02:01,20,4,16,13,FSSKAKVIYVGRN,FSSKAVIYV,FSSKAKVIYV,29805.62,41
HLA-A*02:01,1,15,23,9,SLSWAPKDK,SLSWAPKDK,SLSWAPKDK,29813.37,41
HLA-A*02:01,5,16,28,13,SFLCVCADENQEY,FLADENQEY,FLCVCADENQEY,29821.75,41
HLA-A*02:01,3,14,22,9,ASLSLGPPK,ASLSLGPPK,ASLSLGPPK,29824.98,41
HLA-A*02:01,15,14,22,9,LEIRRFFGR,LEIRRFFGR,LEIRRFFGR,29906.09,41
HLA-A*02:01,9,19,28,10,CVCVPMRTRS,CVCVPMRTS,CVCVPMRTRS,29954.98,41
HLA-A*02:01,3,11,23,13,LKGASLSLGPPKT,LLSLGPPKT,LKGASLSLGPPKT,29968.6,41
HLA-A*02:01,13,5,15,11,AVDSDDSIELE,AVSDDSIEL,AVDSDDSIEL,29989.68,41
HLA-A*02:01,15,5,15,11,AVDSDDSIELE,AVSDDSIEL,AVDSDDSIEL,29989.68,41
HLA-A*02:01,1,15,25,11,SLSWAPKDKSS,SLAPKDKSS,SLSWAPKDKSS,29992.27,41
HLA-A*02:01,15,12,20,9,IELEIRRFF,IELEIRRFF,IELEIRRFF,30042.62,42
HLA-A*02:01,15,13,22,10,ELEIRRFFGR,ELIRRFFGR,ELEIRRFFGR,30043.92,42
HLA-A*02:01,17,19,27,9,DVVVSLYYY,DVVVSLYYY,DVVVSLYYY,30051.4,42
HLA-A*02:01,20,15,25,11,RNPPRCRGLPL,RNPPRGLPL,RNPPRCRGLPL,30067.97,42
HLA-A*02:01,15,18,28,11,RFFGREGQGVY,RFFEGQGVY,RFFGREGQGVY,30265.46,42
HLA-A*02:01,5,9,21,13,FCENVEGSFLCVC,FVEGSFLCV,FCENVEGSFLCV,30270.36,42
HLA-A*02:01,9,9,21,13,FCENVEGSFLCVC,FVEGSFLCV,FCENVEGSFLCV,30270.36,42
HLA-A*02:01,3,9,20,12,VELKGASLSLGP,VLKGASLSL,VELKGASLSL,30282.82,42
HLA-A*02:01,13,6,14,9,VDSDDSIEL,VDSDDSIEL,VDSDDSIEL,30287.74,42
HLA-A*02:01,15,6,14,9,VDSDDSIEL,VDSDDSIEL,VDSDDSIEL,30287.74,42
HLA-A*02:01,17,22,33,12,VSLYYYSKIAGQ,VSYSKIAGQ,VSLYYYSKIAGQ,30294.28,42
HLA-A*02:01,13,8,21,14,SDDSIELEIRRFLA,SLEIRRFLA,SDDSIELEIRRFLA,30334.3,42
HLA-A*02:01,9,16,28,13,SFLCVCVPMRTRS,SVCVPMRTR,SFLCVCVPMRTR,30341.85,42
HLA-A*02:01,20,9,19,11,KVIYVGRNPPR,KVIGRNPPR,KVIYVGRNPPR,30370.75,42
HLA-A*02:01,17,14,24,11,GRNPRDVVVSL,GRNDVVVSL,GRNPRDVVVSL,30405.61,42
HLA-A*02:01,17,1,12,12,KAFFSSKAKVIY,KAFKAKVIY,KAFFSSKAKVIY,30419.09,42
HLA-A*02:01,20,1,12,12,KAFFSSKAKVIY,KAFKAKVIY,KAFFSSKAKVIY,30419.09,42
HLA-A*02:01,3,13,22,10,GASLSLGPPK,GALSLGPPK,GASLSLGPPK,30458.94,42
HLA-A*02:01,15,20,29,10,FGREGQGVYT,FGREGQVYT,FGREGQGVYT,30496.54,43
HLA-A*02:01,9,19,27,9,CVCVPMRTR,CVCVPMRTR,CVCVPMRTR,30541.12,43
HLA-A*02:01,1,10,21,12,ELKGASLSWAPK,ELKGASLSK,ELKGASLSWAPK,30548.05,43
HLA-A*02:01,9,16,29,14,SFLCVCVPMRTRST,SVPMRTRST,SFLCVCVPMRTRST,30569.55,43
HLA-A*02:01,9,18,27,10,LCVCVPMRTR,LVCVPMRTR,LCVCVPMRTR,30711.11,43
HLA-A*02:01,17,3,10,8,FFSSKAKV,FFSSK-AKV,FFSSKAKV,30750.02,43
HLA-A*02:01,20,3,10,8,FFSSKAKV,FFSSK-AKV,FFSSKAKV,30750.02,43
HLA-A*02:01,15,26,34,9,GVYTQHRTS,GVYTQHRTS,GVYTQHRTS,30791.29,43
HLA-A*02:01,5,7,19,13,EAFCENVEGSFLC,EAFEGSFLC,EAFCENVEGSFLC,30799.3,43
HLA-A*02:01,9,7,19,13,EAFCENVEGSFLC,EAFEGSFLC,EAFCENVEGSFLC,30799.3,43
HLA-A*02:01,13,8,20,13,SDDSIELEIRRFL,SELEIRRFL,SDDSIELEIRRFL,30862.67,43
HLA-A*02:01,5,3,11,9,GVCGEAFCE,GVCGEAFCE,GVCGEAFCE,30898.75,43
HLA-A*02:01,9,3,11,9,GVCGEAFCE,GVCGEAFCE,GVCGEAFCE,30898.75,43
HLA-A*02:01,9,10,22,13,CENVEGSFLCVCV,CENVEGSFV,CENVEGSFLCVCV,30972.73,44
HLA-A*02:01,15,11,22,12,SIELEIRRFFGR,SIIRRFFGR,SIELEIRRFFGR,31010.28,44
HLA-A*02:01,13,9,20,12,DDSIELEIRRFL,DELEIRRFL,DDSIELEIRRFL,31030.43,44
HLA-A*02:01,17,11,20,10,IYVGRNPRDV,IVGRNPRDV,IYVGRNPRDV,31150.51,44
HLA-A*02:01,20,15,27,13,RNPPRCRGLPLLL,RNPPLPLLL,RNPPRCRGLPLLL,31170.06,44
HLA-A*02:01,17,16,28,13,NPRDVVVSLYYYS,NPRDVVVYS,NPRDVVVSLYYYS,31225.78,44
HLA-A*02:01,17,8,20,13,AKVIYVGRNPRDV,KVIYVGRNV,KVIYVGRNPRDV,31282.92,44
HLA-A*02:01,13,17,27,11,RRFLAEKAKES,RLAEKAKES,RRFLAEKAKES,31306.29,44
HLA-A*02:01,20,19,26,8,RCRGLPLL,RCR-GLPLL,RCRGLPLL,31379.52,45
HLA-A*02:01,1,15,26,12,SLSWAPKDKSSK,SLSWAPSSK,SLSWAPKDKSSK,31403.31,45
HLA-A*02:01,17,18,29,12,RDVVVSLYYYSK,RDVVVSLSK,RDVVVSLYYYSK,31408.07,45
HLA-A*02:01,9,14,26,13,EGSFLCVCVPMRT,GSFLVPMRT,GSFLCVCVPMRT,31420.63,45
HLA-A*02:01,15,34,44,11,SRGTCQARDAL,STCQARDAL,SRGTCQARDAL,31435.93,45
HLA-A*02:01,1,8,17,10,TVELKGASLS,TVLKGASLS,TVELKGASLS,31436.62,45
HLA-A*02:01,3,8,17,10,TVELKGASLS,TVLKGASLS,TVELKGASLS,31436.62,45
HLA-A*02:01,17,8,21,14,AKVIYVGRNPRDVV,KVINPRDVV,KVIYVGRNPRDVV,31488.71,45
HLA-A*02:01,17,13,22,10,VGRNPRDVVV,VGNPRDVVV,VGRNPRDVVV,31507.46,45
HLA-A*02:01,9,22,30,9,VPMRTRSTA,VPMRTRSTA,VPMRTRSTA,31611.6,45
HLA-A*02:01,1,3,15,13,STPEYTVELKGAS,STPEYTVES,STPEYTVELKGAS,31653.36,45
HLA-A*02:01,3,3,15,13,STPEYTVELKGAS,STPEYTVES,STPEYTVELKGAS,31653.36,45
HLA-A*02:01,3,10,20,11,ELKGASLSLGP,ELASLSLGP,ELKGASLSLGP,31758.67,46
HLA-A*02:01,15,32,41,10,RTSRGTCQAR,RTRGTCQAR,RTSRGTCQAR,31760.39,46
HLA-A*02:01,13,15,23,9,EIRRFLAEK,EIRRFLAEK,EIRRFLAEK,31768.64,46
HLA-A*02:01,20,7,18,12,KAKVIYVGRNPP,KIYVGRNPP,KAKVIYVGRNPP,31795.11,46
HLA-A*02:01,15,26,35,10,GVYTQHRTSR,GVYTQHTSR,GVYTQHRTSR,31832.28,46
HLA-A*02:01,9,14,25,12,EGSFLCVCVPMR,ELCVCVPMR,EGSFLCVCVPMR,31874.33,46
HLA-A*02:01,20,14,25,12,GRNPPRCRGLPL,GRNPPGLPL,GRNPPRCRGLPL,31881.24,46
HLA-A*02:01,5,6,18,13,GEAFCENVEGSFL,GEAFEGSFL,GEAFCENVEGSFL,31882.97,46
HLA-A*02:01,9,6,18,13,GEAFCENVEGSFL,GEAFEGSFL,GEAFCENVEGSFL,31882.97,46
HLA-A*02:01,17,10,19,10,VIYVGRNPRD,VIYVGNPRD,VIYVGRNPRD,31888.83,46
HLA-A*02:01,17,1,9,9,KAFFSSKAK,KAFFSSKAK,KAFFSSKAK,31909.19,46
HLA-A*02:01,20,1,9,9,KAFFSSKAK,KAFFSSKAK,KAFFSSKAK,31909.19,46
HLA-A*02:01,15,33,44,12,TSRGTCQARDAL,TTCQARDAL,TSRGTCQARDAL,31911.25,46
HLA-A*02:01,1,2,14,13,LSTPEYTVELKGA,STPEYTVEA,STPEYTVELKGA,31912.98,46
HLA-A*02:01,3,2,14,13,LSTPEYTVELKGA,STPEYTVEA,STPEYTVELKGA,31912.98,46
HLA-A*02:01,17,11,21,11,IYVGRNPRDVV,IYVGRNPRV,IYVGRNPRDVV,31966.21,46
HLA-A*02:01,13,12,23,12,IELEIRRFLAEK,IELEILAEK,IELEIRRFLAEK,32006.7,46
HLA-A*02:01,17,15,27,13,RNPRDVVVSLYYY,RVVVSLYYY,RNPRDVVVSLYYY,32016.05,46
HLA-A*02:01,9,11,24,14,ENVEGSFLCVCVPM,ENVEGSFLM,ENVEGSFLCVCVPM,32022.64,46
HLA-A*02:01,5,16,25,10,SFLCVCADEN,SLCVCADEN,SFLCVCADEN,32099.29,46
HLA-A*02:01,3,16,27,12,LSLGPPKTNPAR,LSLGPPPAR,LSLGPPKTNPAR,32105.21,46
HLA-A*02:01,17,3,12,10,FFSSKAKVIY,FFSSKAVIY,FFSSKAKVIY,32118.05,47
HLA-A*02:01,20,3,12,10,FFSSKAKVIY,FFSSKAVIY,FFSSKAKVIY,32118.05,47
HLA-A*02:01,5,21,32,12,CADENQEYSPMT,CADENSPMT,CADENQEYSPMT,32209.23,47
HLA-A*02:01,5,10,19,10,CENVEGSFLC,CEVEGSFLC,CENVEGSFLC,32222.82,47
HLA-A*02:01,9,10,19,10,CENVEGSFLC,CEVEGSFLC,CENVEGSFLC,32222.82,47
HLA-A*02:01,17,4,12,9,FSSKAKVIY,FSSKAKVIY,FSSKAKVIY,32248.99,47
HLA-A*02:01,20,4,12,9,FSSKAKVIY,FSSKAKVIY,FSSKAKVIY,32248.99,47
HLA-A*02:01,13,3,14,12,DSAVDSDDSIEL,DSADDSIEL,DSAVDSDDSIEL,32270.28,47
HLA-A*02:01,15,3,14,12,DSAVDSDDSIEL,DSADDSIEL,DSAVDSDDSIEL,32270.28,47
HLA-A*02:01,5,16,24,9,SFLCVCADE,SFLCVCADE,SFLCVCADE,32271.67,47
HLA-A*02:01,5,9,19,11,FCENVEGSFLC,FCVEGSFLC,FCENVEGSFLC,32287.74,47
HLA-A*02:01,9,9,19,11,FCENVEGSFLC,FCVEGSFLC,FCENVEGSFLC,32287.74,47
HLA-A*02:01,1,9,20,12,VELKGASLSWAP,VELKGSWAP,VELKGASLSWAP,32386.05,47
HLA-A*02:01,20,8,18,11,AKVIYVGRNPP,AIYVGRNPP,AKVIYVGRNPP,32395.18,47
HLA-A*02:01,15,15,27,13,EIRRFFGREGQGV,EIRRFFQGV,EIRRFFGREGQGV,32407.8,47
HLA-A*02:01,20,16,27,12,NPPRCRGLPLLL,NPPGLPLLL,NPPRCRGLPLLL,32467.79,47
HLA-A*02:01,5,1,9,9,LSGVCGEAF,LSGVCGEAF,LSGVCGEAF,32493.46,47
HLA-A*02:01,9,1,9,9,LSGVCGEAF,LSGVCGEAF,LSGVCGEAF,32493.46,47
HLA-A*02:01,15,14,27,14,LEIRRFFGREGQGV,LEIREGQGV,LEIRRFFGREGQGV,32507.16,48
HLA-A*02:01,20,6,18,13,SKAKVIYVGRNPP,SIYVGRNPP,SKAKVIYVGRNPP,32512.09,48
HLA-A*02:01,17,13,24,12,VGRNPRDVVVSL,VPRDVVVSL,VGRNPRDVVVSL,32527.59,48
HLA-A*02:01,9,19,31,13,CVCVPMRTRSTAP,CVCVPMTAP,CVCVPMRTRSTAP,32552.92,48
HLA-A*02:01,3,14,25,12,ASLSLGPPKTNP,ALGPPKTNP,ASLSLGPPKTNP,32576.88,48
HLA-A*02:01,13,11,19,9,SIELEIRRF,SIELEIRRF,SIELEIRRF,32579.0,48
HLA-A*02:01,15,11,19,9,SIELEIRRF,SIELEIRRF,SIELEIRRF,32579.0,48
HLA-A*02:01,5,11,22,12,ENVEGSFLCVCA,ENVEGSFLA,ENVEGSFLCVCA,32644.64,48
HLA-A*02:01,17,2,15,14,AFFSSKAKVIYVGR,AFFSSKVGR,AFFSSKAKVIYVGR,32664.42,48
HLA-A*02:01,20,2,15,14,AFFSSKAKVIYVGR,AFFSSKVGR,AFFSSKAKVIYVGR,32664.42,48
HLA-A*02:01,20,16,26,11,NPPRCRGLPLL,NPPRGLPLL,NPPRCRGLPLL,32690.23,48
HLA-A*02:01,20,18,27,10,PRCRGLPLLL,PCRGLPLLL,PRCRGLPLLL,32710.39,48
HLA-A*02:01,17,1,8,8,KAFFSSKA,KAF-FSSKA,KAFFSSKA,32785.52,48
HLA-A*02:01,20,1,8,8,KAFFSSKA,KAF-FSSKA,KAFFSSKA,32785.52,48
HLA-A*02:01,15,31,40,10,HRTSRGTCQA,HTSRGTCQA,HRTSRGTCQA,32789.41,48
HLA-A*02:01,20,21,28,8,RGLPLLLF,RGLPLLL-F,RGLPLLLF,32823.13,48
HLA-A*02:01,1,10,18,9,ELKGASLSW,ELKGASLSW,ELKGASLSW,32830.24,48
HLA-A*02:01,9,13,25,13,VEGSFLCVCVPMR,VEGSFVPMR,VEGSFLCVCVPMR,32848.71,48
HLA-A*02:01,13,13,24,12,ELEIRRFLAEKA,ELEIRRFLA,ELEIRRFLAEKA,32856.53,48
HLA-A*02:01,17,27,34,8,YSKIAGQL,YS-KIAGQL,YSKIAGQL,32897.45,49
HLA-A*02:01,5,9,17,9,FCENVEGSF,FCENVEGSF,FCENVEGSF,32915.25,49
HLA-A*02:01,9,9,17,9,FCENVEGSF,FCENVEGSF,FCENVEGSF,32915.25,49
HLA-A*02:01,1,9,19,11,VELKGASLSWA,ELKGASLSA,ELKGASLSWA,32923.79,49
HLA-A*02:01,5,20,31,12,VCADENQEYSPM,VCADENQEM,VCADENQEYSPM,32958.38,49
HLA-A*02:01,5,2,11,10,SGVCGEAFCE,SVCGEAFCE,SGVCGEAFCE,32973.7,49
HLA-A*02:01,9,2,11,10,SGVCGEAFCE,SVCGEAFCE,SGVCGEAFCE,32973.7,49
HLA-A*02:01,15,29,40,12,TQHRTSRGTCQA,TQHRGTCQA,TQHRTSRGTCQA,33001.89,49
HLA-A*02:01,15,18,30,13,RFFGREGQGVYTQ,RFFGGVYTQ,RFFGREGQGVYTQ,33010.83,49
HLA-A*02:01,3,8,20,13,TVELKGASLSLGP,TVASLSLGP,TVELKGASLSLGP,33011.19,49
HLA-A*02:01,17,6,13,8,SKAKVIYV,SKA-KVIYV,SKAKVIYV,33025.12,49
HLA-A*02:01,20,6,13,8,SKAKVIYV,SKA-KVIYV,SKAKVIYV,33025.12,49
HLA-A*02:01,5,3,12,10,GVCGEAFCEN,GVCGEAFEN,GVCGEAFCEN,33041.57,49
HLA-A*02:01,9,3,12,10,GVCGEAFCEN,GVCGEAFEN,GVCGEAFCEN,33041.57,49
HLA-A*02:01,15,24,33,10,GQGVYTQHRT,GQVYTQHRT,GQGVYTQHRT,33042.63,49
HLA-A*02:01,15,13,21,9,ELEIRRFFG,ELEIRRFFG,ELEIRRFFG,33051.92,49
HLA-A*02:01,5,19,28,10,CVCADENQEY,CVADENQEY,CVCADENQEY,33099.17,49
HLA-A*02:01,5,8,16,9,AFCENVEGS,AFCENVEGS,AFCENVEGS,33103.46,49
HLA-A*02:01,9,8,16,9,AFCENVEGS,AFCENVEGS,AFCENVEGS,33103.46,49
HLA-A*02:01,13,11,23,13,SIELEIRRFLAEK,SIELEIAEK,SIELEIRRFLAEK,33122.45,49
HLA-A*02:01,15,17,29,13,RRFFGREGQGVYT,RRFGQGVYT,RRFFGREGQGVYT,33122.81,49
HLA-A*02:01,20,13,25,13,VGRNPPRCRGLPL,VGRNPPLPL,VGRNPPRCRGLPL,33199.24,49
HLA-A*02:01,3,12,20,9,KGASLSLGP,KGASLSLGP,KGASLSLGP,33207.14,49
HLA-A*02:01,17,21,33,13,VVSLYYYSKIAGQ,VVYSKIAGQ,VVSLYYYSKIAGQ,33224.02,49
HLA-A*02:01,5,19,29,11,CVCADENQEYS,CVDENQEYS,CVCADENQEYS,33227.62,49
HLA-A*02:01,5,9,22,14,FCENVEGSFLCVCA,FCSFLCVCA,FCENVEGSFLCVCA,33272.59,50
HLA-A*02:01,13,1,12,12,SEDSAVDSDDSI,SAVDSDDSI,SEDSAVDSDDSI,33413.65,50
HLA-A*02:01,15,1,12,12,SEDSAVDSDDSI,SAVDSDDSI,SEDSAVDSDDSI,33413.65,50
HLA-A*02:01,17,8,17,10,AKVIYVGRNP,AVIYVGRNP,AKVIYVGRNP,33452.01,50
HLA-A*02:01,20,8,17,10,AKVIYVGRNP,AVIYVGRNP,AKVIYVGRNP,33452.01,50
HLA-A*02:01,15,16,27,12,IRRFFGREGQGV,RFFGEGQGV,RFFGREGQGV,33489.65,50
HLA-A*02:01,1,2,13,12,LSTPEYTVELKG,LTPEYTVEL,LSTPEYTVEL,33525.2,50
HLA-A*02:01,3,2,13,12,LSTPEYTVELKG,LTPEYTVEL,LSTPEYTVEL,33525.2,50
HLA-A*02:01,13,16,27,12,IRRFLAEKAKES,ILAEKAKES,IRRFLAEKAKES,33558.21,50
HLA-A*02:01,5,13,21,9,VEGSFLCVC,VEGSFLCVC,VEGSFLCVC,33721.64,51
HLA-A*02:01,9,13,21,9,VEGSFLCVC,VEGSFLCVC,VEGSFLCVC,33721.64,51
HLA-A*02:01,1,6,17,12,EYTVELKGASLS,EVELKGASL,EYTVELKGASL,33763.27,51
HLA-A*02:01,3,6,17,12,EYTVELKGASLS,EVELKGASL,EYTVELKGASL,33763.27,51
HLA-A*02:01,13,14,21,8,LEIRRFLA,-LEIRRFLA,LEIRRFLA,33784.83,51
HLA-A*02:01,20,11,23,13,IYVGRNPPRCRGL,IYVGRNPGL,IYVGRNPPRCRGL,33786.29,51
HLA-A*02:01,20,10,21,12,VIYVGRNPPRCR,VIYNPPRCR,VIYVGRNPPRCR,33844.1,51
HLA-A*02:01,13,20,28,9,LAEKAKESI,LAEKAKESI,LAEKAKESI,33849.58,51
HLA-A*02:01,1,14,22,9,ASLSWAPKD,ASLSWAPKD,ASLSWAPKD,33864.97,51
HLA-A*02:01,9,22,31,10,VPMRTRSTAP,VMRTRSTAP,VPMRTRSTAP,33924.76,52
HLA-A*02:01,9,20,30,11,VCVPMRTRSTA,VCVPTRSTA,VCVPMRTRSTA,33944.59,52
HLA-A*02:01,15,19,29,11,FFGREGQGVYT,FFEGQGVYT,FFGREGQGVYT,33954.5,52
HLA-A*02:01,1,16,25,10,LSWAPKDKSS,LSWAPDKSS,LSWAPKDKSS,33980.59,52
HLA-A*02:01,15,11,21,11,SIELEIRRFFG,SILEIRRFF,SIELEIRRFF,33989.05,52
HLA-A*02:01,17,4,17,14,FSSKAKVIYVGRNP,FVIYVGRNP,FSSKAKVIYVGRNP,33993.09,52
HLA-A*02:01,20,4,17,14,FSSKAKVIYVGRNP,FVIYVGRNP,FSSKAKVIYVGRNP,33993.09,52
HLA-A*02:01,5,25,34,10,NQEYSPMTGQ,NQYSPMTGQ,NQEYSPMTGQ,34011.11,52
HLA-A*02:01,20,14,26,13,GRNPPRCRGLPLL,GRNPPLPLL,GRNPPRCRGLPLL,34014.05,52
HLA-A*02:01,13,14,22,9,LEIRRFLAE,LEIRRFLAE,LEIRRFLAE,34025.11,52
HLA-A*02:01,1,16,24,9,LSWAPKDKS,LSWAPKDKS,LSWAPKDKS,34075.95,52
HLA-A*02:01,15,19,28,10,FFGREGQGVY,FFREGQGVY,FFGREGQGVY,34110.99,52
HLA-A*02:01,17,22,29,8,VSLYYYSK,VSL-YYYSK,VSLYYYSK,34153.08,52
HLA-A*02:01,1,6,18,13,EYTVELKGASLSW,ELKGASLSW,EYTVELKGASLSW,34162.33,52
HLA-A*02:01,17,16,27,12,NPRDVVVSLYYY,NPRDVVVSY,NPRDVVVSLYYY,34177.12,52
HLA-A*02:01,15,24,32,9,GQGVYTQHR,GQGVYTQHR,GQGVYTQHR,34183.4,52
HLA-A*02:01,13,14,24,11,LEIRRFLAEKA,LEIRRFLAA,LEIRRFLAEKA,34197.47,52
HLA-A*02:01,17,18,26,9,RDVVVSLYY,RDVVVSLYY,RDVVVSLYY,34215.6,52
HLA-A*02:01,5,7,16,10,EAFCENVEGS,EAFENVEGS,EAFCENVEGS,34243.37,52
HLA-A*02:01,9,7,16,10,EAFCENVEGS,EAFENVEGS,EAFCENVEGS,34243.37,52
HLA-A*02:01,20,11,20,10,IYVGRNPPRC,IVGRNPPRC,IYVGRNPPRC,34243.75,53
HLA-A*02:01,9,16,23,8,SFLCVCVP,SFL-CVCVP,SFLCVCVP,34346.9,53
HLA-A*02:01,1,15,27,13,SLSWAPKDKSSKK,SLSDKSSKK,SLSWAPKDKSSKK,34364.01,53
HLA-A*02:01,13,3,12,10,DSAVDSDDSI,DAVDSDDSI,DSAVDSDDSI,34378.88,53
HLA-A*02:01,15,3,12,10,DSAVDSDDSI,DAVDSDDSI,DSAVDSDDSI,34378.88,53
HLA-A*02:01,5,12,23,12,NVEGSFLCVCAD,NVEGSFVCA,NVEGSFLCVCA,34392.27,53
HLA-A*02:01,1,11,21,11,LKGASLSWAPK,LASLSWAPK,LKGASLSWAPK,34422.05,53
HLA-A*02:01,9,13,23,11,VEGSFLCVCVP,VSFLCVCVP,VEGSFLCVCVP,34429.87,53
HLA-A*02:01,17,7,20,14,KAKVIYVGRNPRDV,KAKVIYVGV,KAKVIYVGRNPRDV,34434.71,53
HLA-A*02:01,13,17,29,13,RRFLAEKAKESIR,RRFAKESIR,RRFLAEKAKESIR,34456.7,53
HLA-A*02:01,1,14,21,8,ASLSWAPK,ASLSWAP-K,ASLSWAPK,34459.68,53
HLA-A*02:01,1,13,22,10,GASLSWAPKD,GSLSWAPKD,GASLSWAPKD,34491.76,53
HLA-A*02:01,3,9,21,13,VELKGASLSLGPP,VLKGASLSL,VELKGASLSL,34505.58,53
HLA-A*02:01,15,26,37,12,GVYTQHRTSRGT,GVYTTSRGT,GVYTQHRTSRGT,34507.82,53
HLA-A*02:01,9,12,25,14,NVEGSFLCVCVPMR,NVEGSFLMR,NVEGSFLCVCVPMR,34526.5,53
HLA-A*02:01,20,11,19,9,IYVGRNPPR,IYVGRNPPR,IYVGRNPPR,34552.27,53
HLA-A*02:01,5,19,32,14,CVCADENQEYSPMT,CVQEYSPMT,CVCADENQEYSPMT,34553.03,53
HLA-A*02:01,9,18,29,12,LCVCVPMRTRST,LVPMRTRST,LCVCVPMRTRST,34566.11,54
HLA-A*02:01,17,17,28,12,PRDVVVSLYYYS,PVVSLYYYS,PRDVVVSLYYYS,34568.72,54
HLA-A*02:01,17,7,15,9,KAKVIYVGR,KAKVIYVGR,KAKVIYVGR,34573.58,54
HLA-A*02:01,20,7,15,9,KAKVIYVGR,KAKVIYVGR,KAKVIYVGR,34573.58,54
HLA-A*02:01,13,5,12,8,AVDSDDSI,AVD-SDDSI,AVDSDDSI,34592.3,54
HLA-A*02:01,15,5,12,8,AVDSDDSI,AVD-SDDSI,AVDSDDSI,34592.3,54
HLA-A*02:01,3,15,28,14,SLSLGPPKTNPARR,SLSLGPPKR,SLSLGPPKTNPARR,34594.93,54
HLA-A*02:01,3,11,20,10,LKGASLSLGP,LGASLSLGP,LKGASLSLGP,34596.8,54
HLA-A*02:01,9,21,31,11,CVPMRTRSTAP,CVPTRSTAP,CVPMRTRSTAP,34628.63,54
HLA-A*02:01,1,14,23,10,ASLSWAPKDK,ALSWAPKDK,ASLSWAPKDK,34637.99,54
HLA-A*02:01,17,14,22,9,GRNPRDVVV,GRNPRDVVV,GRNPRDVVV,34646.61,54
HLA-A*02:01,1,14,25,12,ASLSWAPKDKSS,ASLSWAPSS,ASLSWAPKDKSS,34687.12,54
HLA-A*02:01,3,22,30,9,KTNPARRMC,KTNPARRMC,KTNPARRMC,34692.76,54
HLA-A*02:01,20,12,19,8,YVGRNPPR,YV-GRNPPR,YVGRNPPR,34741.21,54
HLA-A*02:01,1,9,21,13,VELKGASLSWAPK,VELKGASLK,VELKGASLSWAPK,34769.41,54
HLA-A*02:01,5,18,31,14,LCVCADENQEYSPM,CADENQEYM,CADENQEYSPM,34793.12,54
HLA-A*02:01,17,7,18,12,KAKVIYVGRNPR,KIYVGRNPR,KAKVIYVGRNPR,34796.13,54
HLA-A*02:01,17,2,12,11,AFFSSKAKVIY,AFFSSKAKY,AFFSSKAKVIY,34860.57,54
HLA-A*02:01,20,2,12,11,AFFSSKAKVIY,AFFSSKAKY,AFFSSKAKVIY,34860.57,54
HLA-A*02:01,5,15,28,14,GSFLCVCADENQEY,GSFDENQEY,GSFLCVCADENQEY,34970.14,55
HLA-A*02:01,1,11,19,9,LKGASLSWA,LKGASLSWA,LKGASLSWA,34970.88,55
HLA-A*02:01,15,32,43,12,RTSRGTCQARDA,RTSRGTCQA,RTSRGTCQARDA,34978.46,55
HLA-A*02:01,15,17,28,12,RRFFGREGQGVY,RRFEGQGVY,RRFFGREGQGVY,34995.86,55
HLA-A*02:01,13,13,23,11,ELEIRRFLAEK,ELRRFLAEK,ELEIRRFLAEK,35001.93,55
HLA-A*02:01,9,19,29,11,CVCVPMRTRST,CVCVPTRST,CVCVPMRTRST,35005.72,55
HLA-A*02:01,3,17,30,14,SLGPPKTNPARRMC,SLGPPKTMC,SLGPPKTNPARRMC,35028.44,55
HLA-A*02:01,5,21,30,10,CADENQEYSP,CADENQYSP,CADENQEYSP,35058.79,55
HLA-A*02:01,1,8,21,14,TVELKGASLSWAPK,TVELKGASK,TVELKGASLSWAPK,35065.62,55
HLA-A*02:01,3,10,22,13,ELKGASLSLGPPK,ELKGASLSK,ELKGASLSLGPPK,35086.48,55
HLA-A*02:01,17,24,32,9,LYYYSKIAG,LYYYSKIAG,LYYYSKIAG,35170.09,55
HLA-A*02:01,17,6,18,13,SKAKVIYVGRNPR,SIYVGRNPR,SKAKVIYVGRNPR,35200.93,55
HLA-A*02:01,1,12,19,8,KGASLSWA,KGASLSW-A,KGASLSWA,35338.7,56
HLA-A*02:01,3,11,22,12,LKGASLSLGPPK,LSLSLGPPK,LKGASLSLGPPK,35360.88,56
HLA-A*02:01,13,12,22,11,IELEIRRFLAE,IELEIFLAE,IELEIRRFLAE,35371.97,56
HLA-A*02:01,9,15,28,14,GSFLCVCVPMRTRS,GSFPMRTRS,GSFLCVCVPMRTRS,35385.75,56
HLA-A*02:01,13,9,21,13,DDSIELEIRRFLA,DLEIRRFLA,DDSIELEIRRFLA,35390.73,56
HLA-A*02:01,20,20,27,8,CRGLPLLL,CR-GLPLLL,CRGLPLLL,35410.27,56
HLA-A*02:01,5,10,21,12,CENVEGSFLCVC,CVEGSFLCV,CENVEGSFLCV,35423.31,56
HLA-A*02:01,9,10,21,12,CENVEGSFLCVC,CVEGSFLCV,CENVEGSFLCV,35423.31,56
HLA-A*02:01,20,17,26,10,PPRCRGLPLL,PPCRGLPLL,PPRCRGLPLL,35455.12,56
HLA-A*02:01,5,12,19,8,NVEGSFLC,NV-EGSFLC,NVEGSFLC,35455.9,56
HLA-A*02:01,9,12,19,8,NVEGSFLC,NV-EGSFLC,NVEGSFLC,35455.9,56
HLA-A*02:01,17,13,21,9,VGRNPRDVV,VGRNPRDVV,VGRNPRDVV,35502.35,56
HLA-A*02:01,13,4,15,12,SAVDSDDSIELE,SAVDSSIEL,SAVDSDDSIEL,35555.78,57
HLA-A*02:01,15,4,15,12,SAVDSDDSIELE,SAVDSSIEL,SAVDSDDSIEL,35555.78,57
HLA-A*02:01,17,8,18,11,AKVIYVGRNPR,AIYVGRNPR,AKVIYVGRNPR,35601.19,57
HLA-A*02:01,9,19,26,8,CVCVPMRT,CVC-VPMRT,CVCVPMRT,35695.31,57
HLA-A*02:01,20,8,19,12,AKVIYVGRNPPR,AYVGRNPPR,AKVIYVGRNPPR,35705.74,57
HLA-A*02:01,20,14,27,14,GRNPPRCRGLPLLL,GRNPPPLLL,GRNPPRCRGLPLLL,35769.54,57
HLA-A*02:01,5,3,15,13,GVCGEAFCENVEG,GVCGEAVEG,GVCGEAFCENVEG,35773.41,57
HLA-A*02:01,9,3,15,13,GVCGEAFCENVEG,GVCGEAVEG,GVCGEAFCENVEG,35773.41,57
HLA-A*02:01,5,11,19,9,ENVEGSFLC,ENVEGSFLC,ENVEGSFLC,35777.68,57
HLA-A*02:01,9,11,19,9,ENVEGSFLC,ENVEGSFLC,ENVEGSFLC,35777.68,57
HLA-A*02:01,17,4,11,8,FSSKAKVI,FSSKAKV-I,FSSKAKVI,35796.65,57
HLA-A*02:01,20,4,11,8,FSSKAKVI,FSSKAKV-I,FSSKAKVI,35796.65,57
HLA-A*02:01,20,13,26,14,VGRNPPRCRGLPLL,VGRNPPPLL,VGRNPPRCRGLPLL,35801.29,57
HLA-A*02:01,17,20,33,14,VVVSLYYYSKIAGQ,VVYSKIAGQ,VVVSLYYYSKIAGQ,35809.05,57
HLA-A*02:01,13,23,31,9,KAKESIRNT,KAKESIRNT,KAKESIRNT,35821.43,57
HLA-A*02:01,1,13,20,8,GASLSWAP,GAS-LSWAP,GASLSWAP,35851.68,58
HLA-A*02:01,17,6,15,10,SKAKVIYVGR,SKAKVIVGR,SKAKVIYVGR,35857.51,58
HLA-A*02:01,20,6,15,10,SKAKVIYVGR,SKAKVIVGR,SKAKVIYVGR,35857.51,58
HLA-A*02:01,20,5,18,14,SSKAKVIYVGRNPP,SIYVGRNPP,SSKAKVIYVGRNPP,35887.77,58
HLA-A*02:01,13,1,14,14,SEDSAVDSDDSIEL,SEDSAVIEL,SEDSAVDSDDSIEL,35933.23,58
HLA-A*02:01,15,1,14,14,SEDSAVDSDDSIEL,SEDSAVIEL,SEDSAVDSDDSIEL,35933.23,58
HLA-A*02:01,5,8,21,14,AFCENVEGSFLCVC,AFCENVEVC,AFCENVEGSFLCVC,35934.02,58
HLA-A*02:01,9,8,21,14,AFCENVEGSFLCVC,AFCENVEVC,AFCENVEGSFLCVC,35934.02,58
HLA-A*02:01,13,3,16,14,DSAVDSDDSIELEI,DSDSIELEI,DSAVDSDDSIELEI,35940.62,58
HLA-A*02:01,15,3,16,14,DSAVDSDDSIELEI,DSDSIELEI,DSAVDSDDSIELEI,35940.62,58
HLA-A*02:01,17,15,25,11,RNPRDVVVSLY,RRDVVVSLY,RNPRDVVVSLY,35964.74,58
HLA-A*02:01,15,14,23,10,LEIRRFFGRE,LEIRRFFRE,LEIRRFFGRE,35974.09,58
HLA-A*02:01,5,14,23,10,EGSFLCVCAD,ESFLCVCAD,EGSFLCVCAD,36055.91,58
HLA-A*02:01,5,5,18,14,CGEAFCENVEGSFL,CENVEGSFL,CGEAFCENVEGSFL,36076.99,58
HLA-A*02:01,9,5,18,14,CGEAFCENVEGSFL,CENVEGSFL,CGEAFCENVEGSFL,36076.99,58
HLA-A*02:01,17,19,29,11,DVVVSLYYYSK,DVVVSLYSK,DVVVSLYYYSK,36140.68,58
HLA-A*02:01,13,2,14,13,EDSAVDSDDSIEL,EDSDDSIEL,EDSAVDSDDSIEL,36149.68,58
HLA-A*02:01,15,2,14,13,EDSAVDSDDSIEL,EDSDDSIEL,EDSAVDSDDSIEL,36149.68,58
HLA-A*02:01,13,5,17,13,AVDSDDSIELEIR,AVDSDLEIR,AVDSDDSIELEIR,36151.61,58
HLA-A*02:01,15,5,17,13,AVDSDDSIELEIR,AVDSDLEIR,AVDSDDSIELEIR,36151.61,58
HLA-A*02:01,13,11,24,14,SIELEIRRFLAEKA,SIELEIEKA,SIELEIRRFLAEKA,36164.13,59
HLA-A*02:01,5,20,29,10,VCADENQEYS,VADENQEYS,VCADENQEYS,36194.67,59
HLA-A*02:01,1,8,18,11,TVELKGASLSW,TLKGASLSW,TVELKGASLSW,36202.52,59
HLA-A*02:01,1,14,24,11,ASLSWAPKDKS,ASWAPKDKS,ASLSWAPKDKS,36213.47,59
HLA-A*02:01,5,22,31,10,ADENQEYSPM,AENQEYSPM,ADENQEYSPM,36263.27,59
HLA-A*02:01,17,24,33,10,LYYYSKIAGQ,LYYSKIAGQ,LYYYSKIAGQ,36269.16,59
HLA-A*02:01,5,6,15,10,GEAFCENVEG,GAFCENVEG,GEAFCENVEG,36275.43,59
HLA-A*02:01,9,6,15,10,GEAFCENVEG,GAFCENVEG,GEAFCENVEG,36275.43,59
HLA-A*02:01,5,10,22,13,CENVEGSFLCVCA,CENVEGVCA,CENVEGSFLCVCA,36335.94,59
HLA-A*02:01,20,12,24,13,YVGRNPPRCRGLP,YVGRNPPLP,YVGRNPPRCRGLP,36337.11,59
HLA-A*02:01,17,17,27,11,PRDVVVSLYYY,PRDVVVSLY,PRDVVVSLYYY,36386.28,59
HLA-A*02:01,3,8,21,14,TVELKGASLSLGPP,TVELKGASP,TVELKGASLSLGPP,36391.4,59
HLA-A*02:01,3,12,22,11,KGASLSLGPPK,KSLSLGPPK,KGASLSLGPPK,36402.03,59
HLA-A*02:01,15,18,26,9,RFFGREGQG,RFFGREGQG,RFFGREGQG,36415.84,59
HLA-A*02:01,15,28,38,11,YTQHRTSRGTC,YTQHRTSTC,YTQHRTSRGTC,36424.11,59
HLA-A*02:01,17,10,17,8,VIYVGRNP,VIY-VGRNP,VIYVGRNP,36453.67,59
HLA-A*02:01,20,10,17,8,VIYVGRNP,VIY-VGRNP,VIYVGRNP,36453.67,59
HLA-A*02:01,5,11,21,11,ENVEGSFLCVC,ENVEGSFLC,ENVEGSFLCVC,36498.27,60
HLA-A*02:01,9,11,21,11,ENVEGSFLCVC,ENVEGSFLC,ENVEGSFLCVC,36498.27,60
HLA-A*02:01,20,20,28,9,CRGLPLLLF,CRGLPLLLF,CRGLPLLLF,36501.82,60
HLA-A*02:01,1,24,33,10,SSKKNVLELR,SSKKVLELR,SSKKNVLELR,36526.31,60
HLA-A*02:01,1,13,24,12,GASLSWAPKDKS,GSWAPKDKS,GASLSWAPKDKS,36535.41,60
HLA-A*02:01,15,28,41,14,YTQHRTSRGTCQAR,YSRGTCQAR,YTQHRTSRGTCQAR,36555.58,60
HLA-A*02:01,20,18,26,9,PRCRGLPLL,PRCRGLPLL,PRCRGLPLL,36557.16,60
HLA-A*02:01,1,14,26,13,ASLSWAPKDKSSK,ASLSDKSSK,ASLSWAPKDKSSK,36567.84,60
HLA-A*02:01,3,11,21,11,LKGASLSLGPP,LASLSLGPP,LKGASLSLGPP,36576.14,60
HLA-A*02:01,3,6,19,14,EYTVELKGASLSLG,ELKGASLSL,EYTVELKGASLSL,36576.55,60
HLA-A*02:01,9,18,25,8,LCVCVPMR,-LCVCVPMR,LCVCVPMR,36578.12,60
HLA-A*02:01,17,17,30,14,PRDVVVSLYYYSKI,PRDVVVSKI,PRDVVVSLYYYSKI,36614.95,60
HLA-A*02:01,3,14,21,8,ASLSLGPP,ASLSLGP-P,ASLSLGPP,36657.36,60
HLA-A*02:01,5,19,30,12,CVCADENQEYSP,CVCADENQP,CVCADENQEYSP,36675.21,60
HLA-A*02:01,13,6,16,11,VDSDDSIELEI,VDSDIELEI,VDSDDSIELEI,36700.62,60
HLA-A*02:01,15,6,16,11,VDSDDSIELEI,VDSDIELEI,VDSDDSIELEI,36700.62,60
HLA-A*02:01,5,16,27,12,SFLCVCADENQE,SVCADENQE,SFLCVCADENQE,36704.6,60
HLA-A*02:01,9,13,26,14,VEGSFLCVCVPMRT,VEGSVPMRT,VEGSFLCVCVPMRT,36772.97,61
HLA-A*02:01,20,9,21,13,KVIYVGRNPPRCR,KVINPPRCR,KVIYVGRNPPRCR,36803.22,61
HLA-A*02:01,5,3,10,8,GVCGEAFC,GVC-GEAFC,GVCGEAFC,36806.0,61
HLA-A*02:01,9,3,10,8,GVCGEAFC,GVC-GEAFC,GVCGEAFC,36806.0,61
HLA-A*02:01,5,7,17,11,EAFCENVEGSF,EAFNVEGSF,EAFCENVEGSF,36813.98,61
HLA-A*02:01,9,7,17,11,EAFCENVEGSF,EAFNVEGSF,EAFCENVEGSF,36813.98,61
HLA-A*02:01,15,31,44,14,HRTSRGTCQARDAL,HTCQARDAL,HRTSRGTCQARDAL,36816.75,61
HLA-A*02:01,1,12,24,13,KGASLSWAPKDKS,KSWAPKDKS,KGASLSWAPKDKS,36825.52,61
HLA-A*02:01,20,12,21,10,YVGRNPPRCR,YVGNPPRCR,YVGRNPPRCR,36872.17,61
HLA-A*02:01,1,21,32,12,KDKSSKKNVLEL,KSKKNVLEL,KDKSSKKNVLEL,36872.57,61
HLA-A*02:01,15,29,37,9,TQHRTSRGT,TQHRTSRGT,TQHRTSRGT,36887.72,61
HLA-A*02:01,15,29,38,10,TQHRTSRGTC,TQHRTSRTC,TQHRTSRGTC,36894.91,61
HLA-A*02:01,20,10,22,13,VIYVGRNPPRCRG,VIYNPPRCR,VIYVGRNPPRCR,36951.25,61
HLA-A*02:01,9,20,29,10,VCVPMRTRST,VVPMRTRST,VCVPMRTRST,36987.65,61
HLA-A*02:01,17,14,27,14,GRNPRDVVVSLYYY,GRNPRDVYY,GRNPRDVVVSLYYY,36992.45,61
HLA-A*02:01,13,18,30,13,RFLAEKAKESIRN,FLAEKAESI,FLAEKAKESI,36993.26,61
HLA-A*02:01,9,14,27,14,EGSFLCVCVPMRTR,EVCVPMRTR,EGSFLCVCVPMRTR,37032.91,62
HLA-A*02:01,17,15,26,12,RNPRDVVVSLYY,RNPRDVVYY,RNPRDVVVSLYY,37043.32,62
HLA-A*02:01,3,14,27,14,ASLSLGPPKTNPAR,ASLSLGPAR,ASLSLGPPKTNPAR,37051.73,62
HLA-A*02:01,20,15,23,9,RNPPRCRGL,RNPPRCRGL,RNPPRCRGL,37058.95,62
HLA-A*02:01,5,20,28,9,VCADENQEY,VCADENQEY,VCADENQEY,37089.03,62
HLA-A*02:01,5,16,26,11,SFLCVCADENQ,SFLCVDENQ,SFLCVCADENQ,37096.25,62
HLA-A*02:01,15,20,27,8,FGREGQGV,FGREG-QGV,FGREGQGV,37123.96,62
HLA-A*02:01,17,9,19,11,KVIYVGRNPRD,KVIYVGRNR,KVIYVGRNPR,37142.45,62
HLA-A*02:01,5,19,27,9,CVCADENQE,CVCADENQE,CVCADENQE,37151.7,62
HLA-A*02:01,15,20,28,9,FGREGQGVY,FGREGQGVY,FGREGQGVY,37157.71,62
HLA-A*02:01,13,7,20,14,DSDDSIELEIRRFL,DSDDSIELL,DSDDSIELEIRRFL,37178.23,62
HLA-A*02:01,3,9,22,14,VELKGASLSLGPPK,VELKGASLK,VELKGASLSLGPPK,37183.87,62
HLA-A*02:01,13,17,25,9,RRFLAEKAK,RRFLAEKAK,RRFLAEKAK,37184.27,62
HLA-A*02:01,1,12,23,12,KGASLSWAPKDK,KLSWAPKDK,KGASLSWAPKDK,37190.7,62
HLA-A*02:01,20,17,25,9,PPRCRGLPL,PPRCRGLPL,PPRCRGLPL,37197.95,62
HLA-A*02:01,20,7,19,13,KAKVIYVGRNPPR,KAVGRNPPR,KAKVIYVGRNPPR,37228.95,62
HLA-A*02:01,17,3,16,14,FFSSKAKVIYVGRN,FFSSKVIYV,FFSSKAKVIYV,37244.25,62
HLA-A*02:01,20,3,16,14,FFSSKAKVIYVGRN,FFSSKVIYV,FFSSKAKVIYV,37244.25,62
HLA-A*02:01,15,10,20,11,DSIELEIRRFF,DSIELEIRF,DSIELEIRRFF,37256.77,62
HLA-A*02:01,3,13,25,13,GASLSLGPPKTNP,GLGPPKTNP,GASLSLGPPKTNP,37300.71,63
HLA-A*02:01,13,14,25,12,LEIRRFLAEKAK,LEIRRFLAK,LEIRRFLAEKAK,37322.11,63
HLA-A*02:01,17,16,25,10,NPRDVVVSLY,NPRDVVVSL,NPRDVVVSL,37377.48,63
HLA-A*02:01,17,5,18,14,SSKAKVIYVGRNPR,SIYVGRNPR,SSKAKVIYVGRNPR,37413.08,63
HLA-A*02:01,5,15,26,12,GSFLCVCADENQ,GSFLADENQ,GSFLCVCADENQ,37465.35,63
HLA-A*02:01,9,11,23,13,ENVEGSFLCVCVP,ENVEGSFLP,ENVEGSFLCVCVP,37475.48,63
HLA-A*02:01,1,2,10,9,LSTPEYTVE,LSTPEYTVE,LSTPEYTVE,37483.98,63
HLA-A*02:01,3,2,10,9,LSTPEYTVE,LSTPEYTVE,LSTPEYTVE,37483.98,63
HLA-A*02:01,15,25,34,10,QGVYTQHRTS,QVYTQHRTS,QGVYTQHRTS,37504.68,63
HLA-A*02:01,20,14,23,10,GRNPPRCRGL,GRNPPRRGL,GRNPPRCRGL,37532.7,63
HLA-A*02:01,17,14,25,12,GRNPRDVVVSLY,GRNPVVSLY,GRNPRDVVVSLY,37591.61,64
HLA-A*02:01,9,20,31,12,VCVPMRTRSTAP,VMRTRSTAP,VCVPMRTRSTAP,37605.46,64
HLA-A*02:01,3,16,28,13,LSLGPPKTNPARR,LSLGPPKTR,LSLGPPKTNPARR,37612.79,64
HLA-A*02:01,1,13,23,11,GASLSWAPKDK,GLSWAPKDK,GASLSWAPKDK,37656.77,64
HLA-A*02:01,15,26,38,13,GVYTQHRTSRGTC,GVYTQHRTC,GVYTQHRTSRGTC,37689.37,64
HLA-A*02:01,1,15,22,8,SLSWAPKD,SLS-WAPKD,SLSWAPKD,37691.0,64
HLA-A*02:01,13,12,24,13,IELEIRRFLAEKA,IELEIAEKA,IELEIRRFLAEKA,37749.77,64
HLA-A*02:01,5,7,15,9,EAFCENVEG,EAFCENVEG,EAFCENVEG,37784.92,64
HLA-A*02:01,9,7,15,9,EAFCENVEG,EAFCENVEG,EAFCENVEG,37784.92,64
HLA-A*02:01,17,6,17,12,SKAKVIYVGRNP,SVIYVGRNP,SKAKVIYVGRNP,37793.5,64
HLA-A*02:01,20,6,17,12,SKAKVIYVGRNP,SVIYVGRNP,SKAKVIYVGRNP,37793.5,64
HLA-A*02:01,1,23,33,11,KSSKKNVLELR,KSKNVLELR,KSSKKNVLELR,37822.54,64
HLA-A*02:01,5,6,13,8,GEAFCENV,GEA-FCENV,GEAFCENV,37841.79,65
HLA-A*02:01,9,6,13,8,GEAFCENV,GEA-FCENV,GEAFCENV,37841.79,65
HLA-A*02:01,5,18,29,12,LCVCADENQEYS,LADENQEYS,LCVCADENQEYS,37883.15,65
HLA-A*02:01,5,15,27,13,GSFLCVCADENQE,GSFADENQE,GSFLCVCADENQE,37894.22,65
HLA-A*02:01,17,13,25,13,VGRNPRDVVVSLY,VGRNPVSLY,VGRNPRDVVVSLY,37935.66,65
HLA-A*02:01,3,16,29,14,LSLGPPKTNPARRM,LSLGPPKTM,LSLGPPKTNPARRM,37943.45,65
HLA-A*02:01,15,33,41,9,TSRGTCQAR,TSRGTCQAR,TSRGTCQAR,38024.01,65
HLA-A*02:01,15,28,36,9,YTQHRTSRG,YTQHRTSRG,YTQHRTSRG,38028.13,65
HLA-A*02:01,5,5,14,10,CGEAFCENVE,CEAFCENVE,CGEAFCENVE,38047.04,65
HLA-A*02:01,9,5,14,10,CGEAFCENVE,CEAFCENVE,CGEAFCENVE,38047.04,65
HLA-A*02:01,15,12,22,11,IELEIRRFFGR,IELEIRFGR,IELEIRRFFGR,38075.47,65
HLA-A*02:01,17,5,17,13,SSKAKVIYVGRNP,SVIYVGRNP,SSKAKVIYVGRNP,38120.8,66
HLA-A*02:01,20,5,17,13,SSKAKVIYVGRNP,SVIYVGRNP,SSKAKVIYVGRNP,38120.8,66
HLA-A*02:01,17,17,29,13,PRDVVVSLYYYSK,PRDVVVYSK,PRDVVVSLYYYSK,38157.55,66
HLA-A*02:01,20,16,28,13,NPPRCRGLPLLLF,NPPLPLLLF,NPPRCRGLPLLLF,38162.91,66
HLA-A*02:01,20,15,28,14,RNPPRCRGLPLLLF,RNPPPLLLF,RNPPRCRGLPLLLF,38174.06,66
HLA-A*02:01,1,16,27,12,LSWAPKDKSSKK,LSWDKSSKK,LSWAPKDKSSKK,38176.13,66
HLA-A*02:01,1,23,31,9,KSSKKNVLE,KSSKKNVLE,KSSKKNVLE,38188.93,66
HLA-A*02:01,1,13,25,13,GASLSWAPKDKSS,GAAPKDKSS,GASLSWAPKDKSS,38194.3,66
HLA-A*02:01,15,29,41,13,TQHRTSRGTCQAR,TQHGTCQAR,TQHRTSRGTCQAR,38194.3,66
HLA-A*02:01,13,4,13,10,SAVDSDDSIE,SVDSDDSIE,SAVDSDDSIE,38205.88,66
HLA-A*02:01,15,4,13,10,SAVDSDDSIE,SVDSDDSIE,SAVDSDDSIE,38205.88,66
HLA-A*02:01,5,21,33,13,CADENQEYSPMTG,CADESPMTG,CADENQEYSPMTG,38227.38,66
HLA-A*02:01,15,10,22,13,DSIELEIRRFFGR,DSIELEIRR,DSIELEIRRFFGR,38250.14,66
HLA-A*02:01,1,9,16,8,VELKGASL,VEL-KGASL,VELKGASL,38389.86,67
HLA-A*02:01,3,9,16,8,VELKGASL,VEL-KGASL,VELKGASL,38389.86,67
HLA-A*02:01,1,3,10,8,STPEYTVE,STPEYTVE-,STPEYTVE,38394.84,67
HLA-A*02:01,3,3,10,8,STPEYTVE,STPEYTVE-,STPEYTVE,38394.84,67
HLA-A*02:01,1,12,22,11,KGASLSWAPKD,KGASLSAPK,KGASLSWAPK,38404.82,67
HLA-A*02:01,17,14,26,13,GRNPRDVVVSLYY,GRNPVSLYY,GRNPRDVVVSLYY,38408.56,67
HLA-A*02:01,17,11,23,13,IYVGRNPRDVVVS,IYVGDVVVS,IYVGRNPRDVVVS,38417.7,67
HLA-A*02:01,15,27,40,14,VYTQHRTSRGTCQA,VTSRGTCQA,VYTQHRTSRGTCQA,38431.83,67
HLA-A*02:01,17,25,32,8,YYYSKIAG,YYYSKIAG-,YYYSKIAG,38466.37,67
HLA-A*02:01,1,6,15,10,EYTVELKGAS,ETVELKGAS,EYTVELKGAS,38500.91,67
HLA-A*02:01,3,6,15,10,EYTVELKGAS,ETVELKGAS,EYTVELKGAS,38500.91,67
HLA-A*02:01,13,16,23,8,IRRFLAEK,-IRRFLAEK,IRRFLAEK,38556.77,67
HLA-A*02:01,17,6,14,9,SKAKVIYVG,SKAKVIYVG,SKAKVIYVG,38557.2,67
HLA-A*02:01,20,6,14,9,SKAKVIYVG,SKAKVIYVG,SKAKVIYVG,38557.2,67
HLA-A*02:01,3,14,24,11,ASLSLGPPKTN,ALSLGPPKT,ASLSLGPPKT,38583.49,67
HLA-A*02:01,13,4,17,14,SAVDSDDSIELEIR,SAVDSLEIR,SAVDSDDSIELEIR,38649.51,68
HLA-A*02:01,15,4,17,14,SAVDSDDSIELEIR,SAVDSLEIR,SAVDSDDSIELEIR,38649.51,68
HLA-A*02:01,13,13,25,13,ELEIRRFLAEKAK,ELFLAEKAK,ELEIRRFLAEKAK,38705.58,68
HLA-A*02:01,13,10,22,13,DSIELEIRRFLAE,DSIELEIAE,DSIELEIRRFLAE,38724.43,68
HLA-A*02:01,1,22,32,11,DKSSKKNVLEL,DSKKNVLEL,DKSSKKNVLEL,38737.0,68
HLA-A*02:01,15,13,20,8,ELEIRRFF,EL-EIRRFF,ELEIRRFF,38752.51,68
HLA-A*02:01,1,10,22,13,ELKGASLSWAPKD,ELKGASLSK,ELKGASLSWAPK,38756.29,68
HLA-A*02:01,17,16,29,14,NPRDVVVSLYYYSK,NPRDVVVSK,NPRDVVVSLYYYSK,38849.07,68
HLA-A*02:01,13,7,14,8,DSDDSIEL,DSDD-SIEL,DSDDSIEL,38889.43,69
HLA-A*02:01,15,7,14,8,DSDDSIEL,DSDD-SIEL,DSDDSIEL,38889.43,69
HLA-A*02:01,20,17,27,11,PPRCRGLPLLL,PCRGLPLLL,PPRCRGLPLLL,38908.38,69
HLA-A*02:01,1,11,23,13,LKGASLSWAPKDK,LLSWAPKDK,LKGASLSWAPKDK,38910.48,69
HLA-A*02:01,17,7,17,11,KAKVIYVGRNP,KVIYVGRNP,KAKVIYVGRNP,38916.8,69
HLA-A*02:01,20,7,17,11,KAKVIYVGRNP,KVIYVGRNP,KAKVIYVGRNP,38916.8,69
HLA-A*02:01,15,37,44,8,TCQARDAL,-TCQARDAL,TCQARDAL,38919.74,69
HLA-A*02:01,9,18,31,14,LCVCVPMRTRSTAP,LMRTRSTAP,LCVCVPMRTRSTAP,38969.04,69
HLA-A*02:01,5,13,23,11,VEGSFLCVCAD,VEGSFLVCA,VEGSFLCVCA,38977.49,69
HLA-A*02:01,15,8,20,13,SDDSIELEIRRFF,SDDSIELEF,SDDSIELEIRRFF,39026.01,69
HLA-A*02:01,17,17,26,10,PRDVVVSLYY,PRDVVVLYY,PRDVVVSLYY,39039.95,69
HLA-A*02:01,15,26,33,8,GVYTQHRT,GVY-TQHRT,GVYTQHRT,39048.39,69
HLA-A*02:01,13,5,13,9,AVDSDDSIE,AVDSDDSIE,AVDSDDSIE,39066.15,69
HLA-A*02:01,15,5,13,9,AVDSDDSIE,AVDSDDSIE,AVDSDDSIE,39066.15,69
HLA-A*02:01,5,3,16,14,GVCGEAFCENVEGS,GVCENVEGS,GVCGEAFCENVEGS,39068.27,69
HLA-A*02:01,9,3,16,14,GVCGEAFCENVEGS,GVCENVEGS,GVCGEAFCENVEGS,39068.27,69
HLA-A*02:01,1,5,17,13,PEYTVELKGASLS,YTVEGASLS,YTVELKGASLS,39086.43,69
HLA-A*02:01,3,5,17,13,PEYTVELKGASLS,YTVEGASLS,YTVELKGASLS,39086.43,69
HLA-A*02:01,5,25,33,9,NQEYSPMTG,NQEYSPMTG,NQEYSPMTG,39136.8,70
HLA-A*02:01,13,10,19,10,DSIELEIRRF,DSIELEIRF,DSIELEIRRF,39137.23,70
HLA-A*02:01,15,10,19,10,DSIELEIRRF,DSIELEIRF,DSIELEIRRF,39137.23,70
HLA-A*02:01,15,30,40,11,QHRTSRGTCQA,QTSRGTCQA,QHRTSRGTCQA,39161.37,70
HLA-A*02:01,5,1,11,11,LSGVCGEAFCE,LVCGEAFCE,LSGVCGEAFCE,39170.69,70
HLA-A*02:01,9,1,11,11,LSGVCGEAFCE,LVCGEAFCE,LSGVCGEAFCE,39170.69,70
HLA-A*02:01,13,5,18,14,AVDSDDSIELEIRR,AVIELEIRR,AVDSDDSIELEIRR,39180.88,70
HLA-A*02:01,15,5,18,14,AVDSDDSIELEIRR,AVIELEIRR,AVDSDDSIELEIRR,39180.88,70
HLA-A*02:01,15,11,23,13,SIELEIRRFFGRE,SIELEIRRE,SIELEIRRFFGRE,39184.69,70
HLA-A*02:01,15,22,34,13,REGQGVYTQHRTS,RVYTQHRTS,REGQGVYTQHRTS,39193.16,70
HLA-A*02:01,15,25,33,9,QGVYTQHRT,QGVYTQHRT,QGVYTQHRT,39241.11,70
HLA-A*02:01,5,6,17,12,GEAFCENVEGSF,GCENVEGSF,GEAFCENVEGSF,39241.54,70
HLA-A*02:01,9,6,17,12,GEAFCENVEGSF,GCENVEGSF,GEAFCENVEGSF,39241.54,70
HLA-A*02:01,3,16,23,8,LSLGPPKT,-LSLGPPKT,LSLGPPKT,39253.43,70
HLA-A*02:01,15,19,30,12,FFGREGQGVYTQ,FFGQGVYTQ,FFGREGQGVYTQ,39278.48,70
HLA-A*02:01,13,6,15,10,VDSDDSIELE,VSDDSIELE,VDSDDSIELE,39282.3,70
HLA-A*02:01,15,6,15,10,VDSDDSIELE,VSDDSIELE,VDSDDSIELE,39282.3,70
HLA-A*02:01,15,24,34,11,GQGVYTQHRTS,GVYTQHRTS,GQGVYTQHRTS,39297.2,70
HLA-A*02:01,15,20,32,13,FGREGQGVYTQHR,FGREGTQHR,FGREGQGVYTQHR,39303.57,70
HLA-A*02:01,5,2,14,13,SGVCGEAFCENVE,SEAFCENVE,SGVCGEAFCENVE,39306.55,70
HLA-A*02:01,9,2,14,13,SGVCGEAFCENVE,SEAFCENVE,SGVCGEAFCENVE,39306.55,70
HLA-A*02:01,1,18,29,12,WAPKDKSSKKNV,WAPKDKSSV,WAPKDKSSKKNV,39314.21,70
HLA-A*02:01,15,17,26,10,RRFFGREGQG,RFFGREGQG,RRFFGREGQG,39320.58,70
HLA-A*02:01,17,5,15,11,SSKAKVIYVGR,SSKAKVIYR,SSKAKVIYVGR,39328.23,70
HLA-A*02:01,20,5,15,11,SSKAKVIYVGR,SSKAKVIYR,SSKAKVIYVGR,39328.23,70
HLA-A*02:01,1,5,18,14,PEYTVELKGASLSW,PLKGASLSW,PEYTVELKGASLSW,39343.15,70
HLA-A*02:01,13,14,27,14,LEIRRFLAEKAKES,LLAEKAKES,LEIRRFLAEKAKES,39366.98,70
HLA-A*02:01,5,25,32,8,NQEYSPMT,NQ-EYSPMT,NQEYSPMT,39369.12,70
HLA-A*02:01,17,18,25,8,RDVVVSLY,R-DVVVSLY,RDVVVSLY,39385.29,71
HLA-A*02:01,1,9,17,9,VELKGASLS,VELKGASLS,VELKGASLS,39393.83,71
HLA-A*02:01,3,9,17,9,VELKGASLS,VELKGASLS,VELKGASLS,39393.83,71
HLA-A*02:01,5,12,24,13,NVEGSFLCVCADE,NVEGSFLCE,NVEGSFLCVCADE,39397.23,71
HLA-A*02:01,15,17,30,14,RRFFGREGQGVYTQ,RRFQGVYTQ,RRFFGREGQGVYTQ,39397.66,71
HLA-A*02:01,17,19,32,14,DVVVSLYYYSKIAG,DVYYSKIAG,DVVVSLYYYSKIAG,39410.45,71
HLA-A*02:01,5,4,15,12,VCGEAFCENVEG,VAFCENVEG,VCGEAFCENVEG,39424.96,71
HLA-A*02:01,9,4,15,12,VCGEAFCENVEG,VAFCENVEG,VCGEAFCENVEG,39424.96,71
HLA-A*02:01,5,20,32,13,VCADENQEYSPMT,VCADESPMT,VCADENQEYSPMT,39455.69,71
HLA-A*02:01,1,2,15,14,LSTPEYTVELKGAS,LTPEYTVEL,LSTPEYTVEL,39491.12,71
HLA-A*02:01,3,2,15,14,LSTPEYTVELKGAS,LTPEYTVEL,LSTPEYTVEL,39491.12,71
HLA-A*02:01,1,13,26,14,GASLSWAPKDKSSK,GAPKDKSSK,GASLSWAPKDKSSK,39499.68,71
HLA-A*02:01,9,18,28,11,LCVCVPMRTRS,LVCVPMRTR,LCVCVPMRTR,39503.96,71
HLA-A*02:01,20,6,19,14,SKAKVIYVGRNPPR,SKAKVIYVR,SKAKVIYVGRNPPR,39539.01,71
HLA-A*02:01,1,11,22,12,LKGASLSWAPKD,LSLSWAPKD,LKGASLSWAPKD,39551.43,71
HLA-A*02:01,17,15,22,8,RNPRDVVV,RNP-RDVVV,RNPRDVVV,39625.52,72
HLA-A*02:01,3,18,27,10,LGPPKTNPAR,LGPPTNPAR,LGPPKTNPAR,39631.96,72
HLA-A*02:01,5,18,27,10,LCVCADENQE,LVCADENQE,LCVCADENQE,39633.67,72
HLA-A*02:01,5,15,25,11,GSFLCVCADEN,GSFLCVCEN,GSFLCVCADEN,39680.01,72
HLA-A*02:01,17,19,26,8,DVVVSLYY,DVV-VSLYY,DVVVSLYY,39682.16,72
HLA-A*02:01,17,11,18,8,IYVGRNPR,-IYVGRNPR,IYVGRNPR,39714.37,72
HLA-A*02:01,1,23,34,12,KSSKKNVLELRS,KSSKKNVLS,KSSKKNVLELRS,39733.71,72
HLA-A*02:01,20,9,22,14,KVIYVGRNPPRCRG,KVINPPRCR,KVIYVGRNPPRCR,39763.83,72
HLA-A*02:01,13,15,25,11,EIRRFLAEKAK,EIFLAEKAK,EIRRFLAEKAK,39803.86,72
HLA-A*02:01,15,10,21,12,DSIELEIRRFFG,DSIELEIFG,DSIELEIRRFFG,39846.52,72
HLA-A*02:01,15,24,35,12,GQGVYTQHRTSR,GQTQHRTSR,GQGVYTQHRTSR,39859.45,73
HLA-A*02:01,1,25,32,8,SKKNVLEL,SKK-NVLEL,SKKNVLEL,39871.53,73
HLA-A*02:01,5,16,23,8,SFLCVCAD,SFLCVCAD-,SFLCVCAD,39878.42,73
HLA-A*02:01,15,18,31,14,RFFGREGQGVYTQH,RFFGRETQH,RFFGREGQGVYTQH,39908.21,73
HLA-A*02:01,13,10,23,14,DSIELEIRRFLAEK,DSIELLAEK,DSIELEIRRFLAEK,39960.49,73
HLA-A*02:01,5,18,28,11,LCVCADENQEY,LCADENQEY,LCVCADENQEY,39974.34,73
HLA-A*02:01,15,33,43,11,TSRGTCQARDA,TSRGTCQAA,TSRGTCQARDA,39979.96,73
HLA-A*02:01,15,17,25,9,RRFFGREGQ,RRFFGREGQ,RRFFGREGQ,39991.2,73
HLA-A*02:01,17,13,26,14,VGRNPRDVVVSLYY,VGRNPSLYY,VGRNPRDVVVSLYY,40006.78,73
HLA-A*02:01,20,18,25,8,PRCRGLPL,PRC-RGLPL,PRCRGLPL,40007.66,73
HLA-A*02:01,1,12,25,14,KGASLSWAPKDKSS,KGASLSWSS,KGASLSWAPKDKSS,40009.82,73
HLA-A*02:01,13,11,18,8,SIELEIRR,SI-ELEIRR,SIELEIRR,40019.35,73
HLA-A*02:01,15,11,18,8,SIELEIRR,SI-ELEIRR,SIELEIRR,40019.35,73
HLA-A*02:01,5,5,15,11,CGEAFCENVEG,CAFCENVEG,CGEAFCENVEG,40061.8,73
HLA-A*02:01,9,5,15,11,CGEAFCENVEG,CAFCENVEG,CGEAFCENVEG,40061.8,73
HLA-A*02:01,3,10,23,14,ELKGASLSLGPPKT,ELKGASLST,ELKGASLSLGPPKT,40074.36,73
HLA-A*02:01,20,8,20,13,AKVIYVGRNPPRC,AVGRNPPRC,AKVIYVGRNPPRC,40127.73,74
HLA-A*02:01,3,22,29,8,KTNPARRM,KTN-PARRM,KTNPARRM,40139.46,74
HLA-A*02:01,15,31,41,11,HRTSRGTCQAR,HRTSRGQAR,HRTSRGTCQAR,40152.92,74
HLA-A*02:01,17,2,9,8,AFFSSKAK,AFF-SSKAK,AFFSSKAK,40164.66,74
HLA-A*02:01,20,2,9,8,AFFSSKAK,AFF-SSKAK,AFFSSKAK,40164.66,74
HLA-A*02:01,15,28,35,8,YTQHRTSR,YT-QHRTSR,YTQHRTSR,40171.18,74
HLA-A*02:01,15,12,23,12,IELEIRRFFGRE,IELEIRRRE,IELEIRRFFGRE,40183.34,74
HLA-A*02:01,9,10,23,14,CENVEGSFLCVCVP,CSFLCVCVP,CENVEGSFLCVCVP,40190.75,74
HLA-A*02:01,13,2,12,11,EDSAVDSDDSI,EAVDSDDSI,EDSAVDSDDSI,40206.41,74
HLA-A*02:01,15,2,12,11,EDSAVDSDDSI,EAVDSDDSI,EDSAVDSDDSI,40206.41,74
HLA-A*02:01,3,18,29,12,LGPPKTNPARRM,LGPPKTNRM,LGPPKTNPARRM,40228.17,74
HLA-A*02:01,5,4,14,11,VCGEAFCENVE,VCGEAFNVE,VCGEAFCENVE,40239.48,74
HLA-A*02:01,9,4,14,11,VCGEAFCENVE,VCGEAFNVE,VCGEAFCENVE,40239.48,74
HLA-A*02:01,13,16,29,14,IRRFLAEKAKESIR,FLAEKAKER,FLAEKAKESIR,40262.11,74
HLA-A*02:01,15,9,20,12,DDSIELEIRRFF,DELEIRRFF,DDSIELEIRRFF,40296.56,74
HLA-A*02:01,13,10,18,9,DSIELEIRR,DSIELEIRR,DSIELEIRR,40310.93,74
HLA-A*02:01,15,10,18,9,DSIELEIRR,DSIELEIRR,DSIELEIRR,40310.93,74
HLA-A*02:01,5,2,9,8,SGVCGEAF,SGV-CGEAF,SGVCGEAF,40312.68,74
HLA-A*02:01,5,23,31,9,DENQEYSPM,DENQEYSPM,DENQEYSPM,40312.68,74
HLA-A*02:01,9,2,9,8,SGVCGEAF,SGV-CGEAF,SGVCGEAF,40312.68,74
HLA-A*02:01,1,16,26,11,LSWAPKDKSSK,LSWAPKSSK,LSWAPKDKSSK,40344.09,75
HLA-A*02:01,1,19,32,14,APKDKSSKKNVLEL,APKDNVLEL,APKDKSSKKNVLEL,40399.13,75
HLA-A*02:01,15,26,36,11,GVYTQHRTSRG,GVYTQTSRG,GVYTQHRTSRG,40432.37,75
HLA-A*02:01,15,13,23,11,ELEIRRFFGRE,ELRRFFGRE,ELEIRRFFGRE,40457.75,75
HLA-A*02:01,5,6,19,14,GEAFCENVEGSFLC,GEAEGSFLC,GEAFCENVEGSFLC,40499.8,75
HLA-A*02:01,9,6,19,14,GEAFCENVEGSFLC,GEAEGSFLC,GEAFCENVEGSFLC,40499.8,75
HLA-A*02:01,15,16,28,13,IRRFFGREGQGVY,IGREGQGVY,IRRFFGREGQGVY,40514.69,75
HLA-A*02:01,5,5,17,13,CGEAFCENVEGSF,CGENVEGSF,CGEAFCENVEGSF,40531.81,75
HLA-A*02:01,9,5,17,13,CGEAFCENVEGSF,CGENVEGSF,CGEAFCENVEGSF,40531.81,75
HLA-A*02:01,15,30,41,12,QHRTSRGTCQAR,QSRGTCQAR,QHRTSRGTCQAR,40533.56,75
HLA-A*02:01,13,26,34,9,ESIRNTEPQ,ESIRNTEPQ,ESIRNTEPQ,40553.75,75
HLA-A*02:01,17,17,24,8,PRDVVVSL,-PRDVVVSL,PRDVVVSL,40569.54,75
HLA-A*02:01,15,15,23,9,EIRRFFGRE,EIRRFFGRE,EIRRFFGRE,40570.41,75
HLA-A*02:01,1,18,30,13,WAPKDKSSKKNVL,WAPKDKSSL,WAPKDKSSKKNVL,40577.0,75
HLA-A*02:01,17,7,14,8,KAKVIYVG,KAKVIYVG-,KAKVIYVG,40613.45,76
HLA-A*02:01,20,7,14,8,KAKVIYVG,KAKVIYVG-,KAKVIYVG,40613.45,76
HLA-A*02:01,5,21,28,8,CADENQEY,CADEN-QEY,CADENQEY,40634.12,76
HLA-A*02:01,3,17,24,8,SLGPPKTN,SLGPPKTN-,SLGPPKTN,40719.93,76
HLA-A*02:01,5,26,34,9,QEYSPMTGQ,QEYSPMTGQ,QEYSPMTGQ,40723.47,76
HLA-A*02:01,1,4,17,14,TPEYTVELKGASLS,TPLKGASLS,TPEYTVELKGASLS,40729.61,76
HLA-A*02:01,3,4,17,14,TPEYTVELKGASLS,TPLKGASLS,TPEYTVELKGASLS,40729.61,76
HLA-A*02:01,9,23,31,9,PMRTRSTAP,PMRTRSTAP,PMRTRSTAP,40732.71,76
HLA-A*02:01,1,11,18,8,LKGASLSW,-LKGASLSW,LKGASLSW,40739.34,76
HLA-A*02:01,1,23,30,8,KSSKKNVL,KSSKKNV-L,KSSKKNVL,40742.41,76
HLA-A*02:01,15,35,43,9,RGTCQARDA,RGTCQARDA,RGTCQARDA,40762.25,76
HLA-A*02:01,15,19,32,14,FFGREGQGVYTQHR,FQGVYTQHR,FFGREGQGVYTQHR,40769.3,76
HLA-A*02:01,20,18,28,11,PRCRGLPLLLF,RCRGPLLLF,RCRGLPLLLF,40775.03,76
HLA-A*02:01,3,13,24,12,GASLSLGPPKTN,GLSLGPPKT,GASLSLGPPKT,40801.96,76
HLA-A*02:01,13,8,19,12,SDDSIELEIRRF,SDDSIELEF,SDDSIELEIRRF,40818.31,77
HLA-A*02:01,15,8,19,12,SDDSIELEIRRF,SDDSIELEF,SDDSIELEIRRF,40818.31,77
HLA-A*02:01,13,23,32,10,KAKESIRNTE,KAKESINTE,KAKESIRNTE,40836.85,77
HLA-A*02:01,13,16,25,10,IRRFLAEKAK,IRFLAEKAK,IRRFLAEKAK,40840.82,77
HLA-A*02:01,17,15,23,9,RNPRDVVVS,RNPRDVVVS,RNPRDVVVS,40840.82,77
HLA-A*02:01,5,13,24,12,VEGSFLCVCADE,VEGSFLCVE,VEGSFLCVCADE,40896.09,77
HLA-A*02:01,3,13,20,8,GASLSLGP,GAS-LSLGP,GASLSLGP,40897.89,77
HLA-A*02:01,15,15,22,8,EIRRFFGR,EIR-RFFGR,EIRRFFGR,40903.64,77
HLA-A*02:01,20,13,23,11,VGRNPPRCRGL,VGRNPPRGL,VGRNPPRCRGL,40923.56,77
HLA-A*02:01,5,5,16,12,CGEAFCENVEGS,CFCENVEGS,CGEAFCENVEGS,40929.31,77
HLA-A*02:01,9,5,16,12,CGEAFCENVEGS,CFCENVEGS,CGEAFCENVEGS,40929.31,77
HLA-A*02:01,20,15,24,10,RNPPRCRGLP,RPPRCRGLP,RNPPRCRGLP,40947.03,77
HLA-A*02:01,17,7,16,10,KAKVIYVGRN,KAKVIYVGR,KAKVIYVGR,40985.57,77
HLA-A*02:01,20,7,16,10,KAKVIYVGRN,KAKVIYVGR,KAKVIYVGR,40985.57,77
HLA-A*02:01,20,17,28,12,PPRCRGLPLLLF,PPRLPLLLF,PPRCRGLPLLLF,41018.86,77
HLA-A*02:01,15,32,42,11,RTSRGTCQARD,RTSRGTQAR,RTSRGTCQAR,41022.41,77
HLA-A*02:01,5,21,34,14,CADENQEYSPMTGQ,CAYSPMTGQ,CADENQEYSPMTGQ,41022.86,77
HLA-A*02:01,15,33,40,8,TSRGTCQA,TS-RGTCQA,TSRGTCQA,41023.73,77
HLA-A*02:01,15,13,24,12,ELEIRRFFGREG,ELEIRRFFG,ELEIRRFFGREG,41027.73,77
HLA-A*02:01,1,17,29,13,SWAPKDKSSKKNV,SWAPKDKSV,SWAPKDKSSKKNV,41029.08,77
HLA-A*02:01,1,14,27,14,ASLSWAPKDKSSKK,ASLDKSSKK,ASLSWAPKDKSSKK,41029.5,77
HLA-A*02:01,1,25,33,9,SKKNVLELR,SKKNVLELR,SKKNVLELR,41050.38,78
HLA-A*02:01,20,11,18,8,IYVGRNPP,-IYVGRNPP,IYVGRNPP,41065.48,78
HLA-A*02:01,15,33,42,10,TSRGTCQARD,TSRGTCQAR,TSRGTCQAR,41073.93,78
HLA-A*02:01,13,25,34,10,KESIRNTEPQ,KSIRNTEPQ,KESIRNTEPQ,41097.93,78
HLA-A*02:01,15,22,33,12,REGQGVYTQHRT,REGQGVYTT,REGQGVYTQHRT,41131.29,78
HLA-A*02:01,13,15,27,13,EIRRFLAEKAKES,ELAEKAKES,EIRRFLAEKAKES,41149.54,78
HLA-A*02:01,13,20,29,10,LAEKAKESIR,LAEKAKESR,LAEKAKESIR,41156.68,78
HLA-A*02:01,3,12,25,14,KGASLSLGPPKTNP,KLGPPKTNP,KGASLSLGPPKTNP,41168.25,78
HLA-A*02:01,13,18,26,9,RFLAEKAKE,RFLAEKAKE,RFLAEKAKE,41169.13,78
HLA-A*02:01,1,6,14,9,EYTVELKGA,EYTVELKGA,EYTVELKGA,41192.32,78
HLA-A*02:01,3,6,14,9,EYTVELKGA,EYTVELKGA,EYTVELKGA,41192.32,78
HLA-A*02:01,5,4,16,13,VCGEAFCENVEGS,VCCENVEGS,VCGEAFCENVEGS,41193.64,78
HLA-A*02:01,9,4,16,13,VCGEAFCENVEGS,VCCENVEGS,VCGEAFCENVEGS,41193.64,78
HLA-A*02:01,13,12,25,14,IELEIRRFLAEKAK,IELEIRRAK,IELEIRRFLAEKAK,41221.73,78
HLA-A*02:01,5,11,18,8,ENVEGSFL,ENVEGSF-L,ENVEGSFL,41223.96,78
HLA-A*02:01,9,11,18,8,ENVEGSFL,ENVEGSF-L,ENVEGSFL,41223.96,78
HLA-A*02:01,1,10,23,14,ELKGASLSWAPKDK,ELKGASLSK,ELKGASLSWAPKDK,41231.54,78
HLA-A*02:01,5,18,30,13,LCVCADENQEYSP,LCVNQEYSP,LCVCADENQEYSP,41239.57,78
HLA-A*02:01,13,6,18,13,VDSDDSIELEIRR,VSIELEIRR,VDSDDSIELEIRR,41244.04,78
HLA-A*02:01,15,6,18,13,VDSDDSIELEIRR,VSIELEIRR,VDSDDSIELEIRR,41244.04,78
HLA-A*02:01,1,16,23,8,LSWAPKDK,LSWAPKD-K,LSWAPKDK,41257.43,78
HLA-A*02:01,15,13,25,13,ELEIRRFFGREGQ,ELFFGREGQ,ELEIRRFFGREGQ,41281.99,78
HLA-A*02:01,15,14,21,8,LEIRRFFG,LEIRRFFG-,LEIRRFFG,41317.28,79
HLA-A*02:01,1,22,33,12,DKSSKKNVLELR,DKSSVLELR,DKSSKKNVLELR,41327.14,79
HLA-A*02:01,17,8,19,12,AKVIYVGRNPRD,AIYVGRNPR,AKVIYVGRNPR,41355.75,79
HLA-A*02:01,13,8,18,11,SDDSIELEIRR,SSIELEIRR,SDDSIELEIRR,41368.29,79
HLA-A*02:01,15,8,18,11,SDDSIELEIRR,SSIELEIRR,SDDSIELEIRR,41368.29,79
HLA-A*02:01,17,5,16,12,SSKAKVIYVGRN,SSKAKVVGR,SSKAKVIYVGR,41394.25,79
HLA-A*02:01,20,5,16,12,SSKAKVIYVGRN,SSKAKVVGR,SSKAKVIYVGR,41394.25,79
HLA-A*02:01,17,9,16,8,KVIYVGRN,KVIYVGRN-,KVIYVGRN,41437.28,79
HLA-A*02:01,20,9,16,8,KVIYVGRN,KVIYVGRN-,KVIYVGRN,41437.28,79
HLA-A*02:01,5,2,12,11,SGVCGEAFCEN,SGVEAFCEN,SGVCGEAFCEN,41447.6,79
HLA-A*02:01,9,2,12,11,SGVCGEAFCEN,SGVEAFCEN,SGVCGEAFCEN,41447.6,79
HLA-A*02:01,13,14,26,13,LEIRRFLAEKAKE,LFLAEKAKE,LEIRRFLAEKAKE,41477.65,79
HLA-A*02:01,20,12,22,11,YVGRNPPRCRG,YVGNPPRCR,YVGRNPPRCR,41478.08,79
HLA-A*02:01,15,25,35,11,QGVYTQHRTSR,GVYTQHTSR,GVYTQHRTSR,41492.02,79
HLA-A*02:01,20,11,21,11,IYVGRNPPRCR,IYVGPPRCR,IYVGRNPPRCR,41504.57,79
HLA-A*02:01,15,22,32,11,REGQGVYTQHR,REGQGVYTR,REGQGVYTQHR,41572.88,80
HLA-A*02:01,1,4,15,12,TPEYTVELKGAS,TTVELKGAS,TPEYTVELKGAS,41576.5,80
HLA-A*02:01,3,4,15,12,TPEYTVELKGAS,TTVELKGAS,TPEYTVELKGAS,41576.5,80
HLA-A*02:01,15,19,31,13,FFGREGQGVYTQH,FGQGVYTQH,FFGREGQGVYTQH,41580.09,80
HLA-A*02:01,1,24,34,11,SSKKNVLELRS,SSKKNVLEL,SSKKNVLEL,41619.27,80
HLA-A*02:01,15,8,21,14,SDDSIELEIRRFFG,SDDSIELEG,SDDSIELEIRRFFG,41628.26,80
HLA-A*02:01,5,24,32,9,ENQEYSPMT,ENQEYSPMT,ENQEYSPMT,41633.22,80
HLA-A*02:01,15,16,29,14,IRRFFGREGQGVYT,IREGQGVYT,IRRFFGREGQGVYT,41648.07,80
HLA-A*02:01,17,16,26,11,NPRDVVVSLYY,NPRDVVVSY,NPRDVVVSLYY,41648.07,80
HLA-A*02:01,13,16,24,9,IRRFLAEKA,IRRFLAEKA,IRRFLAEKA,41654.84,80
HLA-A*02:01,13,17,26,10,RRFLAEKAKE,RRFAEKAKE,RRFLAEKAKE,41678.73,80
HLA-A*02:01,5,11,23,13,ENVEGSFLCVCAD,ENVEGSFLD,ENVEGSFLCVCAD,41680.07,80
HLA-A*02:01,1,10,17,8,ELKGASLS,ELKGASLS-,ELKGASLS,41722.52,80
HLA-A*02:01,3,10,17,8,ELKGASLS,ELKGASLS-,ELKGASLS,41722.52,80
HLA-A*02:01,3,12,24,13,KGASLSLGPPKTN,KSLGPPKTN,KGASLSLGPPKTN,41722.52,80
HLA-A*02:01,9,20,27,8,VCVPMRTR,VCV-PMRTR,VCVPMRTR,41756.38,81
HLA-A*02:01,5,4,17,14,VCGEAFCENVEGSF,VCENVEGSF,VCGEAFCENVEGSF,41774.45,81
HLA-A*02:01,9,4,17,14,VCGEAFCENVEGSF,VCENVEGSF,VCGEAFCENVEGSF,41774.45,81
HLA-A*02:01,5,6,16,11,GEAFCENVEGS,GEAENVEGS,GEAFCENVEGS,41800.67,81
HLA-A*02:01,9,6,16,11,GEAFCENVEGS,GEAENVEGS,GEAFCENVEGS,41800.67,81
HLA-A*02:01,15,27,37,11,VYTQHRTSRGT,VQHRTSRGT,VYTQHRTSRGT,41816.96,81
HLA-A*02:01,17,13,23,11,VGRNPRDVVVS,VGRNPVVVS,VGRNPRDVVVS,41818.77,81
HLA-A*02:01,13,15,22,8,EIRRFLAE,EIRRFLAE-,EIRRFLAE,41884.43,81
HLA-A*02:01,9,20,28,9,VCVPMRTRS,VCVPMRTRS,VCVPMRTRS,41888.97,81
HLA-A*02:01,3,18,30,13,LGPPKTNPARRMC,LGPPKTNMC,LGPPKTNPARRMC,41892.13,81
HLA-A*02:01,15,34,43,10,SRGTCQARDA,SRGTCQARA,SRGTCQARDA,41903.02,81
HLA-A*02:01,5,1,12,12,LSGVCGEAFCEN,LSGEAFCEN,LSGVCGEAFCEN,41974.26,81
HLA-A*02:01,9,1,12,12,LSGVCGEAFCEN,LSGEAFCEN,LSGVCGEAFCEN,41974.26,81
HLA-A*02:01,15,14,24,11,LEIRRFFGREG,LEIFFGREG,LEIRRFFGREG,42004.24,82
HLA-A*02:01,15,28,39,12,YTQHRTSRGTCQ,YTQHRTSRQ,YTQHRTSRGTCQ,42009.68,82
HLA-A*02:01,20,11,24,14,IYVGRNPPRCRGLP,IYVGRNPLP,IYVGRNPPRCRGLP,42038.79,82
HLA-A*02:01,15,27,35,9,VYTQHRTSR,VYTQHRTSR,VYTQHRTSR,42048.34,82
HLA-A*02:01,17,7,19,13,KAKVIYVGRNPRD,KAKVIRNPR,KAKVIYVGRNPR,42074.73,82
HLA-A*02:01,13,8,17,10,SDDSIELEIR,SDDSILEIR,SDDSIELEIR,42079.75,82
HLA-A*02:01,15,8,17,10,SDDSIELEIR,SDDSILEIR,SDDSIELEIR,42079.75,82
HLA-A*02:01,1,4,13,10,TPEYTVELKG,TPYTVELKG,TPEYTVELKG,42097.07,82
HLA-A*02:01,3,4,13,10,TPEYTVELKG,TPYTVELKG,TPEYTVELKG,42097.07,82
HLA-A*02:01,17,26,33,8,YYSKIAGQ,Y-YSKIAGQ,YYSKIAGQ,42097.07,82
HLA-A*02:01,5,14,24,11,EGSFLCVCADE,EGSFLCVCE,EGSFLCVCADE,42123.49,82
HLA-A*02:01,13,17,30,14,RRFLAEKAKESIRN,RRFKAKESI,RRFLAEKAKESI,42133.05,82
HLA-A*02:01,17,14,23,10,GRNPRDVVVS,GRNPDVVVS,GRNPRDVVVS,42196.93,82
HLA-A*02:01,15,27,38,12,VYTQHRTSRGTC,VYTQHRTTC,VYTQHRTSRGTC,42202.4,82
HLA-A*02:01,20,7,20,14,KAKVIYVGRNPPRC,KAKVNPPRC,KAKVIYVGRNPPRC,42202.4,82
HLA-A*02:01,1,21,33,13,KDKSSKKNVLELR,KSKKNVLEL,KDKSSKKNVLEL,42206.05,82
HLA-A*02:01,5,4,12,9,VCGEAFCEN,VCGEAFCEN,VCGEAFCEN,42244.44,83
HLA-A*02:01,9,4,12,9,VCGEAFCEN,VCGEAFCEN,VCGEAFCEN,42244.44,83
HLA-A*02:01,15,15,28,14,EIRRFFGREGQGVY,EIREGQGVY,EIRRFFGREGQGVY,42259.97,83
HLA-A*02:01,5,13,25,13,VEGSFLCVCADEN,VLCVCADEN,VEGSFLCVCADEN,42273.25,83
HLA-A*02:01,13,7,18,12,DSDDSIELEIRR,DSDDSIIRR,DSDDSIELEIRR,42288.33,83
HLA-A*02:01,15,7,18,12,DSDDSIELEIRR,DSDDSIIRR,DSDDSIELEIRR,42288.33,83
HLA-A*02:01,1,9,22,14,VELKGASLSWAPKD,VLKGASLSW,VELKGASLSW,42289.69,83
HLA-A*02:01,13,9,16,8,DDSIELEI,DDS-IELEI,DDSIELEI,42306.63,83
HLA-A*02:01,15,9,16,8,DDSIELEI,DDS-IELEI,DDSIELEI,42306.63,83
HLA-A*02:01,1,17,30,14,SWAPKDKSSKKNVL,SWAPKDKSL,SWAPKDKSSKKNVL,42334.58,83
HLA-A*02:01,5,18,26,9,LCVCADENQ,LCVCADENQ,LCVCADENQ,42337.77,83
HLA-A*02:01,15,20,30,11,FGREGQGVYTQ,FGREGVYTQ,FGREGQGVYTQ,42339.6,83
HLA-A*02:01,5,1,14,14,LSGVCGEAFCENVE,LSAFCENVE,LSGVCGEAFCENVE,42366.64,83
HLA-A*02:01,9,1,14,14,LSGVCGEAFCENVE,LSAFCENVE,LSGVCGEAFCENVE,42366.64,83
HLA-A*02:01,5,2,15,14,SGVCGEAFCENVEG,SAFCENVEG,SGVCGEAFCENVEG,42375.36,83
HLA-A*02:01,9,2,15,14,SGVCGEAFCENVEG,SAFCENVEG,SGVCGEAFCENVEG,42375.36,83
HLA-A*02:01,9,21,28,8,CVPMRTRS,CVPMRTRS-,CVPMRTRS,42380.86,83
HLA-A*02:01,5,14,26,13,EGSFLCVCADENQ,EGSFLDENQ,EGSFLCVCADENQ,42384.08,83
HLA-A*02:01,15,20,33,14,FGREGQGVYTQHRT,FGREGQHRT,FGREGQGVYTQHRT,42392.34,83
HLA-A*02:01,1,20,32,13,PKDKSSKKNVLEL,PSKKNVLEL,PKDKSSKKNVLEL,42402.43,83
HLA-A*02:01,13,7,15,9,DSDDSIELE,DSDDSIELE,DSDDSIELE,42411.12,83
HLA-A*02:01,15,7,15,9,DSDDSIELE,DSDDSIELE,DSDDSIELE,42411.12,83
HLA-A*02:01,15,23,32,10,EGQGVYTQHR,EGQGVTQHR,EGQGVYTQHR,42420.31,83
HLA-A*02:01,15,25,37,13,QGVYTQHRTSRGT,QQHRTSRGT,QGVYTQHRTSRGT,42421.68,83
HLA-A*02:01,15,31,43,13,HRTSRGTCQARDA,HRTSRGTCA,HRTSRGTCQARDA,42429.04,83
HLA-A*02:01,5,6,14,9,GEAFCENVE,GEAFCENVE,GEAFCENVE,42451.07,84
HLA-A*02:01,9,6,14,9,GEAFCENVE,GEAFCENVE,GEAFCENVE,42451.07,84
HLA-A*02:01,15,11,24,14,SIELEIRRFFGREG,SIELEIREG,SIELEIRRFFGREG,42467.61,84
HLA-A*02:01,13,3,15,13,DSAVDSDDSIELE,DSADSIELE,DSAVDSDDSIELE,42485.09,84
HLA-A*02:01,15,3,15,13,DSAVDSDDSIELE,DSADSIELE,DSAVDSDDSIELE,42485.09,84
HLA-A*02:01,17,17,25,9,PRDVVVSLY,PRDVVVSLY,PRDVVVSLY,42499.78,84
HLA-A*02:01,13,12,19,8,IELEIRRF,IELE-IRRF,IELEIRRF,42501.64,84
HLA-A*02:01,15,12,19,8,IELEIRRF,IELE-IRRF,IELEIRRF,42501.64,84
HLA-A*02:01,1,18,27,10,WAPKDKSSKK,WAPDKSSKK,WAPKDKSSKK,42505.78,84
HLA-A*02:01,15,14,26,13,LEIRRFFGREGQG,LFFGREGQG,LEIRRFFGREGQG,42520.48,84
HLA-A*02:01,15,7,20,14,DSDDSIELEIRRFF,DSDDSIELF,DSDDSIELEIRRFF,42520.48,84
HLA-A*02:01,3,11,19,9,LKGASLSLG,LKGASLSLG,LKGASLSLG,42524.18,84
HLA-A*02:01,20,8,21,14,AKVIYVGRNPPRCR,KVINPPRCR,KVIYVGRNPPRCR,42556.39,84
HLA-A*02:01,5,14,25,12,EGSFLCVCADEN,EGSFLADEN,EGSFLCVCADEN,42582.19,84
HLA-A*02:01,13,17,24,8,RRFLAEKA,RRF-LAEKA,RRFLAEKA,42592.33,84
HLA-A*02:01,13,6,17,12,VDSDDSIELEIR,VDSDDSIER,VDSDDSIELEIR,42592.77,84
HLA-A*02:01,15,6,17,12,VDSDDSIELEIR,VDSDDSIER,VDSDDSIELEIR,42592.77,84
HLA-A*02:01,15,15,24,10,EIRRFFGREG,EIRFFGREG,EIRRFFGREG,42608.45,84
HLA-A*02:01,13,15,26,12,EIRRFLAEKAKE,EILAEKAKE,EIRRFLAEKAKE,42615.82,84
HLA-A*02:01,1,11,24,14,LKGASLSWAPKDKS,LSWAPKDKS,LKGASLSWAPKDKS,42648.56,84
HLA-A*02:01,15,23,34,12,EGQGVYTQHRTS,EVYTQHRTS,EGQGVYTQHRTS,42691.05,85
HLA-A*02:01,13,7,17,11,DSDDSIELEIR,DSDDSIELR,DSDDSIELEIR,42696.14,85
HLA-A*02:01,15,7,17,11,DSDDSIELEIR,DSDDSIELR,DSDDSIELEIR,42696.14,85
HLA-A*02:01,5,14,21,8,EGSFLCVC,EGS-FLCVC,EGSFLCVC,42698.43,85
HLA-A*02:01,9,14,21,8,EGSFLCVC,EGS-FLCVC,EGSFLCVC,42698.43,85
HLA-A*02:01,15,9,22,14,DDSIELEIRRFFGR,DSIELEIRR,DSIELEIRRFFGR,42744.2,85
HLA-A*02:01,13,23,34,12,KAKESIRNTEPQ,KAKESIRPQ,KAKESIRNTEPQ,42761.79,85
HLA-A*02:01,3,19,26,8,GPPKTNPA,GP-PKTNPA,GPPKTNPA,42767.8,85
HLA-A*02:01,13,1,13,13,SEDSAVDSDDSIE,SVDSDDSIE,SEDSAVDSDDSIE,42773.81,85
HLA-A*02:01,15,1,13,13,SEDSAVDSDDSIE,SVDSDDSIE,SEDSAVDSDDSIE,42773.81,85
HLA-A*02:01,15,14,25,12,LEIRRFFGREGQ,LEFFGREGQ,LEIRRFFGREGQ,42778.91,85
HLA-A*02:01,5,9,16,8,FCENVEGS,FC-ENVEGS,FCENVEGS,42783.99,85
HLA-A*02:01,9,9,16,8,FCENVEGS,FC-ENVEGS,FCENVEGS,42783.99,85
HLA-A*02:01,3,16,24,9,LSLGPPKTN,LSLGPPKTN,LSLGPPKTN,42784.46,85
HLA-A*02:01,15,20,31,12,FGREGQGVYTQH,FGREGQTQH,FGREGQGVYTQH,42788.16,85
HLA-A*02:01,1,16,28,13,LSWAPKDKSSKKN,LSWDKSSKK,LSWAPKDKSSKK,42815.95,85
HLA-A*02:01,3,19,29,11,GPPKTNPARRM,GPPKTNPRM,GPPKTNPARRM,42816.86,85
HLA-A*02:01,1,4,14,11,TPEYTVELKGA,TPEYTVELA,TPEYTVELKGA,42841.89,85
HLA-A*02:01,3,4,14,11,TPEYTVELKGA,TPEYTVELA,TPEYTVELKGA,42841.89,85
HLA-A*02:01,13,18,25,8,RFLAEKAK,RFL-AEKAK,RFLAEKAK,42911.96,85
HLA-A*02:01,5,10,23,14,CENVEGSFLCVCAD,CSFLCVCAD,CENVEGSFLCVCAD,42944.93,86
HLA-A*02:01,13,20,31,12,LAEKAKESIRNT,LAEESIRNT,LAEKAKESIRNT,42957.01,86
HLA-A*02:01,5,20,30,11,VCADENQEYSP,VCADENYSP,VCADENQEYSP,42958.86,86
HLA-A*02:01,15,22,30,9,REGQGVYTQ,REGQGVYTQ,REGQGVYTQ,42958.86,86
HLA-A*02:01,5,24,33,10,ENQEYSPMTG,EQEYSPMTG,ENQEYSPMTG,42963.05,86
HLA-A*02:01,13,27,34,8,SIRNTEPQ,SIRNTEPQ-,SIRNTEPQ,42996.06,86
HLA-A*02:01,1,18,26,9,WAPKDKSSK,WAPKDKSSK,WAPKDKSSK,42999.33,86
HLA-A*02:01,1,18,31,14,WAPKDKSSKKNVLE,WAPKDNVLE,WAPKDKSSKKNVLE,43004.91,86
HLA-A*02:01,17,5,12,8,SSKAKVIY,SSKAKVI-Y,SSKAKVIY,43010.95,86
HLA-A*02:01,20,5,12,8,SSKAKVIY,SSKAKVI-Y,SSKAKVIY,43010.95,86
HLA-A*02:01,13,20,27,8,LAEKAKES,-LAEKAKES,LAEKAKES,43017.0,86
HLA-A*02:01,20,11,22,12,IYVGRNPPRCRG,YVGNPPRCR,YVGRNPPRCR,43030.04,86
HLA-A*02:01,15,22,31,10,REGQGVYTQH,RGQGVYTQH,REGQGVYTQH,43061.71,86
HLA-A*02:01,1,17,26,10,SWAPKDKSSK,SWAPDKSSK,SWAPKDKSSK,43069.63,86
HLA-A*02:01,20,16,23,8,NPPRCRGL,NPP-RCRGL,NPPRCRGL,43109.73,86
HLA-A*02:01,1,15,28,14,SLSWAPKDKSSKKN,SLSDKSSKK,SLSWAPKDKSSKK,43115.79,86
HLA-A*02:01,15,26,39,14,GVYTQHRTSRGTCQ,GVYTQHRTQ,GVYTQHRTSRGTCQ,43169.94,87
HLA-A*02:01,15,12,24,13,IELEIRRFFGREG,IELEIGREG,IELEIRRFFGREG,43171.8,87
HLA-A*02:01,13,7,19,13,DSDDSIELEIRRF,DSDDSIELF,DSDDSIELEIRRF,43189.57,87
HLA-A*02:01,15,7,19,13,DSDDSIELEIRRF,DSDDSIELF,DSDDSIELEIRRF,43189.57,87
HLA-A*02:01,9,23,30,8,PMRTRSTA,PMR-TRSTA,PMRTRSTA,43220.89,87
HLA-A*02:01,5,8,15,8,AFCENVEG,AFCENVEG-,AFCENVEG,43230.7,87
HLA-A*02:01,9,8,15,8,AFCENVEG,AFCENVEG-,AFCENVEG,43230.7,87
HLA-A*02:01,3,12,19,8,KGASLSLG,KGASLSLG-,KGASLSLG,43235.86,87
HLA-A*02:01,20,13,24,12,VGRNPPRCRGLP,VGRNPPGLP,VGRNPPRCRGLP,43250.36,87
HLA-A*02:01,17,8,15,8,AKVIYVGR,AKV-IYVGR,AKVIYVGR,43270.03,87
HLA-A*02:01,20,8,15,8,AKVIYVGR,AKV-IYVGR,AKVIYVGR,43270.03,87
HLA-A*02:01,15,21,32,12,GREGQGVYTQHR,GREGQGVYR,GREGQGVYTQHR,43272.37,87
HLA-A*02:01,1,5,14,10,PEYTVELKGA,PEYTVELKA,PEYTVELKGA,43274.69,87
HLA-A*02:01,3,5,14,10,PEYTVELKGA,PEYTVELKA,PEYTVELKGA,43274.69,87
HLA-A*02:01,15,36,43,8,GTCQARDA,GTCQARD-A,GTCQARDA,43277.98,87
HLA-A*02:01,15,31,42,12,HRTSRGTCQARD,HSRGTCQAR,HRTSRGTCQAR,43278.9,87
HLA-A*02:01,15,9,21,13,DDSIELEIRRFFG,DSIELEIRR,DDSIELEIRR,43320.15,87
HLA-A*02:01,15,15,25,11,EIRRFFGREGQ,EIFFGREGQ,EIRRFFGREGQ,43325.76,87
HLA-A*02:01,3,19,30,12,GPPKTNPARRMC,GPPKTNPAC,GPPKTNPARRMC,43345.94,87
HLA-A*02:01,5,22,32,11,ADENQEYSPMT,ANQEYSPMT,ADENQEYSPMT,43355.78,87
HLA-A*02:01,5,12,25,14,NVEGSFLCVCADEN,NVEGSFLEN,NVEGSFLCVCADEN,43381.12,88
HLA-A*02:01,5,24,31,8,ENQEYSPM,ENQEYSP-M,ENQEYSPM,43398.02,88
HLA-A*02:01,13,6,19,14,VDSDDSIELEIRRF,VDSDDSIEF,VDSDDSIELEIRRF,43399.42,88
HLA-A*02:01,15,6,19,14,VDSDDSIELEIRRF,VDSDDSIEF,VDSDDSIELEIRRF,43399.42,88
HLA-A*02:01,15,18,25,8,RFFGREGQ,RFFGREGQ-,RFFGREGQ,43439.83,88
HLA-A*02:01,15,25,38,14,QGVYTQHRTSRGTC,QGVYTQHTC,QGVYTQHRTSRGTC,43445.01,88
HLA-A*02:01,15,17,24,8,RRFFGREG,RRFFGREG-,RRFFGREG,43453.0,88
HLA-A*02:01,20,16,24,9,NPPRCRGLP,NPPRCRGLP,NPPRCRGLP,43471.8,88
HLA-A*02:01,15,23,35,13,EGQGVYTQHRTSR,EGQGVRTSR,EGQGVYTQHRTSR,43481.2,88
HLA-A*02:01,15,22,35,14,REGQGVYTQHRTSR,REGQGVTSR,REGQGVYTQHRTSR,43495.33,88
HLA-A*02:01,9,22,29,8,VPMRTRST,VPMR-TRST,VPMRTRST,43514.16,88
HLA-A*02:01,5,22,33,12,ADENQEYSPMTG,ADENSPMTG,ADENQEYSPMTG,43524.04,88
HLA-A*02:01,15,16,26,11,IRRFFGREGQG,IFFGREGQG,IRRFFGREGQG,43545.71,88
HLA-A*02:01,15,27,36,10,VYTQHRTSRG,VTQHRTSRG,VYTQHRTSRG,43552.79,88
HLA-A*02:01,13,9,22,14,DDSIELEIRRFLAE,DDSIELEIE,DDSIELEIRRFLAE,43559.36,88
HLA-A*02:01,15,21,34,14,GREGQGVYTQHRTS,GVYTQHRTS,GREGQGVYTQHRTS,43616.91,88
HLA-A*02:01,15,21,29,9,GREGQGVYT,GREGQGVYT,GREGQGVYT,43675.48,89
HLA-A*02:01,15,16,25,10,IRRFFGREGQ,IRFFGREGQ,IRRFFGREGQ,43675.93,89
HLA-A*02:01,15,15,26,12,EIRRFFGREGQG,EIFGREGQG,EIRRFFGREGQG,43718.04,89
HLA-A*02:01,17,6,19,14,SKAKVIYVGRNPRD,SIYVGRNPR,SKAKVIYVGRNPR,43746.89,89
HLA-A*02:01,3,11,24,14,LKGASLSLGPPKTN,LSLGPPKTN,LKGASLSLGPPKTN,43792.36,89
HLA-A*02:01,5,20,33,14,VCADENQEYSPMTG,VCADEPMTG,VCADENQEYSPMTG,43809.42,89
HLA-A*02:01,15,34,41,8,SRGTCQAR,SR-GTCQAR,SRGTCQAR,43811.77,89
HLA-A*02:01,9,24,31,8,MRTRSTAP,-MRTRSTAP,MRTRSTAP,43833.59,89
HLA-A*02:01,1,5,15,11,PEYTVELKGAS,PTVELKGAS,PEYTVELKGAS,43844.02,89
HLA-A*02:01,3,5,15,11,PEYTVELKGAS,PTVELKGAS,PEYTVELKGAS,43844.02,89
HLA-A*02:01,1,17,25,9,SWAPKDKSS,SWAPKDKSS,SWAPKDKSS,43846.87,89
HLA-A*02:01,1,19,30,12,APKDKSSKKNVL,APKDKSNVL,APKDKSSKKNVL,43848.29,89
HLA-A*02:01,13,9,18,10,DDSIELEIRR,DSIELEIRR,DDSIELEIRR,43896.73,90
HLA-A*02:01,15,9,18,10,DDSIELEIRR,DSIELEIRR,DDSIELEIRR,43896.73,90
HLA-A*02:01,15,24,31,8,GQGVYTQH,GQ-GVYTQH,GQGVYTQH,43924.73,90
HLA-A*02:01,3,18,28,11,LGPPKTNPARR,LGPPKPARR,LGPPKTNPARR,43928.07,90
HLA-A*02:01,5,23,32,10,DENQEYSPMT,DEQEYSPMT,DENQEYSPMT,43929.97,90
HLA-A*02:01,15,13,26,14,ELEIRRFFGREGQG,ELFGREGQG,ELEIRRFFGREGQG,43946.12,90
HLA-A*02:01,1,8,15,8,TVELKGAS,TVELKGAS-,TVELKGAS,43948.99,90
HLA-A*02:01,3,8,15,8,TVELKGAS,TVELKGAS-,TVELKGAS,43948.99,90
HLA-A*02:01,15,25,36,12,QGVYTQHRTSRG,GVYTQHRTR,GVYTQHRTSR,43968.97,90
HLA-A*02:01,5,10,17,8,CENVEGSF,C-ENVEGSF,CENVEGSF,43974.19,90
HLA-A*02:01,9,10,17,8,CENVEGSF,C-ENVEGSF,CENVEGSF,43974.19,90
HLA-A*02:01,15,10,23,14,DSIELEIRRFFGRE,DSIELEIRE,DSIELEIRRFFGRE,43986.56,90
HLA-A*02:01,20,14,24,11,GRNPPRCRGLP,GRNPPRRGL,GRNPPRCRGL,43993.23,90
HLA-A*02:01,5,7,14,8,EAFCENVE,EAFCENVE-,EAFCENVE,43997.99,90
HLA-A*02:01,9,7,14,8,EAFCENVE,EAFCENVE-,EAFCENVE,43997.99,90
HLA-A*02:01,1,25,34,10,SKKNVLELRS,SKKNVLLRS,SKKNVLELRS,44008.46,90
HLA-A*02:01,1,21,30,10,KDKSSKKNVL,KDKSSKNVL,KDKSSKKNVL,44057.54,90
HLA-A*02:01,5,11,24,14,ENVEGSFLCVCADE,ENVEGSFLE,ENVEGSFLCVCADE,44100.94,90
HLA-A*02:01,3,18,25,8,LGPPKTNP,-LGPPKTNP,LGPPKTNP,44121.94,91
HLA-A*02:01,1,4,12,9,TPEYTVELK,TPEYTVELK,TPEYTVELK,44129.11,91
HLA-A*02:01,3,4,12,9,TPEYTVELK,TPEYTVELK,TPEYTVELK,44129.11,91
HLA-A*02:01,5,22,34,13,ADENQEYSPMTGQ,ADYSPMTGQ,ADENQEYSPMTGQ,44134.83,91
HLA-A*02:01,17,14,21,8,GRNPRDVV,GRNPRDV-V,GRNPRDVV,44149.15,91
HLA-A*02:01,5,24,34,11,ENQEYSPMTGQ,EEYSPMTGQ,ENQEYSPMTGQ,44153.93,91
HLA-A*02:01,13,23,33,11,KAKESIRNTEP,KAKESITEP,KAKESIRNTEP,44162.53,91
HLA-A*02:01,5,4,11,8,VCGEAFCE,VCGEAFCE-,VCGEAFCE,44163.02,91
HLA-A*02:01,9,4,11,8,VCGEAFCE,VCGEAFCE-,VCGEAFCE,44163.02,91
HLA-A*02:01,5,19,26,8,CVCADENQ,CVCADENQ-,CVCADENQ,44163.98,91
HLA-A*02:01,15,32,39,8,RTSRGTCQ,RTSRGTCQ-,RTSRGTCQ,44192.64,91
HLA-A*02:01,15,23,33,11,EGQGVYTQHRT,EGQGVYTQT,EGQGVYTQHRT,44202.71,91
HLA-A*02:01,13,13,26,14,ELEIRRFLAEKAKE,ELLAEKAKE,ELEIRRFLAEKAKE,44210.35,91
HLA-A*02:01,5,14,27,14,EGSFLCVCADENQE,EVCADENQE,EGSFLCVCADENQE,44241.44,91
HLA-A*02:01,15,29,42,14,TQHRTSRGTCQARD,TQHGTCQAR,TQHRTSRGTCQAR,44245.75,91
HLA-A*02:01,15,25,32,8,QGVYTQHR,QGV-YTQHR,QGVYTQHR,44271.61,91
HLA-A*02:01,15,24,37,14,GQGVYTQHRTSRGT,GQHRTSRGT,GQGVYTQHRTSRGT,44345.93,91
HLA-A*02:01,5,13,26,14,VEGSFLCVCADENQ,VEGSFLENQ,VEGSFLCVCADENQ,44390.57,92
HLA-A*02:01,1,24,31,8,SSKKNVLE,SSKKNVLE-,SSKKNVLE,44408.35,92
HLA-A*02:01,20,13,21,9,VGRNPPRCR,VGRNPPRCR,VGRNPPRCR,44492.02,92
HLA-A*02:01,15,27,34,8,VYTQHRTS,-VYTQHRTS,VYTQHRTS,44496.84,92
HLA-A*02:01,15,16,24,9,IRRFFGREG,IRRFFGREG,IRRFFGREG,44524.78,92
HLA-A*02:01,13,22,31,10,EKAKESIRNT,EAKESIRNT,EKAKESIRNT,44531.52,92
HLA-A*02:01,3,19,27,9,GPPKTNPAR,GPPKTNPAR,GPPKTNPAR,44586.96,92
HLA-A*02:01,15,12,25,14,IELEIRRFFGREGQ,IELEGREGQ,IELEIRRFFGREGQ,44659.39,93
HLA-A*02:01,1,19,29,11,APKDKSSKKNV,APKDKSSNV,APKDKSSKKNV,44681.14,93
HLA-A*02:01,15,21,33,13,GREGQGVYTQHRT,GGVYTQHRT,GREGQGVYTQHRT,44687.42,93
HLA-A*02:01,17,13,20,8,VGRNPRDV,VGR-NPRDV,VGRNPRDV,44687.91,93
HLA-A*02:01,13,1,9,9,SEDSAVDSD,SEDSAVDSD,SEDSAVDSD,44694.69,93
HLA-A*02:01,15,1,9,9,SEDSAVDSD,SEDSAVDSD,SEDSAVDSD,44694.69,93
HLA-A*02:01,13,3,13,11,DSAVDSDDSIE,DVDSDDSIE,DSAVDSDDSIE,44698.06,93
HLA-A*02:01,15,3,13,11,DSAVDSDDSIE,DVDSDDSIE,DSAVDSDDSIE,44698.06,93
HLA-A*02:01,20,13,22,10,VGRNPPRCRG,VGRNPPRCR,VGRNPPRCR,44716.91,93
HLA-A*02:01,13,9,19,11,DDSIELEIRRF,DIELEIRRF,DDSIELEIRRF,44728.54,93
HLA-A*02:01,15,9,19,11,DDSIELEIRRF,DIELEIRRF,DDSIELEIRRF,44728.54,93
HLA-A*02:01,13,16,26,11,IRRFLAEKAKE,IFLAEKAKE,IRRFLAEKAKE,44739.18,93
HLA-A*02:01,13,24,34,11,AKESIRNTEPQ,ASIRNTEPQ,AKESIRNTEPQ,44768.25,93
HLA-A*02:01,17,6,16,11,SKAKVIYVGRN,SKAKVIVGR,SKAKVIYVGR,44789.56,93
HLA-A*02:01,20,6,16,11,SKAKVIYVGRN,SKAKVIVGR,SKAKVIYVGR,44789.56,93
HLA-A*02:01,5,23,34,12,DENQEYSPMTGQ,DEYSPMTGQ,DENQEYSPMTGQ,44795.37,93
HLA-A*02:01,1,22,31,10,DKSSKKNVLE,DSSKKNVLE,DKSSKKNVLE,44819.12,93
HLA-A*02:01,3,21,30,10,PKTNPARRMC,PTNPARRMC,PKTNPARRMC,44825.42,93
HLA-A*02:01,15,30,42,13,QHRTSRGTCQARD,QSRGTCQAR,QHRTSRGTCQAR,44829.32,93
HLA-A*02:01,15,24,36,13,GQGVYTQHRTSRG,GQTQHRTSR,GQGVYTQHRTSR,44841.93,93
HLA-A*02:01,1,22,34,13,DKSSKKNVLELRS,DSKKNVLEL,DKSSKKNVLEL,44846.79,93
HLA-A*02:01,15,21,30,10,GREGQGVYTQ,GREGQGVTQ,GREGQGVYTQ,44867.16,93
HLA-A*02:01,1,26,33,8,KKNVLELR,KKN-VLELR,KKNVLELR,44875.89,93
HLA-A*02:01,5,26,33,8,QEYSPMTG,QEYSPMTG-,QEYSPMTG,44877.83,93
HLA-A*02:01,1,19,31,13,APKDKSSKKNVLE,APKDKSVLE,APKDKSSKKNVLE,44892.42,93
HLA-A*02:01,1,20,33,14,PKDKSSKKNVLELR,SSKKVLELR,SSKKNVLELR,44893.38,93
HLA-A*02:01,13,2,13,12,EDSAVDSDDSIE,EVDSDDSIE,EDSAVDSDDSIE,44906.0,93
HLA-A*02:01,15,2,13,12,EDSAVDSDDSIE,EVDSDDSIE,EDSAVDSDDSIE,44906.0,93
HLA-A*02:01,13,25,33,9,KESIRNTEP,KESIRNTEP,KESIRNTEP,44941.0,94
HLA-A*02:01,13,20,32,13,LAEKAKESIRNTE,LAESIRNTE,LAEKAKESIRNTE,44958.05,94
HLA-A*02:01,15,29,39,11,TQHRTSRGTCQ,TQHRTGTCQ,TQHRTSRGTCQ,44987.71,94
HLA-A*02:01,13,21,31,11,AEKAKESIRNT,AAKESIRNT,AEKAKESIRNT,44993.09,94
HLA-A*02:01,15,16,23,8,IRRFFGRE,IRRFFGRE-,IRRFFGRE,44996.97,94
HLA-A*02:01,13,10,17,8,DSIELEIR,DSIELEI-R,DSIELEIR,45007.68,94
HLA-A*02:01,15,10,17,8,DSIELEIR,DSIELEI-R,DSIELEIR,45007.68,94
HLA-A*02:01,1,21,31,11,KDKSSKKNVLE,KSSKKNVLE,KDKSSKKNVLE,45032.54,94
HLA-A*02:01,15,30,43,14,QHRTSRGTCQARDA,QHRTSRGTA,QHRTSRGTCQARDA,45045.69,94
HLA-A*02:01,15,30,38,9,QHRTSRGTC,QHRTSRGTC,QHRTSRGTC,45049.59,94
HLA-A*02:01,13,2,15,14,EDSAVDSDDSIELE,EDSAVIELE,EDSAVDSDDSIELE,45065.66,94
HLA-A*02:01,15,2,15,14,EDSAVDSDDSIELE,EDSAVIELE,EDSAVDSDDSIELE,45065.66,94
HLA-A*02:01,1,17,27,11,SWAPKDKSSKK,SWKDKSSKK,SWAPKDKSSKK,45075.42,94
HLA-A*02:01,1,26,34,9,KKNVLELRS,KKNVLELRS,KKNVLELRS,45118.35,94
HLA-A*02:01,13,26,33,8,ESIRNTEP,ESIR-NTEP,ESIRNTEP,45120.3,94
HLA-A*02:01,5,5,12,8,CGEAFCEN,CGEAFCEN-,CGEAFCEN,45163.3,94
HLA-A*02:01,9,5,12,8,CGEAFCEN,CGEAFCEN-,CGEAFCEN,45163.3,94
HLA-A*02:01,17,12,19,8,YVGRNPRD,YV-GRNPRD,YVGRNPRD,45237.63,95
HLA-A*02:01,1,21,29,9,KDKSSKKNV,KDKSSKKNV,KDKSSKKNV,45281.7,95
HLA-A*02:01,15,22,29,8,REGQGVYT,REGQGVYT-,REGQGVYT,45348.86,95
HLA-A*02:01,13,22,34,13,EKAKESIRNTEPQ,ESIRNTEPQ,EKAKESIRNTEPQ,45371.45,95
HLA-A*02:01,1,27,34,8,KNVLELRS,KNVLELRS-,KNVLELRS,45379.32,95
HLA-A*02:01,13,3,11,9,DSAVDSDDS,DSAVDSDDS,DSAVDSDDS,45429.42,95
HLA-A*02:01,15,3,11,9,DSAVDSDDS,DSAVDSDDS,DSAVDSDDS,45429.42,95
HLA-A*02:01,13,21,28,8,AEKAKESI,AEKAK-ESI,AEKAKESI,45439.73,95
HLA-A*02:01,13,21,34,14,AEKAKESIRNTEPQ,ASIRNTEPQ,AEKAKESIRNTEPQ,45470.72,95
HLA-A*02:01,17,11,19,9,IYVGRNPRD,IYVGRNPRD,IYVGRNPRD,45491.39,95
HLA-A*02:01,5,18,25,8,LCVCADEN,LCVCADEN-,LCVCADEN,45513.05,95
HLA-A*02:01,1,19,27,9,APKDKSSKK,APKDKSSKK,APKDKSSKK,45523.88,95
HLA-A*02:01,3,19,28,10,GPPKTNPARR,GPPKTNPAR,GPPKTNPARR,45545.55,96
HLA-A*02:01,15,27,39,13,VYTQHRTSRGTCQ,VYTQHRTSQ,VYTQHRTSRGTCQ,45574.64,96
HLA-A*02:01,13,20,30,11,LAEKAKESIRN,LAEKAKESR,LAEKAKESIR,45576.61,96
HLA-A*02:01,15,19,26,8,FFGREGQG,FFGREGQG-,FFGREGQG,45595.87,96
HLA-A*02:01,20,13,20,8,VGRNPPRC,VGR-NPPRC,VGRNPPRC,45645.21,96
HLA-A*02:01,13,20,33,14,LAEKAKESIRNTEP,LASIRNTEP,LAEKAKESIRNTEP,45647.68,96
HLA-A*02:01,13,1,11,11,SEDSAVDSDDS,SEDSAVDSS,SEDSAVDSDDS,45704.54,96
HLA-A*02:01,15,1,11,11,SEDSAVDSDDS,SEDSAVDSS,SEDSAVDSDDS,45704.54,96
HLA-A*02:01,13,1,10,10,SEDSAVDSDD,SEDSAVDSD,SEDSAVDSDD,45770.84,96
HLA-A*02:01,15,1,10,10,SEDSAVDSDD,SEDSAVDSD,SEDSAVDSDD,45770.84,96
HLA-A*02:01,15,23,31,9,EGQGVYTQH,EGQGVYTQH,EGQGVYTQH,45776.78,96
HLA-A*02:01,1,21,34,14,KDKSSKKNVLELRS,KSKKNVLEL,KDKSSKKNVLEL,45782.24,96
HLA-A*02:01,13,21,29,9,AEKAKESIR,AEKAKESIR,AEKAKESIR,45785.19,96
HLA-A*02:01,3,23,30,8,TNPARRMC,TNPAR-RMC,TNPARRMC,45804.03,96
HLA-A*02:01,17,16,23,8,NPRDVVVS,NPRDVVVS-,NPRDVVVS,45940.03,97
HLA-A*02:01,1,17,24,8,SWAPKDKS,-SWAPKDKS,SWAPKDKS,45973.84,97
HLA-A*02:01,13,4,11,8,SAVDSDDS,SAVDSDDS-,SAVDSDDS,45975.32,97
HLA-A*02:01,15,4,11,8,SAVDSDDS,SAVDSDDS-,SAVDSDDS,45975.32,97
HLA-A*02:01,5,23,33,11,DENQEYSPMTG,DQEYSPMTG,DENQEYSPMTG,45988.25,97
HLA-A*02:01,3,20,29,10,PPKTNPARRM,PPKTNPARM,PPKTNPARRM,46010.65,97
HLA-A*02:01,13,8,15,8,SDDSIELE,SDDSIELE-,SDDSIELE,46062.46,97
HLA-A*02:01,15,8,15,8,SDDSIELE,SDDSIELE-,SDDSIELE,46062.46,97
HLA-A*02:01,15,21,28,8,GREGQGVY,GREGQGV-Y,GREGQGVY,46070.42,97
HLA-A*02:01,13,24,32,9,AKESIRNTE,AKESIRNTE,AKESIRNTE,46080.91,97
HLA-A*02:01,15,29,36,8,TQHRTSRG,TQHRTSRG-,TQHRTSRG,46081.39,97
HLA-A*02:01,13,21,32,12,AEKAKESIRNTE,AEKSIRNTE,AEKAKESIRNTE,46115.31,97
HLA-A*02:01,5,22,29,8,ADENQEYS,-ADENQEYS,ADENQEYS,46187.72,97
HLA-A*02:01,1,18,25,8,WAPKDKSS,WA-PKDKSS,WAPKDKSS,46209.2,97
HLA-A*02:01,15,21,31,11,GREGQGVYTQH,GREGQGVYH,GREGQGVYTQH,46209.71,97
HLA-A*02:01,17,8,16,9,AKVIYVGRN,AKVIYVGRN,AKVIYVGRN,46219.73,98
HLA-A*02:01,20,8,16,9,AKVIYVGRN,AKVIYVGRN,AKVIYVGRN,46219.73,98
HLA-A*02:01,5,27,34,8,EYSPMTGQ,E-YSPMTGQ,EYSPMTGQ,46226.22,98
HLA-A*02:01,1,22,30,9,DKSSKKNVL,DKSSKKNVL,DKSSKKNVL,46246.74,98
HLA-A*02:01,13,24,33,10,AKESIRNTEP,AESIRNTEP,AKESIRNTEP,46268.25,98
HLA-A*02:01,20,14,21,8,GRNPPRCR,GRNPP-RCR,GRNPPRCR,46317.84,98
HLA-A*02:01,13,2,11,10,EDSAVDSDDS,ESAVDSDDS,EDSAVDSDDS,46329.37,98
HLA-A*02:01,15,2,11,10,EDSAVDSDDS,ESAVDSDDS,EDSAVDSDDS,46329.37,98
HLA-A*02:01,13,23,30,8,KAKESIRN,KAKESIRN-,KAKESIRN,46363.47,98
HLA-A*02:01,1,18,28,11,WAPKDKSSKKN,WAPDKSSKK,WAPKDKSSKK,46387.55,98
HLA-A*02:01,5,20,27,8,VCADENQE,VCADENQE-,VCADENQE,46405.11,98
HLA-A*02:01,1,5,12,8,PEYTVELK,PEY-TVELK,PEYTVELK,46470.94,98
HLA-A*02:01,3,5,12,8,PEYTVELK,PEY-TVELK,PEYTVELK,46470.94,98
HLA-A*02:01,13,22,32,11,EKAKESIRNTE,KAKESINTE,KAKESIRNTE,46474.47,98
HLA-A*02:01,3,20,30,11,PPKTNPARRMC,PTNPARRMC,PPKTNPARRMC,46495.07,98
HLA-A*02:01,15,23,36,14,EGQGVYTQHRTSRG,EGQGVYTQR,EGQGVYTQHRTSR,46497.11,98
HLA-A*02:01,1,20,30,11,PKDKSSKKNVL,PKDKSSNVL,PKDKSSKKNVL,46501.12,98
HLA-A*02:01,13,22,33,12,EKAKESIRNTEP,KAKESITEP,KAKESIRNTEP,46589.26,99
HLA-A*02:01,1,17,28,12,SWAPKDKSSKKN,SWKDKSSKK,SWAPKDKSSKK,46600.86,99
HLA-A*02:01,15,31,38,8,HRTSRGTC,HRTSRG-TC,HRTSRGTC,46728.1,99
HLA-A*02:01,15,23,30,8,EGQGVYTQ,EGQGVYTQ-,EGQGVYTQ,46728.58,99
HLA-A*02:01,13,1,8,8,SEDSAVDS,SEDSAVDS-,SEDSAVDS,46735.15,99
HLA-A*02:01,15,1,8,8,SEDSAVDS,SEDSAVDS-,SEDSAVDS,46735.15,99
HLA-A*02:01,20,14,22,9,GRNPPRCRG,GRNPPRCRG,GRNPPRCRG,46752.36,99
HLA-A*02:01,1,5,13,9,PEYTVELKG,PEYTVELKG,PEYTVELKG,46767.53,99
HLA-A*02:01,3,5,13,9,PEYTVELKG,PEYTVELKG,PEYTVELKG,46767.53,99
HLA-A*02:01,1,20,31,12,PKDKSSKKNVLE,PSSKKNVLE,PKDKSSKKNVLE,46803.46,99
HLA-A*02:01,20,15,22,8,RNPPRCRG,RNPPRCRG-,RNPPRCRG,46812.58,99
HLA-A*02:01,15,34,42,9,SRGTCQARD,SRGTCQARD,SRGTCQARD,46821.7,99
HLA-A*02:01,15,30,37,8,QHRTSRGT,-QHRTSRGT,QHRTSRGT,46861.24,99
HLA-A*02:01,20,17,24,8,PPRCRGLP,-PPRCRGLP,PPRCRGLP,46930.26,99
HLA-A*02:01,13,25,32,8,KESIRNTE,KES-IRNTE,KESIRNTE,46959.71,99
HLA-A*02:01,13,21,30,10,AEKAKESIRN,AEAKESIRN,AEKAKESIRN,46962.26,99
HLA-A*02:01,15,30,39,10,QHRTSRGTCQ,QHTSRGTCQ,QHRTSRGTCQ,46990.71,99
HLA-A*02:01,13,24,31,8,AKESIRNT,-AKESIRNT,AKESIRNT,47014.62,99
HLA-A*02:01,1,6,13,8,EYTVELKG,E-YTVELKG,EYTVELKG,47034.46,99
HLA-A*02:01,3,6,13,8,EYTVELKG,E-YTVELKG,EYTVELKG,47034.46,99
HLA-A*02:01,15,35,42,8,RGTCQARD,RGTCQARD-,RGTCQARD,47065.5,99
HLA-A*02:01,13,9,17,9,DDSIELEIR,DDSIELEIR,DDSIELEIR,47088.42,100
HLA-A*02:01,15,9,17,9,DDSIELEIR,DDSIELEIR,DDSIELEIR,47088.42,100
HLA-A*02:01,1,19,26,8,APKDKSSK,APKDK-SSK,APKDKSSK,47158.29,100
HLA-A*02:01,15,31,39,9,HRTSRGTCQ,HRTSRGTCQ,HRTSRGTCQ,47205.24,100
HLA-A*02:01,5,22,30,9,ADENQEYSP,ADENQEYSP,ADENQEYSP,47247.14,100
HLA-A*02:01,3,21,29,9,PKTNPARRM,PKTNPARRM,PKTNPARRM,47291.65,100
HLA-A*02:01,13,6,13,8,VDSDDSIE,VDSDDSIE-,VDSDDSIE,47369.49,100
HLA-A*02:01,15,6,13,8,VDSDDSIE,VDSDDSIE-,VDSDDSIE,47369.49,100
HLA-A*02:01,13,21,33,13,AEKAKESIRNTEP,AEKAKNTEP,AEKAKESIRNTEP,47476.71,100
HLA-A*02:01,1,20,29,10,PKDKSSKKNV,PKDKSSKKV,PKDKSSKKNV,47588.85,100
HLA-A*02:01,3,20,28,9,PPKTNPARR,PPKTNPARR,PPKTNPARR,47628.0,100
HLA-A*02:01,1,19,28,10,APKDKSSKKN,APKDKSSKK,APKDKSSKK,47667.18,100
HLA-A*02:01,3,20,27,8,PPKTNPAR,-PPKTNPAR,PPKTNPAR,47703.8,100
HLA-A*02:01,13,2,10,9,EDSAVDSDD,EDSAVDSDD,EDSAVDSDD,47785.43,100
HLA-A*02:01,15,2,10,9,EDSAVDSDD,EDSAVDSDD,EDSAVDSDD,47785.43,100
HLA-A*02:01,13,22,30,9,EKAKESIRN,EKAKESIRN,EKAKESIRN,47932.5,100
HLA-A*02:01,13,22,29,8,EKAKESIR,EKAKESI-R,EKAKESIR,47932.99,100
HLA-A*02:01,13,2,9,8,EDSAVDSD,E-DSAVDSD,EDSAVDSD,47960.48,100
HLA-A*02:01,15,2,9,8,EDSAVDSD,E-DSAVDSD,EDSAVDSD,47960.48,100
HLA-A*02:01,13,3,10,8,DSAVDSDD,DSAVDSDD-,DSAVDSDD,47963.61,100
HLA-A*02:01,15,3,10,8,DSAVDSDD,DSAVDSDD-,DSAVDSDD,47963.61,100
HLA-A*02:01,5,23,30,8,DENQEYSP,DEN-QEYSP,DENQEYSP,48012.41,100
HLA-A*02:01,1,22,29,8,DKSSKKNV,D-KSSKKNV,DKSSKKNV,48256.68,100
HLA-A*02:01,3,21,28,8,PKTNPARR,-PKTNPARR,PKTNPARR,48332.96,100
HLA-A*02:01,1,20,27,8,PKDKSSKK,-PKDKSSKK,PKDKSSKK,48608.29,100
HLA-A*02:01,1,21,28,8,KDKSSKKN,KDKSSKKN-,KDKSSKKN,49044.12,100
HLA-A*02:01,1,20,28,9,PKDKSSKKN,PKDKSSKKN,PKDKSSKKN,49300.03,100
