"seq..","peptide","start","end","peptide.length","allele","peptide.index","median.binding.percentile","netmhcpan_el.core","netmhcpan_el.icore","netmhcpan_el.score","netmhcpan_el.percentile","netmhcpan_ba.core","netmhcpan_ba.icore","netmhcpan_ba.IC50","netmhcpan_ba.percentile","immunogenicity.score","proteasome.score","tap.score","mhc.score","processing.score","processing.total.score","Sample_ID","Gene","Feature","Type","Mutation_Type","Sample","Sample_Group","Consequence","BIOTYPE","VAF"
93,"TETLQNYTV",44,52,9,"H2-Kk",4695,0.06,"TETLQNYTV","TETLQNYTV",0.880285,0.04,"TETLQNYTV","TETLQNYTV",23.99,0.07,-0.09789,1.130368,0.030026191,-1.380030248,1.160394191,-0.219636057,"S3","Cplane1","ENSMUST00000110617","FS","indel",1,"Ure_mock_IR","frameshift_variant","protein_coding",8.19672131147541
31,"AELARRHSI",12,20,9,"H2-Kk",1526,0.08,"AELARRHSI","AELARRHSI",0.845697,0.07,"AELARRHSI","AELARRHSI",34.41,0.1,0.06553,1.040635,0.263218843,-1.536684673,1.303853843,-0.23283083,"S3","Ydjc","ENSMUST00000069064","missense","snv",1,"Ure_mock_IR","missense_variant","protein_coding",12.5
50,"LELKIRSI",12,19,8,"H2-Kk",2462,0.08,"LEL-KIRSI","LELKIRSI",0.823268,0.09,"LEL-KIRSI","LELKIRSI",24.25,0.07,-0.1819,1.190646,0.205487918,-1.384711743,1.396133918,0.011422175,"S3","Bbs7","ENSMUST00000108156","missense","snv",1,"Ure_mock_IR","missense_variant","protein_coding",1.94174757281553
34,"SESSKCNTV",13,21,9,"H2-Kk",1677,0.1,"SESSKCNTV","SESSKCNTV",0.843648,0.07,"SESSKCNTV","SESSKCNTV",42.53,0.13,-0.4637,1.145021,0.164257623,-1.628695383,1.309278623,-0.31941676,"S3","Spice1","ENSMUST00000050897","missense","snv",1,"Ure_mock_IR","missense_variant","protein_coding",1.36986301369863
69,"EEHCLSSDL",13,21,9,"H2-Kk",3427,0.2,"EEHCLSSDL","EEHCLSSDL",0.621453,0.29,"EEHCLSSDL","EEHCLSSDL",35.29,0.11,-0.33694,1.131369,0.260260847,-1.547651658,1.391629847,-0.156021811,"S3","Lmcd1","ENSMUST00000032376","missense","snv",1,"Ure_mock_IR","missense_variant","protein_coding",2.35294117647059
62,"TELLYAALV",9,17,9,"H2-Kk",3081,0.04,"TELLYAALV","TELLYAALV",0.82899,0.08,"TELLYAALV","TELLYAALV",5.37,0.01,0.04501,1.011072,0.078925974,-0.729974286,1.089997974,0.360023688,"S4","Vmn1r185","ENSMUST00000228367","missense","snv",2,"Ure_mock_IR","missense_variant","protein_coding",14.6341463414634
62,"TELLYAAL",9,16,8,"H2-Kk",3067,0.18,"TEL-LYAAL","TELLYAAL",0.654262,0.26,"TEL-LYAAL","TELLYAAL",36.07,0.11,0.05149,1.431223,0.360083749,-1.557146142,1.791306749,0.234160606,"S4","Vmn1r185","ENSMUST00000228367","missense","snv",2,"Ure_mock_IR","missense_variant","protein_coding",14.6341463414634
53,"NEYYAHSEDYV",6,16,11,"H2-Kk",2653,0.5,"NEYYAHSEV","NEYYAHSEDYV",0.35022,0.86,"NEYYAHSEV","NEYYAHSEDYV",49.89,0.15,0.01439,0.942214,0.110913956,-1.698013504,1.053127956,-0.644885548,"S4","Plod3","ENSMUST00000004968","missense","snv",2,"Ure_mock_IR","missense_variant","protein_coding",5.97014925373134
53,"NEKAGDCLI",7,15,9,"H2-Kk",2621,0.19,"NEKAGDCLI","NEKAGDCLI",0.645872,0.27,"NEKAGDCLI","NEKAGDCLI",36.82,0.11,-0.02873,1.060265,0.115025261,-1.566083784,1.175290261,-0.390793523,"S5","Acaa1b","ENSMUST00000010795","missense","snv",3,"Ure_mock_IR","missense_variant","protein_coding",5.88235294117647
22,"CEALTLRDL",8,16,9,"H2-Kk",1072,0.38,"CEALTLRDL","CEALTLRDL",0.42239,0.63,"CEALTLRDL","CEALTLRDL",45.05,0.13,0.08554,1.376205,0.367014484,-1.653694795,1.743219484,0.089524688,"S5","Slc22a20","ENSMUST00000041827","missense","snv",3,"Ure_mock_IR","missense_variant","protein_coding",1.40845070422535
20,"IPVSMWFTI",7,15,9,"H2-Ld",1035,0.01,"IPVSMWFTI","IPVSMWFTI",0.812794,0.01,"IPVSMWFTI","IPVSMWFTI",12.56,0.01,0.00592,1.156018,0.163597457,-1.098989639,1.319615457,0.220625817,"S6","Has2","ENSMUST00000050544","missense","snv",4,"Ure_mock_IR","missense_variant","protein_coding",4.3010752688172
43,"VPLRHIHLF",7,15,9,"H2-Ld",2185,0.02,"VPLRHIHLF","VPLRHIHLF",0.885907,0.01,"VPLRHIHLF","VPLRHIHLF",47.44,0.02,0.22608,1.263721,0.992389834,-1.67614468,2.256110834,0.579966154,"S6","Slc4a5","ENSMUST00000039212","missense","snv",4,"Ure_mock_IR","missense_variant","protein_coding",7.89473684210526
20,"IPVSMWFTIL",7,16,10,"H2-Ld",1048,0.02,"IPVSMWFTL","IPVSMWFTIL",0.694217,0.02,"IPVSMWFTL","IPVSMWFTIL",22.73,0.01,0.11235,1.409556,0.348806529,-1.356599436,1.758362529,0.401763093,"S6","Has2","ENSMUST00000050544","missense","snv",4,"Ure_mock_IR","missense_variant","protein_coding",4.3010752688172
61,"MEKRGPCLV",5,13,9,"H2-Kk",3083,0.16,"MEKRGPCLV","MEKRGPCLV",0.685308,0.22,"MEKRGPCLV","MEKRGPCLV",28.08,0.09,-0.04734,0.904026,0.162801739,-1.448397103,1.066827739,-0.381569364,"S6","Fam219b","ENSMUST00000114200","missense","snv",4,"Ure_mock_IR","missense_variant","protein_coding",40
36,"EEIQLKGTV",10,18,9,"H2-Kk",1822,0.05,"EEIQLKGTV","EEIQLKGTV",0.915711,0.02,"EEIQLKGTV","EEIQLKGTV",26.43,0.08,-0.23588,1.083238,0.004571611,-1.422097163,1.087809611,-0.334287552,"S7","Hc","ENSMUST00000028233","missense","snv",5,"Ure_mock_IR_DMXAA","missense_variant","protein_coding",1.81818181818182
65,"DEQDSVRLL",1,9,9,"H2-Kk",3263,0.06,"DEQDSVRLL","DEQDSVRLL",0.959849,0.01,"DEQDSVRLL","DEQDSVRLL",40.55,0.12,-0.10032,1.676182,0.332684555,-1.607990859,2.008866555,0.400875696,"S7","Ppp2r1b","ENSMUST00000174628","missense","snv",5,"Ure_mock_IR_DMXAA","missense_variant","protein_coding",4.44444444444444
22,"TENSALRLQV",5,14,10,"H2-Kk",1130,0.2,"TENSALRQV","TENSALRLQV",0.627401,0.29,"TENSALRQV","TENSALRLQV",37.72,0.11,-0.16959,0.991839,-0.046391266,-1.576571684,0.945447734,-0.63112395,"S7","Lmnb1","ENSMUST00000025486","missense","snv",5,"Ure_mock_IR_DMXAA","missense_variant","protein_coding",40
22,"TENSALRLQV",5,14,10,"H2-Kk",1130,0.2,"TENSALRQV","TENSALRLQV",0.627401,0.29,"TENSALRQV","TENSALRLQV",37.72,0.11,-0.16959,0.991839,-0.046391266,-1.576571684,0.945447734,-0.63112395,"S7","Lmnb1","ENSMUST00000025486","missense","snv",5,"Ure_mock_IR_DMXAA","missense_variant","protein_coding",28.5714285714286
65,"MEACVSIAQLL",11,21,11,"H2-Kk",3298,0.31,"MEASIAQLL","MEACVSIAQLL",0.464487,0.52,"MEASIAQLL","MEACVSIAQLL",31.68,0.1,-0.10026,1.418013,0.452199462,-1.500785173,1.870212462,0.369427289,"S7","Ppp2r1b","ENSMUST00000174628","missense","snv",5,"Ure_mock_IR_DMXAA","missense_variant","protein_coding",4.44444444444444
65,"MEACVSIAQL",11,20,10,"H2-Kk",3286,0.62,"MEAVSIAQL","MEACVSIAQL",0.301603,1.1,"MEAVSIAQL","MEACVSIAQL",42.84,0.13,-0.07183,1.313807,0.452199462,-1.631849462,1.766006462,0.134157,"S7","Ppp2r1b","ENSMUST00000174628","missense","snv",5,"Ure_mock_IR_DMXAA","missense_variant","protein_coding",4.44444444444444
25,"NEHIMESVL",8,16,9,"H2-Kk",1370,0.08,"NEHIMESVL","NEHIMESVL",0.856822,0.06,"NEHIMESVL","NEHIMESVL",32.66,0.1,-0.04783,1.351324,0.407602825,-1.51401618,1.758926825,0.244910644,"S8","Trappc12","ENSMUST00000020954","missense","snv",6,"Ure_mock_IR_DMXAA","missense_variant","protein_coding",7.5
13,"LESIKSQI",2,9,8,"H2-Kk",750,0.09,"LES-IKSQI","LESIKSQI",0.851684,0.06,"LES-IKSQI","LESIKSQI",38.88,0.12,-0.38327,0.979517,0.229827957,-1.589726256,1.209344957,-0.380381299,"S8","Gdf11","ENSMUST00000026408","missense","snv",6,"Ure_mock_IR_DMXAA","missense_variant","protein_coding",28.5714285714286
7,"EEGLRLSTV",9,17,9,"H2-Kk",471,0.11,"EEGLRLSTV","EEGLRLSTV",0.839078,0.08,"EEGLRLSTV","EEGLRLSTV",43.27,0.13,-0.07714,1.1506,-0.059793884,-1.636186895,1.090806116,-0.545380779,"S8","E030030I06Rik","ENSMUST00000179054","missense","snv",6,"Ure_mock_IR_DMXAA","missense_variant","protein_coding",16.6666666666667
7,"EEGLRLSTV",9,17,9,"H2-Kk",471,0.11,"EEGLRLSTV","EEGLRLSTV",0.839078,0.08,"EEGLRLSTV","EEGLRLSTV",43.27,0.13,-0.07714,1.1506,-0.059793884,-1.636186895,1.090806116,-0.545380779,"S8","E030030I06Rik","ENSMUST00000179054","missense","snv",6,"Ure_mock_IR_DMXAA","missense_variant","protein_coding",16.6666666666667
25,"NEHIMESV",8,15,8,"H2-Kk",1356,0.15,"NEH-IMESV","NEHIMESV",0.775192,0.14,"NEH-IMESV","NEHIMESV",48.79,0.15,-0.07195,1.07569,0.12644505,-1.688330818,1.20213505,-0.486195768,"S8","Trappc12","ENSMUST00000020954","missense","snv",6,"Ure_mock_IR_DMXAA","missense_variant","protein_coding",7.5
25,"NEHIMESVLI",8,17,10,"H2-Kk",1383,0.18,"NEHMESVLI","NEHIMESVLI",0.589386,0.33,"NEHMESVLI","NEHIMESVLI",13.44,0.03,-0.05645,1.359208,0.222393753,-1.128399269,1.581601753,0.453202484,"S8","Trappc12","ENSMUST00000020954","missense","snv",6,"Ure_mock_IR_DMXAA","missense_variant","protein_coding",7.5
44,"WEGPRCEI",3,10,8,"H2-Kk",2301,0.28,"WE-GPRCEI","WEGPRCEI",0.522365,0.42,"WE-GPRCEI","WEGPRCEI",49.33,0.15,0.08399,1.199259,0.156620981,-1.693111115,1.355879981,-0.337231134,"S8","Crb2","ENSMUST00000050372","missense","snv",6,"Ure_mock_IR_DMXAA","missense_variant","protein_coding",28.5714285714286
57,"MEMHCIDI",4,11,8,"H2-Kk",2952,0.34,"MEM-HCIDI","MEMHCIDI",0.41696,0.65,"MEM-HCIDI","MEMHCIDI",14.23,0.04,0.06705,0.748562,0.217692029,-1.1532049,0.966254029,-0.186950871,"S8","Reck","ENSMUST00000030198","missense","snv",6,"Ure_mock_IR_DMXAA","missense_variant","protein_coding",5.06329113924051
36,"NESEATRRI",6,14,9,"H2-Kk",2294,0.02,"NESEATRRI","NESEATRRI",0.973779,0.01,"NESEATRRI","NESEATRRI",9.15,0.02,0.19561,1.252624,0.114132793,-0.961421094,1.366756793,0.405335699,"S9","Vps4b","ENSMUST00000094646","missense","snv",7,"Ure_mock_IR_DMXAA","missense_variant","protein_coding",4.3956043956044
64,"MESRLASEI",11,19,9,"H2-Kk",3699,0.02,"MESRLASEI","MESRLASEI",0.932861,0.02,"MESRLASEI","MESRLASEI",4.16,0.01,-0.05671,0.823829,0.257857974,-0.619093331,1.081686974,0.462593644,"S9","Irgc1","ENSMUST00000205776","missense","snv",7,"Ure_mock_IR_DMXAA","missense_variant","protein_coding",7.5
63,"TEYKLVVV",1,8,8,"H2-Kk",3625,0.08,"TEY-KLVVV","TEYKLVVV",0.858533,0.06,"TEY-KLVVV","TEYKLVVV",33.84,0.1,-0.1553,1.330313,0.211251278,-1.529430354,1.541564278,0.012133924,"S9","Kras","ENSMUST00000032399","missense","snv",7,"Ure_mock_IR_DMXAA","missense_variant","protein_coding",3.27868852459016
63,"TEYKLVVV",1,8,8,"H2-Kk",3625,0.08,"TEY-KLVVV","TEYKLVVV",0.858533,0.06,"TEY-KLVVV","TEYKLVVV",33.84,0.1,-0.1553,1.330313,0.211251278,-1.529430354,1.541564278,0.012133924,"S9","Kras","ENSMUST00000032399","missense","snv",7,"Ure_mock_IR_DMXAA","missense_variant","protein_coding",12.1951219512195
29,"NELNFVYV",8,15,8,"H2-Kk",1932,0.16,"NEL-NFVYV","NELNFVYV",0.672474,0.23,"NEL-NFVYV","NELNFVYV",28.03,0.09,0.13963,1.173334,0.120907157,-1.447623098,1.294241157,-0.153381941,"S9","Olfr1454","ENSMUST00000217568","missense","snv",7,"Ure_mock_IR_DMXAA","missense_variant","protein_coding",4.60526315789474
62,"NELLTLGL",8,15,8,"H2-Kk",3582,0.18,"NEL-LTLGL","NELLTLGL",0.679922,0.22,"NEL-LTLGL","NELLTLGL",49.51,0.15,0.0412,1.626038,0.35746781,-1.694692926,1.98350581,0.288812884,"S9","Nr2c2","ENSMUST00000113463","missense","snv",7,"Ure_mock_IR_DMXAA","missense_variant","protein_coding",4
64,"MESRLASEIL",11,20,10,"H2-Kk",3712,0.46,"MESRLASEL","MESRLASEIL",0.359659,0.83,"MESRLASEL","MESRLASEIL",33.74,0.1,0.03221,1.662899,0.443067046,-1.528145078,2.105966046,0.577820968,"S9","Irgc1","ENSMUST00000205776","missense","snv",7,"Ure_mock_IR_DMXAA","missense_variant","protein_coding",7.5
57,"LEYMSLSRRFI",8,18,11,"H2-Kk",3371,0.7,"LEYLSRRFI","LEYMSLSRRFI",0.262508,1.3,"LEYLSRRFI","LEYMSLSRRFI",32.01,0.1,-0.3501,1.183774,0.210021068,-1.505285674,1.393795068,-0.111490607,"S9","Nop14","ENSMUST00000041364","missense","snv",7,"Ure_mock_IR_DMXAA","missense_variant","protein_coding",3.47826086956522
55,"LEAHVRQLL",8,16,9,"H2-Kk",2942,0.06,"LEAHVRQLL","LEAHVRQLL",0.859393,0.06,"LEAHVRQLL","LEAHVRQLL",20.96,0.06,0.02993,1.536443,0.342396791,-1.321391278,1.878839791,0.557448513,"S10","Traf5","ENSMUST00000085573","missense","snv",8,"Ure_mock_IR_DMXAA","missense_variant","protein_coding",8.33333333333333
43,"NEMASLSV",11,18,8,"H2-Kk",2331,0.08,"NEM-ASLSV","NEMASLSV",0.781949,0.13,"NEM-ASLSV","NEMASLSV",12.77,0.03,-0.32879,1.092649,0.057665125,-1.106190897,1.150314125,0.044123228,"S10","Rarg","ENSMUST00000043172","missense","snv",8,"Ure_mock_IR_DMXAA","synonymous_variant","protein_coding",4.08163265306122
43,"NEMASLSV",11,18,8,"H2-Kk",2331,0.08,"NEM-ASLSV","NEMASLSV",0.781949,0.13,"NEM-ASLSV","NEMASLSV",12.77,0.03,-0.32879,1.092649,0.057665125,-1.106190897,1.150314125,0.044123228,"S10","Rarg","ENSMUST00000043172","missense","snv",8,"Ure_mock_IR_DMXAA","missense_variant","protein_coding",33.3333333333333
1,"TENSKFDGI",66,74,9,"H2-Kk",147,0.1,"TENSKFDGI","TENSKFDGI",0.833479,0.08,"TENSKFDGI","TENSKFDGI",35.24,0.11,-0.22985,1.022076,0.183648714,-1.5470359,1.205724714,-0.341311186,"S10","Cd24a","ENSMUST00000058714","FS","indel",8,"Ure_mock_IR_DMXAA","frameshift_variant","protein_coding",11.864406779661
96,"SEGHRFPRTI",1,10,10,"H2-Kk",4998,0.16,"SEHRFPRTI","SEGHRFPRTI",0.669605,0.23,"SEHRFPRTI","SEGHRFPRTI",28.3,0.09,0.26387,1.369106,0.174439204,-1.451786436,1.543545204,0.091758769,"S10","Acy1","ENSMUST00000024031","missense","snv",8,"Ure_mock_IR_DMXAA","missense_variant","protein_coding",14.0350877192982
16,"VESIAGFL",3,10,8,"H2-Kk",973,0.19,"VES-IAGFL","VESIAGFL",0.629865,0.28,"VES-IAGFL","VESIAGFL",29.65,0.1,0.24902,1.377267,0.40286209,-1.472024698,1.78012909,0.308104392,"S10","Cfap36","ENSMUST00000020754","missense","snv",8,"Ure_mock_IR_DMXAA","missense_variant","protein_coding",4.76190476190476
19,"LEAAATYV",2,9,8,"H2-Kk",1122,0.22,"LEA-AATYV","LEAAATYV",0.583858,0.34,"LEA-AATYV","LEAAATYV",29.41,0.1,0.12359,1.022836,0.146987176,-1.468495025,1.169823176,-0.298671849,"S10","Nlgn2","ENSMUST00000108634","missense","snv",12,"Ure_mock_IR_DMXAA","missense_variant","protein_coding",20
19,"LEAAATYV",2,9,8,"H2-Kk",1122,0.22,"LEA-AATYV","LEAAATYV",0.583858,0.34,"LEA-AATYV","LEAAATYV",29.41,0.1,0.12359,1.022836,0.146987176,-1.468495025,1.169823176,-0.298671849,"S10","Nlgn2","ENSMUST00000108634","missense","snv",12,"Ure_mock_IR_DMXAA","synonymous_variant","protein_coding",16.6666666666667
19,"LEAAATYV",2,9,8,"H2-Kk",1122,0.22,"LEA-AATYV","LEAAATYV",0.583858,0.34,"LEA-AATYV","LEAAATYV",29.41,0.1,0.12359,1.022836,0.146987176,-1.468495025,1.169823176,-0.298671849,"S10","Nlgn2","ENSMUST00000108634","missense","snv",8,"Ure_mock_IR_DMXAA","missense_variant","protein_coding",20
19,"LEAAATYV",2,9,8,"H2-Kk",1122,0.22,"LEA-AATYV","LEAAATYV",0.583858,0.34,"LEA-AATYV","LEAAATYV",29.41,0.1,0.12359,1.022836,0.146987176,-1.468495025,1.169823176,-0.298671849,"S10","Nlgn2","ENSMUST00000108634","missense","snv",8,"Ure_mock_IR_DMXAA","synonymous_variant","protein_coding",16.6666666666667
7,"TEIQMEGSPI",2,11,10,"H2-Kk",565,0.29,"TEIQEGSPI","TEIQMEGSPI",0.453391,0.54,"TEIQEGSPI","TEIQMEGSPI",14.73,0.04,-0.26106,0.639384,0.132763575,-1.168202747,0.772147575,-0.396055172,"S10","Setd1b","ENSMUST00000163030","inframe_del","indel",8,"Ure_mock_IR_DMXAA","inframe_deletion","protein_coding",7.54716981132075
12,"SEECCQSSI",3,11,9,"H2-Kk",787,0.32,"SEECCQSSI","SEECCQSSI",0.435,0.58,"SEECCQSSI","SEECCQSSI",22.05,0.06,-0.41957,1.252014,0.19386265,-1.343408594,1.44587665,0.102468056,"S10","Zfp938","ENSMUST00000041264","missense","snv",8,"Ure_mock_IR_DMXAA","missense_variant","protein_coding",2.04081632653061
22,"EENLITALV",11,19,9,"H2-Kk",1075,0.02,"EENLITALV","EENLITALV",0.923278,0.02,"EENLITALV","EENLITALV",12.96,0.03,0.17942,1.102811,-0.063188284,-1.112605002,1.039622716,-0.072982286,"S11","Epg5","ENSMUST00000044622","missense","snv",9,"Ure_IR","missense_variant","protein_coding",5.71428571428571
35,"TEALIAEL",10,17,8,"H2-Kk",1710,0.08,"TEA-LIAEL","TEALIAEL",0.87505,0.04,"TEA-LIAEL","TEALIAEL",41.48,0.12,0.25247,1.231884,0.34234709,-1.617838748,1.57423109,-0.043607658,"S11","Efcab2","ENSMUST00000027775","missense","snv",9,"Ure_IR","missense_variant","protein_coding",33.3333333333333
27,"LEAFFGLLI",13,21,9,"H2-Kk",1327,0.1,"LEAFFGLLI","LEAFFGLLI",0.744765,0.17,"LEAFFGLLI","LEAFFGLLI",7.75,0.02,0.26056,1.072304,0.225266577,-0.889301703,1.297570577,0.408268875,"S11","Slc11a1","ENSMUST00000027368","missense","snv",9,"Ure_IR","missense_variant","protein_coding",5.79710144927536
76,"LEFFLSSI",6,13,8,"H2-Kk",3756,0.12,"LEF-FLSSI","LEFFLSSI",0.683181,0.22,"LEF-FLSSI","LEFFLSSI",10.97,0.03,-0.15035,0.961788,0.198612157,-1.040206628,1.160400157,0.120193529,"S11","Ei24","ENSMUST00000115086","missense","snv",9,"Ure_IR","missense_variant","protein_coding",9.09090909090909
76,"LEFFLSSIF",6,14,9,"H2-Kk",3770,0.27,"LEFFLSSIF","LEFFLSSIF",0.513026,0.43,"LEFFLSSIF","LEFFLSSIF",37.31,0.11,-0.07259,1.363397,1.067035254,-1.571825249,2.430432254,0.858607005,"S11","Ei24","ENSMUST00000115086","missense","snv",9,"Ure_IR","missense_variant","protein_coding",9.09090909090909
27,"LEAFFGLL",13,20,8,"H2-Kk",1313,0.32,"LEA-FFGLL","LEAFFGLL",0.454643,0.54,"LEA-FFGLL","LEAFFGLL",31.02,0.1,0.26704,1.187412,0.410475649,-1.491641793,1.597887649,0.106245856,"S11","Slc11a1","ENSMUST00000027368","missense","snv",9,"Ure_IR","missense_variant","protein_coding",5.79710144927536
1,"LEQPNVVRAFI",7,17,11,"H2-Kk",46,0.36,"LEQPNVVRI","LEQPNVVRAFI",0.435253,0.58,"LEQPNVVRI","LEQPNVVRAFI",49.63,0.15,0.17548,1.024482,0.164292795,-1.695744275,1.188774795,-0.50696948,"S11","E030030I06Rik","ENSMUST00000179054","missense","snv",9,"Ure_IR","splice_donor_variant","protein_coding",57.1428571428571
1,"LEQPNVVRAFI",7,17,11,"H2-Kk",46,0.36,"LEQPNVVRI","LEQPNVVRAFI",0.435253,0.58,"LEQPNVVRI","LEQPNVVRAFI",49.63,0.15,0.17548,1.024482,0.164292795,-1.695744275,1.188774795,-0.50696948,"S11","E030030I06Rik","ENSMUST00000179054","missense","snv",9,"Ure_IR","missense_variant","protein_coding",40
1,"LEQPNVVRAFI",7,17,11,"H2-Kk",46,0.36,"LEQPNVVRI","LEQPNVVRAFI",0.435253,0.58,"LEQPNVVRI","LEQPNVVRAFI",49.63,0.15,0.17548,1.024482,0.164292795,-1.695744275,1.188774795,-0.50696948,"S11","E030030I06Rik","ENSMUST00000179054","missense","snv",9,"Ure_IR","synonymous_variant","protein_coding",38.4615384615385
58,"VEFYLGPV",9,16,8,"H2-Kk",2859,0.36,"VEFYLGP-V","VEFYLGPV",0.423271,0.63,"VEFYLGP-V","VEFYLGPV",34.24,0.1,0.04602,0.521034,0.138896904,-1.534533756,0.659930904,-0.874602852,"S11","Gper1","ENSMUST00000066211","missense","snv",9,"Ure_IR","missense_variant","protein_coding",8.82352941176471
82,"NEIAVLRRI",13,21,9,"H2-Kk",4461,0.02,"NEIAVLRRI","NEIAVLRRI",0.94219,0.01,"NEIAVLRRI","NEIAVLRRI",8,0.02,0.18625,1.170022,0.146069022,-0.903089987,1.316091022,0.413001035,"S12","Pnck","ENSMUST00000002087","missense","snv",10,"Ure_IR","missense_variant","protein_coding",28.5714285714286
58,"SPMIYYFPL",2,10,9,"H2-Ld",3250,0.02,"SPMIYYFPL","SPMIYYFPL",0.712232,0.02,"SPMIYYFPL","SPMIYYFPL",16.07,0.01,0.16216,1.241304,0.356058467,-1.206015877,1.597362467,0.39134659,"S12","Cwh43","ENSMUST00000031040","missense","snv",10,"Ure_IR","missense_variant","protein_coding",1.81818181818182
83,"SEISVHVGI",13,21,9,"H2-Kk",4511,0.03,"SEISVHVGI","SEISVHVGI",0.934755,0.02,"SEISVHVGI","SEISVHVGI",13.99,0.04,0.00202,1.206412,0.162105874,-1.145817714,1.368517874,0.22270016,"S12","Atp7a","ENSMUST00000055941","missense","snv",10,"Ure_IR","missense_variant","protein_coding",4.25531914893617
42,"SEVQRQEI",11,18,8,"H2-Kk",2445,0.08,"SEV-QRQEI","SEVQRQEI",0.899643,0.04,"SEV-QRQEI","SEVQRQEI",37.8,0.11,-0.0773,1.157254,0.272504973,-1.5774918,1.429758973,-0.147732827,"S12","Ninl","ENSMUST00000109896","missense","snv",10,"Ure_IR","missense_variant","protein_coding",4.04040404040404
1,"VELKGASLL",3,11,9,"H2-Kk",63,0.1,"VELKGASLL","VELKGASLL",0.82896,0.08,"VELKGASLL","VELKGASLL",34.56,0.11,-0.29687,1.255349,0.39650002,-1.538573734,1.65184902,0.113275286,"S12","Arhgap27","ENSMUST00000107024","FS","indel",12,"Ure_IR","frameshift_variant","protein_coding",5.79710144927536
1,"VELKGASLL",3,11,9,"H2-Kk",63,0.1,"VELKGASLL","VELKGASLL",0.82896,0.08,"VELKGASLL","VELKGASLL",34.56,0.11,-0.29687,1.255349,0.39650002,-1.538573734,1.65184902,0.113275286,"S12","Arhgap27","ENSMUST00000107024","FS","indel",12,"Ure_IR","frameshift_variant","protein_coding",7.27272727272727
1,"VELKGASLL",3,11,9,"H2-Kk",63,0.1,"VELKGASLL","VELKGASLL",0.82896,0.08,"VELKGASLL","VELKGASLL",34.56,0.11,-0.29687,1.255349,0.39650002,-1.538573734,1.65184902,0.113275286,"S12","Arhgap27","ENSMUST00000107024","FS","indel",10,"Ure_IR","frameshift_variant","protein_coding",5.79710144927536
1,"VELKGASLL",3,11,9,"H2-Kk",63,0.1,"VELKGASLL","VELKGASLL",0.82896,0.08,"VELKGASLL","VELKGASLL",34.56,0.11,-0.29687,1.255349,0.39650002,-1.538573734,1.65184902,0.113275286,"S12","Arhgap27","ENSMUST00000107024","FS","indel",10,"Ure_IR","frameshift_variant","protein_coding",7.27272727272727
14,"AEAYHFFII",3,11,9,"H2-Kk",1051,0.13,"AEAYHFFII","AEAYHFFII",0.688279,0.22,"AEAYHFFII","AEAYHFFII",14.92,0.04,0.32724,1.22414,0.229204167,-1.173768823,1.453344167,0.279575343,"S12","Wdr35","ENSMUST00000085745","missense","snv",10,"Ure_IR","missense_variant","protein_coding",9.09090909090909
72,"IEAANVHI",14,21,8,"H2-Kk",3948,0.14,"IEAANVH-I","IEAANVHI",0.764548,0.15,"IEAANVH-I","IEAANVHI",38.81,0.12,0.11193,1.30319,0.233186618,-1.588943643,1.536376618,-0.052567025,"S12","Cdh11","ENSMUST00000075190","missense","snv",10,"Ure_IR","missense_variant","protein_coding",4.21052631578947
61,"LEAFSKLV",12,19,8,"H2-Kk",3396,0.16,"LEA-FSKLV","LEAFSKLV",0.657962,0.25,"LEA-FSKLV","LEAFSKLV",22.51,0.06,-0.24296,1.067997,0.105836137,-1.352375495,1.173833137,-0.178542358,"S12","Hdhd5","ENSMUST00000075303","missense","snv",10,"Ure_IR","missense_variant","protein_coding",5.40540540540541
14,"AEAYHFFI",3,10,8,"H2-Kk",1037,0.16,"AEA-YHFFI","AEAYHFFI",0.629823,0.28,"AEA-YHFFI","AEAYHFFI",18.08,0.05,0.24948,1.030089,0.229204167,-1.257198426,1.259293167,0.00209474,"S12","Wdr35","ENSMUST00000085745","missense","snv",10,"Ure_IR","missense_variant","protein_coding",9.09090909090909
25,"CEILPLYRI",12,20,9,"H2-Kk",1610,0.22,"CEILPLYRI","CEILPLYRI",0.592653,0.32,"CEILPLYRI","CEILPLYRI",42.93,0.13,0.03792,1.316406,0.138865723,-1.632760888,1.455271723,-0.177489165,"S12","Olfr209","ENSMUST00000208875","missense","snv",10,"Ure_IR","missense_variant","protein_coding",2.8673835125448
3,"CENVEGSFL",3,11,9,"H2-Kk",295,0.26,"CENVEGSFL","CENVEGSFL",0.543822,0.4,"CENVEGSFL","CENVEGSFL",41.8,0.12,0.09762,1.370835,0.253266376,-1.621176282,1.624101376,0.002925094,"S12","Ltbp1","ENSMUST00000001927","FS","indel",10,"Ure_IR","frameshift_variant","protein_coding",7.69230769230769
18,"YEDFSSLPDI",2,11,10,"H2-Kk",1263,0.56,"YEFSSLPDI","YEDFSSLPDI",0.312815,1,"YEFSSLPDI","YEDFSSLPDI",41.51,0.12,-0.20404,0.951156,0.014671643,-1.618152733,0.965827643,-0.65232509,"S12","Ankrd33b","ENSMUST00000123325","missense","snv",10,"Ure_IR","missense_variant","protein_coding",28.5714285714286
24,"DESWMQREV",2,10,9,"H2-Kk",1166,0.05,"DESWMQREV","DESWMQREV",0.884664,0.04,"DESWMQREV","DESWMQREV",19.98,0.06,-0.00867,1.131647,-0.075897648,-1.300595484,1.055749352,-0.244846132,"S13","Kdm2a","ENSMUST00000047898","missense","snv",11,"Ure_IR","missense_variant","protein_coding",3.33333333333333
51,"QEAEMKCI",1,8,8,"H2-Kk",2501,0.08,"QEAEM-KCI","QEAEMKCI",0.815227,0.1,"QEAEM-KCI","QEAEMKCI",21.4,0.06,-0.30605,1.171342,0.207795142,-1.330413773,1.379137142,0.048723369,"S13","Trbv23","ENSMUST00000193997","missense","snv",11,"Ure_IR","missense_variant","TR_V_gene",8.69565217391304
62,"MEQAYQFL",2,9,8,"H2-Kk",3052,0.11,"MEQ-AYQFL","MEQAYQFL",0.746283,0.17,"MEQ-AYQFL","MEQAYQFL",15.3,0.04,-0.01207,1.500551,0.430852315,-1.184691431,1.931403315,0.746711884,"S13","Tmppe","ENSMUST00000111820","missense","snv",11,"Ure_IR","missense_variant","protein_coding",33.3333333333333
53,"FETCDVHI",3,10,8,"H2-Kk",2603,0.38,"FETCDVH-I","FETCDVHI",0.419749,0.64,"FETCDVH-I","FETCDVHI",43.79,0.13,0.04611,1.184324,0.136568558,-1.641374945,1.320892558,-0.320482387,"S13","Klhl42","ENSMUST00000036003","missense","snv",11,"Ure_IR","missense_variant","protein_coding",8.51063829787234
15,"METGVWAAEFI",6,16,11,"H2-Kk",745,0.7,"METGVAEFI","METGVWAAEFI",0.250479,1.3,"METGVAEFI","METGVWAAEFI",31.77,0.1,0.53043,1.305194,0.238469885,-1.502017215,1.543663885,0.04164667,"S13","Tent4a","ENSMUST00000044081","missense","snv",11,"Ure_IR","missense_variant","protein_coding",2.04081632653061
62,"LEMRLVNSV",3,11,9,"H2-Kk",3227,0.04,"LEMRLVNSV","LEMRLVNSV",0.861356,0.06,"LEMRLVNSV","LEMRLVNSV",8.28,0.02,-0.07898,1.123164,0.167718073,-0.918030337,1.290882073,0.372851736,"S14","Cd163","ENSMUST00000112541","missense","snv",12,"Ure_IR","missense_variant","protein_coding",7.69230769230769
54,"MEARLERVL",12,20,9,"H2-Kk",2836,0.07,"MEARLERVL","MEARLERVL",0.838665,0.08,"MEARLERVL","MEARLERVL",22.77,0.06,0.21603,1.60708,0.442660832,-1.357363031,2.049740832,0.692377801,"S14","Ankrd35","ENSMUST00000048427","missense","snv",12,"Ure_IR","splice_acceptor_variant","protein_coding",5.88235294117647
54,"MEARLERVL",12,20,9,"H2-Kk",2836,0.07,"MEARLERVL","MEARLERVL",0.838665,0.08,"MEARLERVL","MEARLERVL",22.77,0.06,0.21603,1.60708,0.442660832,-1.357363031,2.049740832,0.692377801,"S14","Ankrd35","ENSMUST00000048427","missense","snv",12,"Ure_IR","synonymous_variant","protein_coding",21.7391304347826
54,"MEARLERVL",12,20,9,"H2-Kk",2836,0.07,"MEARLERVL","MEARLERVL",0.838665,0.08,"MEARLERVL","MEARLERVL",22.77,0.06,0.21603,1.60708,0.442660832,-1.357363031,2.049740832,0.692377801,"S14","Ankrd35","ENSMUST00000048427","missense","snv",12,"Ure_IR","missense_variant","protein_coding",18.1818181818182
54,"MEARLERVL",12,20,9,"H2-Kk",2836,0.07,"MEARLERVL","MEARLERVL",0.838665,0.08,"MEARLERVL","MEARLERVL",22.77,0.06,0.21603,1.60708,0.442660832,-1.357363031,2.049740832,0.692377801,"S14","Ankrd35","ENSMUST00000048427","missense","snv",12,"Ure_IR","missense_variant","protein_coding",19.2307692307692
55,"MEARFERVL",7,15,9,"H2-Kk",2881,0.07,"MEARFERVL","MEARFERVL",0.827591,0.09,"MEARFERVL","MEARFERVL",19.22,0.05,0.34083,1.567514,0.428967036,-1.283753383,1.996481036,0.712727653,"S14","Ankrd35","ENSMUST00000048427","missense","snv",12,"Ure_IR","splice_acceptor_variant","protein_coding",5.88235294117647
55,"MEARFERVL",7,15,9,"H2-Kk",2881,0.07,"MEARFERVL","MEARFERVL",0.827591,0.09,"MEARFERVL","MEARFERVL",19.22,0.05,0.34083,1.567514,0.428967036,-1.283753383,1.996481036,0.712727653,"S14","Ankrd35","ENSMUST00000048427","missense","snv",12,"Ure_IR","synonymous_variant","protein_coding",21.7391304347826
55,"MEARFERVL",7,15,9,"H2-Kk",2881,0.07,"MEARFERVL","MEARFERVL",0.827591,0.09,"MEARFERVL","MEARFERVL",19.22,0.05,0.34083,1.567514,0.428967036,-1.283753383,1.996481036,0.712727653,"S14","Ankrd35","ENSMUST00000048427","missense","snv",12,"Ure_IR","missense_variant","protein_coding",18.1818181818182
55,"MEARFERVL",7,15,9,"H2-Kk",2881,0.07,"MEARFERVL","MEARFERVL",0.827591,0.09,"MEARFERVL","MEARFERVL",19.22,0.05,0.34083,1.567514,0.428967036,-1.283753383,1.996481036,0.712727653,"S14","Ankrd35","ENSMUST00000048427","missense","snv",12,"Ure_IR","missense_variant","protein_coding",19.2307692307692
31,"YERKYGHKL",9,17,9,"H2-Kk",1683,0.08,"YERKYGHKL","YERKYGHKL",0.897309,0.04,"YERKYGHKL","YERKYGHKL",39.08,0.12,-0.2706,1.470025,0.373941239,-1.591954555,1.843966239,0.252011684,"S14","Marf1","ENSMUST00000090300","missense","snv",12,"Ure_IR","missense_variant","protein_coding",2.7972027972028
73,"YEIEELSKTV",11,20,10,"H2-Kk",3798,0.09,"YEIELSKTV","YEIEELSKTV",0.802996,0.11,"YEIELSKTV","YEIEELSKTV",25.23,0.07,-0.0844,1.341541,0.025147999,-1.401917251,1.366688999,-0.035228252,"S14","Chid1","ENSMUST00000166082","missense","snv",12,"Ure_IR","missense_variant","protein_coding",4.34782608695652
2,"VELKGASLL",3,11,9,"H2-Kk",121,0.1,"VELKGASLL","VELKGASLL",0.82896,0.08,"VELKGASLL","VELKGASLL",34.56,0.11,-0.29687,1.255349,0.39650002,-1.538573734,1.65184902,0.113275286,"S14","Arhgap27","ENSMUST00000107024","FS","indel",12,"Ure_IR","frameshift_variant","protein_coding",5.79710144927536
2,"VELKGASLL",3,11,9,"H2-Kk",121,0.1,"VELKGASLL","VELKGASLL",0.82896,0.08,"VELKGASLL","VELKGASLL",34.56,0.11,-0.29687,1.255349,0.39650002,-1.538573734,1.65184902,0.113275286,"S14","Arhgap27","ENSMUST00000107024","FS","indel",12,"Ure_IR","frameshift_variant","protein_coding",7.27272727272727
2,"VELKGASLL",3,11,9,"H2-Kk",121,0.1,"VELKGASLL","VELKGASLL",0.82896,0.08,"VELKGASLL","VELKGASLL",34.56,0.11,-0.29687,1.255349,0.39650002,-1.538573734,1.65184902,0.113275286,"S14","Arhgap27","ENSMUST00000107024","FS","indel",10,"Ure_IR","frameshift_variant","protein_coding",5.79710144927536
2,"VELKGASLL",3,11,9,"H2-Kk",121,0.1,"VELKGASLL","VELKGASLL",0.82896,0.08,"VELKGASLL","VELKGASLL",34.56,0.11,-0.29687,1.255349,0.39650002,-1.538573734,1.65184902,0.113275286,"S14","Arhgap27","ENSMUST00000107024","FS","indel",10,"Ure_IR","frameshift_variant","protein_coding",7.27272727272727
46,"NERDNCQYV",1,9,9,"H2-Kk",2425,0.14,"NERDNCQYV","NERDNCQYV",0.769824,0.15,"NERDNCQYV","NERDNCQYV",40.83,0.12,-0.11785,1.270071,0.208344543,-1.61097938,1.478415543,-0.132563837,"S14","Thbs1","ENSMUST00000039559","missense","snv",12,"Ure_IR","missense_variant","protein_coding",4.93827160493827
55,"MEARFERV",7,14,8,"H2-Kk",2867,0.21,"MEA-RFERV","MEARFERV",0.634818,0.28,"MEA-RFERV","MEARFERV",47.93,0.14,0.31671,0.879557,0.147809261,-1.680607429,1.027366261,-0.653241168,"S14","Ankrd35","ENSMUST00000048427","missense","snv",12,"Ure_IR","splice_acceptor_variant","protein_coding",5.88235294117647
55,"MEARFERV",7,14,8,"H2-Kk",2867,0.21,"MEA-RFERV","MEARFERV",0.634818,0.28,"MEA-RFERV","MEARFERV",47.93,0.14,0.31671,0.879557,0.147809261,-1.680607429,1.027366261,-0.653241168,"S14","Ankrd35","ENSMUST00000048427","missense","snv",12,"Ure_IR","synonymous_variant","protein_coding",21.7391304347826
55,"MEARFERV",7,14,8,"H2-Kk",2867,0.21,"MEA-RFERV","MEARFERV",0.634818,0.28,"MEA-RFERV","MEARFERV",47.93,0.14,0.31671,0.879557,0.147809261,-1.680607429,1.027366261,-0.653241168,"S14","Ankrd35","ENSMUST00000048427","missense","snv",12,"Ure_IR","missense_variant","protein_coding",18.1818181818182
55,"MEARFERV",7,14,8,"H2-Kk",2867,0.21,"MEA-RFERV","MEARFERV",0.634818,0.28,"MEA-RFERV","MEARFERV",47.93,0.14,0.31671,0.879557,0.147809261,-1.680607429,1.027366261,-0.653241168,"S14","Ankrd35","ENSMUST00000048427","missense","snv",12,"Ure_IR","missense_variant","protein_coding",19.2307692307692
16,"LEAAATYV",2,9,8,"H2-Kk",912,0.22,"LEA-AATYV","LEAAATYV",0.583858,0.34,"LEA-AATYV","LEAAATYV",29.41,0.1,0.12359,1.022836,0.146987176,-1.468495025,1.169823176,-0.298671849,"S14","Nlgn2","ENSMUST00000108634","missense","snv",12,"Ure_IR","missense_variant","protein_coding",18.75
16,"LEAAATYV",2,9,8,"H2-Kk",912,0.22,"LEA-AATYV","LEAAATYV",0.583858,0.34,"LEA-AATYV","LEAAATYV",29.41,0.1,0.12359,1.022836,0.146987176,-1.468495025,1.169823176,-0.298671849,"S14","Nlgn2","ENSMUST00000108634","missense","snv",12,"Ure_IR","synonymous_variant","protein_coding",20
16,"LEAAATYV",2,9,8,"H2-Kk",912,0.22,"LEA-AATYV","LEAAATYV",0.583858,0.34,"LEA-AATYV","LEAAATYV",29.41,0.1,0.12359,1.022836,0.146987176,-1.468495025,1.169823176,-0.298671849,"S14","Nlgn2","ENSMUST00000108634","missense","snv",8,"Ure_IR","missense_variant","protein_coding",18.75
16,"LEAAATYV",2,9,8,"H2-Kk",912,0.22,"LEA-AATYV","LEAAATYV",0.583858,0.34,"LEA-AATYV","LEAAATYV",29.41,0.1,0.12359,1.022836,0.146987176,-1.468495025,1.169823176,-0.298671849,"S14","Nlgn2","ENSMUST00000108634","missense","snv",8,"Ure_IR","synonymous_variant","protein_coding",20
62,"NLEMRLVNSV",2,11,10,"H2-Kk",3239,0.28,"NEMRLVNSV","NLEMRLVNSV",0.475794,0.49,"NEMRLVNSV","NLEMRLVNSV",25.4,0.07,-0.16786,1.123164,0.121076371,-1.404833717,1.244240371,-0.160593345,"S14","Cd163","ENSMUST00000112541","missense","snv",12,"Ure_IR","missense_variant","protein_coding",7.69230769230769
54,"MEARLERVLV",12,21,10,"H2-Kk",2849,0.44,"MEARLRVLV","MEARLERVLV",0.373142,0.78,"MEARLRVLV","MEARLERVLV",28.55,0.09,0.22856,1.123109,0.161503057,-1.455606113,1.284612057,-0.170994056,"S14","Ankrd35","ENSMUST00000048427","missense","snv",12,"Ure_IR","splice_acceptor_variant","protein_coding",5.88235294117647
54,"MEARLERVLV",12,21,10,"H2-Kk",2849,0.44,"MEARLRVLV","MEARLERVLV",0.373142,0.78,"MEARLRVLV","MEARLERVLV",28.55,0.09,0.22856,1.123109,0.161503057,-1.455606113,1.284612057,-0.170994056,"S14","Ankrd35","ENSMUST00000048427","missense","snv",12,"Ure_IR","synonymous_variant","protein_coding",21.7391304347826
54,"MEARLERVLV",12,21,10,"H2-Kk",2849,0.44,"MEARLRVLV","MEARLERVLV",0.373142,0.78,"MEARLRVLV","MEARLERVLV",28.55,0.09,0.22856,1.123109,0.161503057,-1.455606113,1.284612057,-0.170994056,"S14","Ankrd35","ENSMUST00000048427","missense","snv",12,"Ure_IR","missense_variant","protein_coding",18.1818181818182
54,"MEARLERVLV",12,21,10,"H2-Kk",2849,0.44,"MEARLRVLV","MEARLERVLV",0.373142,0.78,"MEARLRVLV","MEARLERVLV",28.55,0.09,0.22856,1.123109,0.161503057,-1.455606113,1.284612057,-0.170994056,"S14","Ankrd35","ENSMUST00000048427","missense","snv",12,"Ure_IR","missense_variant","protein_coding",19.2307692307692
55,"MEARFERVLV",7,16,10,"H2-Kk",2894,0.49,"MEARFRVLV","MEARFERVLV",0.334922,0.91,"MEARFRVLV","MEARFERVLV",25.46,0.07,0.35336,1.152408,0.147809261,-1.405858399,1.300217261,-0.105641138,"S14","Ankrd35","ENSMUST00000048427","missense","snv",12,"Ure_IR","splice_acceptor_variant","protein_coding",5.88235294117647
55,"MEARFERVLV",7,16,10,"H2-Kk",2894,0.49,"MEARFRVLV","MEARFERVLV",0.334922,0.91,"MEARFRVLV","MEARFERVLV",25.46,0.07,0.35336,1.152408,0.147809261,-1.405858399,1.300217261,-0.105641138,"S14","Ankrd35","ENSMUST00000048427","missense","snv",12,"Ure_IR","synonymous_variant","protein_coding",21.7391304347826
55,"MEARFERVLV",7,16,10,"H2-Kk",2894,0.49,"MEARFRVLV","MEARFERVLV",0.334922,0.91,"MEARFRVLV","MEARFERVLV",25.46,0.07,0.35336,1.152408,0.147809261,-1.405858399,1.300217261,-0.105641138,"S14","Ankrd35","ENSMUST00000048427","missense","snv",12,"Ure_IR","missense_variant","protein_coding",18.1818181818182
55,"MEARFERVLV",7,16,10,"H2-Kk",2894,0.49,"MEARFRVLV","MEARFERVLV",0.334922,0.91,"MEARFRVLV","MEARFERVLV",25.46,0.07,0.35336,1.152408,0.147809261,-1.405858399,1.300217261,-0.105641138,"S14","Ankrd35","ENSMUST00000048427","missense","snv",12,"Ure_IR","missense_variant","protein_coding",19.2307692307692
9,"EEMGIKKTFI",4,13,10,"H2-Kk",453,0.1,"EEMGIKKTI","EEMGIKKTFI",0.774473,0.14,"EEMGIKKTI","EEMGIKKTFI",22.42,0.06,-0.20514,0.900468,0.1552934,-1.350635608,1.0557614,-0.294874209,"S15","Trim30a","ENSMUST00000076922","FS","indel",13,"PBS_IR_DMXAA","frameshift_variant","protein_coding",3.96825396825397
