id	peptide_sequence	cterm_7mer_gravy_score	max_7mer_gravy_score	difficult_n_terminal_residue	c_terminal_cysteine	c_terminal_proline	cysteine_count	n_terminal_asparagine	asparagine_proline_bond_count
MT.1.Rnf146.ENSMUST00000037548.10.FS.231-233GCTGGTTAA/G	TRPLTSVDGQPCNTIP	-0.5571428571428572	0.14285714285714293	False	False	True	1	False	0
MT.2.Sucla2.ENSMUST00000160507.7.inframe_del.45-46VQ/V	SGLFNKHGLQVQQQQRTLSLH	-0.7285714285714285	-0.08571428571428578	False	False	False	0	False	0
MT.3.Plcd4.ENSMUST00000027362.13.inframe_del.445E/-	KKLRTIEVDKEEEEEEEEEL	-2.457142857142857	0.04285714285714283	False	False	False	0	False	0
MT.4.Tmem198.ENSMUST00000050899.6.FS.347CG/C	PTDTDYEYGSRDH	-2.457142857142857	-1.642857142857143	False	False	False	0	False	0
MT.5.Tmcc2.ENSMUST00000045473.15.inframe_del.623-624QQ/Q	VTKLELQQQQQVVQLEGVENA	-0.1571428571428572	1.2857142857142858	False	False	False	0	False	0
MT.6.Kif16b.ENSMUST00000043589.7.inframe_del.754E/-	RLEKRRLEEEKEQVQRVAHL	0.39999999999999997	0.39999999999999997	False	False	False	0	False	0
MT.7.Phc3.ENSMUST00000168645.7.inframe_del.22-23TI/I	STTASSTTTTITTSSSRMQQP	-1.8285714285714285	0.04285714285714289	False	False	True	0	False	0
MT.8.Wwtr1.ENSMUST00000120977.1.inframe_del.289Q/-	NALTTQQQQQKLRLQRIQME	-0.6857142857142858	-0.5571428571428572	False	False	False	0	True	0
MT.9.Irf5.ENSMUST00000163511.6.inframe_del.141E/-	QPTDDYVLGEEEEEEEELQR	-2.6	-0.19999999999999998	True	False	False	0	False	0
MT.10.Napsa.ENSMUST00000002274.9.inframe_del.5L/-	MSPLLLLLCLLLGNLEPEEA	-1.4285714285714286	3.6142857142857143	False	False	False	1	False	0
MT.11.Nfrkb.ENSMUST00000086167.11.FS.716AC/A	MSLSDSSMPPTQLRL	-0.6142857142857145	-0.1428571428571428	False	False	False	0	False	0
MT.12.Hyou1.ENSMUST00000161318.7.FS.302AC/A	KGQKAKDVRENPGPWPNCFGKPTGLKPS	-0.7428571428571429	-0.0571428571428572	False	False	False	1	False	1
