CHROM_x,POS,REF_x,ALT_x,FILTER,DP_x,MQ_x,SomaticEVS_x,NORMAL.DP,NORMAL.AU,NORMAL.CU,NORMAL.GU,NORMAL.TU,TUMOR.DP,TUMOR.AU,TUMOR.CU,TUMOR.GU,TUMOR.TU,CHROM_y,2,REF_y,ALT_y,5,6,7,8,9,10,DP_y,MQ_y,MQ0,NT,QSS,QSS_NT,ReadPosRankSum,SGT,SNVSB,SOMATIC,SomaticEVS_y,TQSS,TQSS_NT,Allele,Consequence,IMPACT,SYMBOL,Gene,Feature_type,Feature,BIOTYPE,EXON,INTRON,HGVSc,HGVSp,cDNA_position,CDS_position,Protein_position,Amino_acids,Codons,Existing_variation,DISTANCE,STRAND,FLAGS,VARIANT_CLASS,SYMBOL_SOURCE,HGNC_ID,CANONICAL,MANE_SELECT,MANE_PLUS_CLINICAL,TSL,APPRIS
chr11,61685085,C,T,PASS,48,59.67,7.67,37,"0,0","34,35","0,0","2,2",11,"0,0","9,9","0,0","2,2",chr11,.,C,T,.,PASS,DP=48;MQ=59.67;MQ0=0;NT=ref;QSS=49;QSS_NT=49;ReadPosRankSum=-2.12;SGT=CC->CT;SNVSB=0.00;SOMATIC;SomaticEVS=7.67;TQSS=1;TQSS_NT=1;CSQ=T|intron_variant|MODIFIER|Fam83g|ENSMUSG00000042377|Transcript|ENSMUST00000093019.5|protein_coding||1/4|ENSMUST00000093019.5:c.522+30C>T|||||||||1||MGI||1|||MAFSQVQCLDDNHVNWRSSESKPEFFYSEEQRLALEALVARGRDAFYEVLKRENIRDFLSELELSRIVEAIEVYDPGSEDPRVSGRRPEPQDNGGADASEETSAAGGPPATETLPSLEYWPQKSDRSIPQLDLGWPDTIAYRGVTRASVYMQPPIDGQPHIKEVVRKMVSQAQKVIAVVMDMFTDVDIFKDLLDAGFKRKVAVYIIVDESNVKYFLHMCERARMHLGHLKNLRVRSSGGTEFFTRSATKFKGVLAQKFMFVDGDRAVCGSYSFTWSAARTDRNVISVLSGQVVEMFDRQFQELYLMSQSVSLKDIPMEKEPEPEPIVLPSVVPLVPTGTMAKKLVNPKYALVKAKSVDEIAKSSSDKQEVTRPPGLRGPAVAERPGDLSELLPPVHPGLLNLERANMFEYLPTWVEPDPEPGSDILGYINIIDPNIWNPQPNQMNRIKIRDTAHASAQHQLWKQSQGARPCPAPCPPPAPRDSQGVVPAENGFPQGNPEPQAPVPKPRTVPVASVLARDGSDIGWALDTPEKETPQNGIDPRLPSTASESEVPQQQHSSMTQDDPDGLERGLPNGLDEDEDDDDDYVTLSDQDSLSGSSGPGPGHRRPSVASSMSDEYFEVRERSVPLQRRHSEQMANGPGHPPRRQLSAPHVTRGTFGGPLSSPLWAQGRSREDVDASRIQGQRPMDRQAQGQHFHRHGSTTSRTPGPPRFRPAADGTQSSSKKASPAAAGPHHWQPKGSPTPRMLPDPGSPRPTRNTRLRAELRATEEHASPFGIPYSKLSQSKHLKARAGGSQWAPSDSKRRARDHKEP|0.649|,AU:CU:DP:FDP:GU:SDP:SUBDP:TU,"0,0:34,35:37:1:0,0:0:0:2,2","0,0:9,9:11:0:0,0:0:0:2,2",48,59.67,0,ref,49,49,-2.12,CC->CT,0.0,True,7.67,1,1,T,intron_variant,MODIFIER,Fam83g,ENSMUSG00000042377,Transcript,ENSMUST00000093019.5,protein_coding,,1/4,ENSMUST00000093019.5:c.522+30C>T,,,,,,,,,1,,MGI,,1.0,,,MAFSQVQCLDDNHVNWRSSESKPEFFYSEEQRLALEALVARGRDAFYEVLKRENIRDFLSELELSRIVEAIEVYDPGSEDPRVSGRRPEPQDNGGADASEETSAAGGPPATETLPSLEYWPQKSDRSIPQLDLGWPDTIAYRGVTRASVYMQPPIDGQPHIKEVVRKMVSQAQKVIAVVMDMFTDVDIFKDLLDAGFKRKVAVYIIVDESNVKYFLHMCERARMHLGHLKNLRVRSSGGTEFFTRSATKFKGVLAQKFMFVDGDRAVCGSYSFTWSAARTDRNVISVLSGQVVEMFDRQFQELYLMSQSVSLKDIPMEKEPEPEPIVLPSVVPLVPTGTMAKKLVNPKYALVKAKSVDEIAKSSSDKQEVTRPPGLRGPAVAERPGDLSELLPPVHPGLLNLERANMFEYLPTWVEPDPEPGSDILGYINIIDPNIWNPQPNQMNRIKIRDTAHASAQHQLWKQSQGARPCPAPCPPPAPRDSQGVVPAENGFPQGNPEPQAPVPKPRTVPVASVLARDGSDIGWALDTPEKETPQNGIDPRLPSTASESEVPQQQHSSMTQDDPDGLERGLPNGLDEDEDDDDDYVTLSDQDSLSGSSGPGPGHRRPSVASSMSDEYFEVRERSVPLQRRHSEQMANGPGHPPRRQLSAPHVTRGTFGGPLSSPLWAQGRSREDVDASRIQGQRPMDRQAQGQHFHRHGSTTSRTPGPPRFRPAADGTQSSSKKASPAAAGPHHWQPKGSPTPRMLPDPGSPRPTRNTRLRAELRATEEHASPFGIPYSKLSQSKHLKARAGGSQWAPSDSKRRARDHKEP,0.649,
chr11,102556049,G,A,PASS,49,60.0,8.65,36,"2,2","0,0","34,34","0,0",13,"2,2","0,0","11,11","0,0",chr11,.,G,A,.,PASS,DP=49;MQ=60.00;MQ0=0;NT=ref;QSS=45;QSS_NT=45;ReadPosRankSum=-1.09;SGT=GG->AG;SNVSB=0.00;SOMATIC;SomaticEVS=8.65;TQSS=1;TQSS_NT=1;CSQ=A|intron_variant|MODIFIER|Gpatch8|ENSMUSG00000034621|Transcript|ENSMUST00000143842.1|protein_coding||1/7|ENSMUST00000143842.1:c.45+31C>T|||||||||-1||MGI||5|||MADRFSRFNEDRDFQGNHFDQYEEGHLEIEQASLDKPIESDNIGHRLLQKHGWKLGQGLGKSLQGRTDPIPIVVKYDVMGMGRMEMELDYAEDATERRRVLEVEKEDTEELRQKYKDYVDKEKAIAKALEDLRANFYCELCDKQYQKHQEFDNHINSYDHAHKQRLKDLKQREFARNVSSRSRKDEKKQEKALRRLHELAEQRKQAECAPGSGPMFRPTTVAVDEDGGEEDKDESSTNSGASAVSSCGFGADFSTDKGGSFTSVQITNTTGLSQAPGLASQGISFGIKNNLGPPLQKLGVSFSFAKKAPVKLESIASVFKDHAEEGSSEDGTKADEKSSDQGVQKVGDTDGTGNLDGKKEDEDPQDGGSLASTLSKLKRMKREEGTGATEPEYYHYIPPAHCKVKPNFPFLLFMRASEQMEGDHSAHSKSAPENRKSSSPKPQGCSKTAASPGAERTVSEASELQKEAAVAGPSEPGGKTETKKGSGGGEDEQSVESRETSESPMCESNPKDISQATPATKAGQGPKHPTGPFFPVLSKDESTALQWPSELLIFTKAEPSISYSCNPLYFDFKLSRNKDAKAKGTEKPKDVAGSSKDHLQSLDPREPNKSQEEEQDVVLSSEGRVDEPASGAACSSLNKQEPGGSHMSETEDTGRSHPSKKEPSGKSHRHKKKKKHKKSSKHKRKHKADTEEKSSKAESGEKSKKRKKRKRKKNKSSAAADSERGPKSEPPGSGSPAPPRRRRRAQDDSQRRSLPAEEGNSGKKDDGGGGSSCQDHSGRKHKGEPPTSSCQRRANTKHSSRSSHRSQPSSGDEDSDDASSHRLHQKSPSQYSEEEEEEEEEEEEEDEDSGSEHSRSRSRSGHRHSSHRSSRRSYSSSSDASSDQSCYSRQHSYSDDSYSDYSDRSRRHSKRSHDSDDSDYTSSKHRSKRHKYSSSDDDYSLSCSQSRSRSRSHTRERSRSRGRSRSSSCSRSRSKRRSRSTTAHSWQRSRSYSRDRSRSTRSPSQRSGSRKGSWGHESPEERRSGRRDFIRSKIYRSQSPHYFQSGRGEGPGKKEDGRGDDSKGAGLPSQNSNTGTGRGSESDCSPEDKNSVTARLLLEKIQSRKVERKPNVCEEVLATPNKAGLKYKNPPQGYFGPKLPPSLGNKPVLPMIGKLPATRKSNKKCEESGLERGEEQEHSEPEEGSPRSSDAPFGHQFSEEAAGPLSDPPPEEPKSEEATADHSVAPLGTPAHTDCYPGDPAISHNYLPDPSDGDTLESLDSGSQPGPVESSLLPIAPDLEHFPNYAPPSGEPSIESTDGTEDASLAPLESQPITFTPEEMEKYSKLQQAAQQHIQQQLLAKQVKAFPASTALAPATPALQPIHIQQPATASATSITTVQHAILQHHAAAAAAAIGIHPHPHPQPLAQVHHIPQPHLTPISLSHLTHSIIPGHPATFLASHPIHIIPASAIHPGPFTFHPVPHAALYPTLLAPRPAAAAATALHLHPLLHPIFSGQDLQHPPSHGT|0.424|,AU:CU:DP:FDP:GU:SDP:SUBDP:TU,"2,2:0,0:36:0:34,34:0:0:0,0","2,2:0,0:13:0:11,11:0:0:0,0",49,60.0,0,ref,45,45,-1.09,GG->AG,0.0,True,8.65,1,1,A,intron_variant,MODIFIER,Gpatch8,ENSMUSG00000034621,Transcript,ENSMUST00000143842.1,protein_coding,,1/7,ENSMUST00000143842.1:c.45+31C>T,,,,,,,,,-1,,MGI,,5.0,,,MADRFSRFNEDRDFQGNHFDQYEEGHLEIEQASLDKPIESDNIGHRLLQKHGWKLGQGLGKSLQGRTDPIPIVVKYDVMGMGRMEMELDYAEDATERRRVLEVEKEDTEELRQKYKDYVDKEKAIAKALEDLRANFYCELCDKQYQKHQEFDNHINSYDHAHKQRLKDLKQREFARNVSSRSRKDEKKQEKALRRLHELAEQRKQAECAPGSGPMFRPTTVAVDEDGGEEDKDESSTNSGASAVSSCGFGADFSTDKGGSFTSVQITNTTGLSQAPGLASQGISFGIKNNLGPPLQKLGVSFSFAKKAPVKLESIASVFKDHAEEGSSEDGTKADEKSSDQGVQKVGDTDGTGNLDGKKEDEDPQDGGSLASTLSKLKRMKREEGTGATEPEYYHYIPPAHCKVKPNFPFLLFMRASEQMEGDHSAHSKSAPENRKSSSPKPQGCSKTAASPGAERTVSEASELQKEAAVAGPSEPGGKTETKKGSGGGEDEQSVESRETSESPMCESNPKDISQATPATKAGQGPKHPTGPFFPVLSKDESTALQWPSELLIFTKAEPSISYSCNPLYFDFKLSRNKDAKAKGTEKPKDVAGSSKDHLQSLDPREPNKSQEEEQDVVLSSEGRVDEPASGAACSSLNKQEPGGSHMSETEDTGRSHPSKKEPSGKSHRHKKKKKHKKSSKHKRKHKADTEEKSSKAESGEKSKKRKKRKRKKNKSSAAADSERGPKSEPPGSGSPAPPRRRRRAQDDSQRRSLPAEEGNSGKKDDGGGGSSCQDHSGRKHKGEPPTSSCQRRANTKHSSRSSHRSQPSSGDEDSDDASSHRLHQKSPSQYSEEEEEEEEEEEEEDEDSGSEHSRSRSRSGHRHSSHRSSRRSYSSSSDASSDQSCYSRQHSYSDDSYSDYSDRSRRHSKRSHDSDDSDYTSSKHRSKRHKYSSSDDDYSLSCSQSRSRSRSHTRERSRSRGRSRSSSCSRSRSKRRSRSTTAHSWQRSRSYSRDRSRSTRSPSQRSGSRKGSWGHESPEERRSGRRDFIRSKIYRSQSPHYFQSGRGEGPGKKEDGRGDDSKGAGLPSQNSNTGTGRGSESDCSPEDKNSVTARLLLEKIQSRKVERKPNVCEEVLATPNKAGLKYKNPPQGYFGPKLPPSLGNKPVLPMIGKLPATRKSNKKCEESGLERGEEQEHSEPEEGSPRSSDAPFGHQFSEEAAGPLSDPPPEEPKSEEATADHSVAPLGTPAHTDCYPGDPAISHNYLPDPSDGDTLESLDSGSQPGPVESSLLPIAPDLEHFPNYAPPSGEPSIESTDGTEDASLAPLESQPITFTPEEMEKYSKLQQAAQQHIQQQLLAKQVKAFPASTALAPATPALQPIHIQQPATASATSITTVQHAILQHHAAAAAAAIGIHPHPHPQPLAQVHHIPQPHLTPISLSHLTHSIIPGHPATFLASHPIHIIPASAIHPGPFTFHPVPHAALYPTLLAPRPAAAAATALHLHPLLHPIFSGQDLQHPPSHGT,0.424,
chr11,120012429,G,A,PASS,52,60.0,9.83,40,"2,2","0,0","38,38","0,0",12,"2,2","0,0","10,10","0,0",chr11,.,G,A,.,PASS,DP=52;MQ=60.00;MQ0=0;NT=ref;QSS=48;QSS_NT=48;ReadPosRankSum=-1.72;SGT=GG->AG;SNVSB=0.00;SOMATIC;SomaticEVS=9.83;TQSS=1;TQSS_NT=1;CSQ=A|splice_region_variant&intron_variant|LOW|Aatk|ENSMUSG00000025375|Transcript|ENSMUST00000064307.9|protein_coding||10/13|ENSMUST00000064307.9:c.1143-3C>T|||||||||-1||MGI||1|||MLIALLALAMSSSFFNPSFAFSSHFDPDGAPLSELSWSSSLAVVAVSFSGIFTVVILMLACLCCKKGGIGFKEFENAEGDEYVADFSEQGSPAAAAQTGPDVYVLPLTEVSLPMAKQPGRSVQLLKSTDLGRHSLLYLKEIGHGWFGKVFLGEVHSGVSGTQVVVKELKVSASVQEQMQFLEEAQPYRALQHSNLLQCLAQCAEVTPYLLVMEFCPLGDLKGYLRSCRVTESMAPDPLTLQRMACEVACGVLHLHRHNYVHSDLALRNCLLTADLTVKVGDYGLSHCKYREDYLVTADQLWVPLRWIAPELVDEVHGNLLVVDQTKSSNVWSLGVTIWELFELGAQPYPQHSDGQVLAYAVREQQLKLPKPQLQLALSDRWYEVMQFCWLQPEQRPTAEEVHLLLSYLCAKGTTELEEEFERRWRSLRPGGSTGLGSGSAAPAAATAASAELTAASSFPLLERFTSDGFHVDSDDVLTVTETSHGLNFEYKWEAGCGAEEYPPSGAASSPGSAARLQELCAPDSSPPGVVPVLSAHSPSVGSEYFIRLEGAVPAAGHDPDCAGCAPSPQAVTDQDNNSEESTVASLAMEPLLGHAPPTEGLWGPCDHHSHRRQGSPCPSRSPSPGTPMLPAEDIDWGVATFCPPFFDDPLGASPSGSPGAQPSPSDEEPEEGKVGLAAQCGHWSSNMSANNNSASRDPESWDPGYVSSFTDSYRDDCSSLEQTPRASPEVGHLLSQEDPRDFLPGLVAVSPGQEPSRPFNLLPLCPAKGLAPAACLITSPWTEGAVGGAENPIVEPKLAQEAEGSAEPQLPLPSVPSPSCEGASLPSEEASAPDILPASPTPAAGSWVTVPEPAPTLESSGSSLGQEAPSSEDEDTTEATSGVFTDLSSDGPHTEKSGIVPALRSLQKQVGTPDSLDSLDIPSSASDGGCEVLSPSAAGPPGGQPRAVDSGYDTENYESPEFVLKEAHESSEPEAFGEPASEGESPGPDPLLSVSLGGLSKKSPYRDSAYFSDLDAESEPTFGPEKHSGIQDSQKEQDLRSPPSPGHQSVQAFPRSAVSSEVLSPPQQSEEPLPEVPRPEPLGAQGPVGVQPVPGPSHSKCFPLTSVPLISEGSGTEPQGPSGQLSGRAQQGQMGNPSTPRSPLCLALPGHPGALEGRPEEDEDTEDSEESDEELRCYSVQEPSEDSEEEPPAVPVVVAESQSARNLRSLLKMPSLLSEAFCDDLERKKKAVSFFDDVTVYLFDQESPTRETGEPFPSTKESLPTFLEGGPSSPSATGLPLRAGHSPDSSAPEPGSRFEWDGDFPLVPGKAALVTELDPADPVLAAPPTPAAPFSRFTVSPTPASRFSITHISDSDAQSVGGPAAGAGGRYTEA||,AU:CU:DP:FDP:GU:SDP:SUBDP:TU,"2,2:0,0:40:0:38,38:0:0:0,0","2,2:0,0:12:0:10,10:0:0:0,0",52,60.0,0,ref,48,48,-1.72,GG->AG,0.0,True,9.83,1,1,A,splice_region_variant&intron_variant,LOW,Aatk,ENSMUSG00000025375,Transcript,ENSMUST00000064307.9,protein_coding,,10/13,ENSMUST00000064307.9:c.1143-3C>T,,,,,,,,,-1,,MGI,,1.0,,,MLIALLALAMSSSFFNPSFAFSSHFDPDGAPLSELSWSSSLAVVAVSFSGIFTVVILMLACLCCKKGGIGFKEFENAEGDEYVADFSEQGSPAAAAQTGPDVYVLPLTEVSLPMAKQPGRSVQLLKSTDLGRHSLLYLKEIGHGWFGKVFLGEVHSGVSGTQVVVKELKVSASVQEQMQFLEEAQPYRALQHSNLLQCLAQCAEVTPYLLVMEFCPLGDLKGYLRSCRVTESMAPDPLTLQRMACEVACGVLHLHRHNYVHSDLALRNCLLTADLTVKVGDYGLSHCKYREDYLVTADQLWVPLRWIAPELVDEVHGNLLVVDQTKSSNVWSLGVTIWELFELGAQPYPQHSDGQVLAYAVREQQLKLPKPQLQLALSDRWYEVMQFCWLQPEQRPTAEEVHLLLSYLCAKGTTELEEEFERRWRSLRPGGSTGLGSGSAAPAAATAASAELTAASSFPLLERFTSDGFHVDSDDVLTVTETSHGLNFEYKWEAGCGAEEYPPSGAASSPGSAARLQELCAPDSSPPGVVPVLSAHSPSVGSEYFIRLEGAVPAAGHDPDCAGCAPSPQAVTDQDNNSEESTVASLAMEPLLGHAPPTEGLWGPCDHHSHRRQGSPCPSRSPSPGTPMLPAEDIDWGVATFCPPFFDDPLGASPSGSPGAQPSPSDEEPEEGKVGLAAQCGHWSSNMSANNNSASRDPESWDPGYVSSFTDSYRDDCSSLEQTPRASPEVGHLLSQEDPRDFLPGLVAVSPGQEPSRPFNLLPLCPAKGLAPAACLITSPWTEGAVGGAENPIVEPKLAQEAEGSAEPQLPLPSVPSPSCEGASLPSEEASAPDILPASPTPAAGSWVTVPEPAPTLESSGSSLGQEAPSSEDEDTTEATSGVFTDLSSDGPHTEKSGIVPALRSLQKQVGTPDSLDSLDIPSSASDGGCEVLSPSAAGPPGGQPRAVDSGYDTENYESPEFVLKEAHESSEPEAFGEPASEGESPGPDPLLSVSLGGLSKKSPYRDSAYFSDLDAESEPTFGPEKHSGIQDSQKEQDLRSPPSPGHQSVQAFPRSAVSSEVLSPPQQSEEPLPEVPRPEPLGAQGPVGVQPVPGPSHSKCFPLTSVPLISEGSGTEPQGPSGQLSGRAQQGQMGNPSTPRSPLCLALPGHPGALEGRPEEDEDTEDSEESDEELRCYSVQEPSEDSEEEPPAVPVVVAESQSARNLRSLLKMPSLLSEAFCDDLERKKKAVSFFDDVTVYLFDQESPTRETGEPFPSTKESLPTFLEGGPSSPSATGLPLRAGHSPDSSAPEPGSRFEWDGDFPLVPGKAALVTELDPADPVLAAPPTPAAPFSRFTVSPTPASRFSITHISDSDAQSVGGPAAGAGGRYTEA,,
chr15,11991131,A,G,PASS,51,60.0,7.89,37,"35,35","0,0","2,2","0,0",14,"12,12","0,0","2,2","0,0",chr15,.,A,G,.,PASS,DP=51;MQ=60.00;MQ0=0;NT=ref;QSS=44;QSS_NT=44;ReadPosRankSum=0.18;SGT=AA->AG;SNVSB=0.00;SOMATIC;SomaticEVS=7.89;TQSS=1;TQSS_NT=1;CSQ=G|intron_variant|MODIFIER|Sub1|ENSMUSG00000022205|Transcript|ENSMUST00000022816.14|protein_coding||2/4|ENSMUST00000022816.14:c.73-50T>C|||||||||-1||MGI||1|||MPKSKELVSSSSSGSDSDSEVEKKLKRKKQAVPEKPVKKQKPGETSRALASSKQSSSSRDDNMFQIGKMRYVSVRDFKGKILIDIREYWMDSEGEMKPGRKGISLNMEQWSQLKEQISDIDDAVRKL|0.314|,AU:CU:DP:FDP:GU:SDP:SUBDP:TU,"35,35:0,0:37:0:2,2:0:0:0,0","12,12:0,0:14:0:2,2:0:0:0,0",51,60.0,0,ref,44,44,0.18,AA->AG,0.0,True,7.89,1,1,G,intron_variant,MODIFIER,Sub1,ENSMUSG00000022205,Transcript,ENSMUST00000022816.14,protein_coding,,2/4,ENSMUST00000022816.14:c.73-50T>C,,,,,,,,,-1,,MGI,,1.0,,,MPKSKELVSSSSSGSDSDSEVEKKLKRKKQAVPEKPVKKQKPGETSRALASSKQSSSSRDDNMFQIGKMRYVSVRDFKGKILIDIREYWMDSEGEMKPGRKGISLNMEQWSQLKEQISDIDDAVRKL,0.314,
chr17,10318915,C,G,PASS,62,60.0,7.14,40,"0,0","38,38","2,2","0,0",22,"0,0","19,19","3,3","0,0",chr17,.,C,G,.,PASS,DP=62;MQ=60.00;MQ0=0;NT=ref;QSS=41;QSS_NT=41;ReadPosRankSum=-0.81;SGT=CC->CG;SNVSB=0.00;SOMATIC;SomaticEVS=7.14;TQSS=1;TQSS_NT=1;CSQ=G|5_prime_UTR_variant|MODIFIER|Qk|ENSMUSG00000062078|Transcript|ENSMUST00000233645.1|protein_coding|1/8||ENSMUST00000233645.1:c.-42G>C||466|||||||-1||MGI|||||MVGEMETKEKPKPTPDYLMQLMNDKKLMSSLPNFCGIFNHLERLLDEEISRVRKDMYNDTLNGSTEKRSAELPDAVGPIVQLQEKLYVPVKEYPDFNFVGRILGPRGLTAKQLEAETGCKIMVRGKGSMRDKKKEEQNRGKPNWEHLNEDLHVLITVEDAQNRAEIKLKRAVEEVKKLLVPAAEGEDSLKKMQLMELAILNGTYRDANIKSPALAFSLAATAQAAPRIITGPAPVLPPAALRTPTPAGPTIMPLIRQIQTAVMPNGTPHPTAAIVPPGPEAGLIYTPYEYPYTLAPATSILEYPIEPSGVLGAVATKVRRHDMRVHPYQRIVTADRAATGN||,AU:CU:DP:FDP:GU:SDP:SUBDP:TU,"0,0:38,38:40:0:2,2:0:0:0,0","0,0:19,19:22:0:3,3:0:0:0,0",62,60.0,0,ref,41,41,-0.81,CC->CG,0.0,True,7.14,1,1,G,5_prime_UTR_variant,MODIFIER,Qk,ENSMUSG00000062078,Transcript,ENSMUST00000233645.1,protein_coding,1/8,,ENSMUST00000233645.1:c.-42G>C,,466.0,,,,,,,-1,,MGI,,,,,MVGEMETKEKPKPTPDYLMQLMNDKKLMSSLPNFCGIFNHLERLLDEEISRVRKDMYNDTLNGSTEKRSAELPDAVGPIVQLQEKLYVPVKEYPDFNFVGRILGPRGLTAKQLEAETGCKIMVRGKGSMRDKKKEEQNRGKPNWEHLNEDLHVLITVEDAQNRAEIKLKRAVEEVKKLLVPAAEGEDSLKKMQLMELAILNGTYRDANIKSPALAFSLAATAQAAPRIITGPAPVLPPAALRTPTPAGPTIMPLIRQIQTAVMPNGTPHPTAAIVPPGPEAGLIYTPYEYPYTLAPATSILEYPIEPSGVLGAVATKVRRHDMRVHPYQRIVTADRAATGN,,
chr17,10318916,C,A,PASS,62,60.0,7.14,40,"2,2","38,38","0,0","0,0",22,"3,3","19,19","0,0","0,0",chr17,.,C,A,.,PASS,DP=62;MQ=60.00;MQ0=0;NT=ref;QSS=41;QSS_NT=41;ReadPosRankSum=-0.81;SGT=CC->AC;SNVSB=0.00;SOMATIC;SomaticEVS=7.14;TQSS=1;TQSS_NT=1;CSQ=A|5_prime_UTR_variant|MODIFIER|Qk|ENSMUSG00000062078|Transcript|ENSMUST00000233645.1|protein_coding|1/8||ENSMUST00000233645.1:c.-43G>T||465|||||||-1||MGI|||||MVGEMETKEKPKPTPDYLMQLMNDKKLMSSLPNFCGIFNHLERLLDEEISRVRKDMYNDTLNGSTEKRSAELPDAVGPIVQLQEKLYVPVKEYPDFNFVGRILGPRGLTAKQLEAETGCKIMVRGKGSMRDKKKEEQNRGKPNWEHLNEDLHVLITVEDAQNRAEIKLKRAVEEVKKLLVPAAEGEDSLKKMQLMELAILNGTYRDANIKSPALAFSLAATAQAAPRIITGPAPVLPPAALRTPTPAGPTIMPLIRQIQTAVMPNGTPHPTAAIVPPGPEAGLIYTPYEYPYTLAPATSILEYPIEPSGVLGAVATKVRRHDMRVHPYQRIVTADRAATGN||,AU:CU:DP:FDP:GU:SDP:SUBDP:TU,"2,2:38,38:40:0:0,0:0:0:0,0","3,3:19,19:22:0:0,0:0:0:0,0",62,60.0,0,ref,41,41,-0.81,CC->AC,0.0,True,7.14,1,1,A,5_prime_UTR_variant,MODIFIER,Qk,ENSMUSG00000062078,Transcript,ENSMUST00000233645.1,protein_coding,1/8,,ENSMUST00000233645.1:c.-43G>T,,465.0,,,,,,,-1,,MGI,,,,,MVGEMETKEKPKPTPDYLMQLMNDKKLMSSLPNFCGIFNHLERLLDEEISRVRKDMYNDTLNGSTEKRSAELPDAVGPIVQLQEKLYVPVKEYPDFNFVGRILGPRGLTAKQLEAETGCKIMVRGKGSMRDKKKEEQNRGKPNWEHLNEDLHVLITVEDAQNRAEIKLKRAVEEVKKLLVPAAEGEDSLKKMQLMELAILNGTYRDANIKSPALAFSLAATAQAAPRIITGPAPVLPPAALRTPTPAGPTIMPLIRQIQTAVMPNGTPHPTAAIVPPGPEAGLIYTPYEYPYTLAPATSILEYPIEPSGVLGAVATKVRRHDMRVHPYQRIVTADRAATGN,,
chr17,15527311,C,G,PASS,39,60.0,7.0,29,"0,0","27,27","2,2","0,0",10,"0,0","8,8","2,2","0,0",chr17,.,C,G,.,PASS,DP=39;MQ=60.00;MQ0=0;NT=ref;QSS=39;QSS_NT=39;ReadPosRankSum=0.65;SGT=CC->CG;SNVSB=0.00;SOMATIC;SomaticEVS=7.00;TQSS=1;TQSS_NT=1;CSQ=G|3_prime_UTR_variant|MODIFIER|Tbp|ENSMUSG00000014767|Transcript|ENSMUST00000162505.7|protein_coding|8/8||ENSMUST00000162505.7:c.*10528C>G||11726|||||||1||MGI||1|||MDQNNSLPPYAQGLASPQGAMTPGIPIFSPMMPYGTGLTPQPIQNTNSLSILEEQQRQQQQQQQQQQQQQAVATAAASVQQSTSQQPTQGASGQTPQLFHSQTLTTAPLPGTTPLYPSPMTPMTPITPATPASESSGIVPQLQNIVSTVNLGCKLDLKTIALRARNAEYNPKRFAAVIMRIREPRTTALIFSSGKMVCTGAKSEEQSRLAARKYARVVQKLGFPAKFLDFKIQNMVGSCDVKFPIRLEGLVLTHQQFSSYEPELFPGLIYRMIKPRIVLLIFVSGKVVLTGAKVRAEIYEAFENIYPILKGFRKTT|0.573|,AU:CU:DP:FDP:GU:SDP:SUBDP:TU,"0,0:27,27:29:0:2,2:0:0:0,0","0,0:8,8:10:0:2,2:0:0:0,0",39,60.0,0,ref,39,39,0.65,CC->CG,0.0,True,7.0,1,1,G,3_prime_UTR_variant,MODIFIER,Tbp,ENSMUSG00000014767,Transcript,ENSMUST00000162505.7,protein_coding,8/8,,ENSMUST00000162505.7:c.*10528C>G,,11726.0,,,,,,,1,,MGI,,1.0,,,MDQNNSLPPYAQGLASPQGAMTPGIPIFSPMMPYGTGLTPQPIQNTNSLSILEEQQRQQQQQQQQQQQQQAVATAAASVQQSTSQQPTQGASGQTPQLFHSQTLTTAPLPGTTPLYPSPMTPMTPITPATPASESSGIVPQLQNIVSTVNLGCKLDLKTIALRARNAEYNPKRFAAVIMRIREPRTTALIFSSGKMVCTGAKSEEQSRLAARKYARVVQKLGFPAKFLDFKIQNMVGSCDVKFPIRLEGLVLTHQQFSSYEPELFPGLIYRMIKPRIVLLIFVSGKVVLTGAKVRAEIYEAFENIYPILKGFRKTT,0.573,
chr18,77635310,T,C,PASS,57,60.0,7.78,42,"0,0","2,2","0,0","40,40",15,"0,0","2,2","0,0","13,13",chr18,.,T,C,.,PASS,DP=57;MQ=60.00;MQ0=0;NT=ref;QSS=42;QSS_NT=42;ReadPosRankSum=1.19;SGT=TT->CT;SNVSB=0.00;SOMATIC;SomaticEVS=7.78;TQSS=1;TQSS_NT=1;CSQ=C|synonymous_variant|LOW|8030462N17Rik|ENSMUSG00000047466|Transcript|ENSMUST00000074653.5|protein_coding|5/5||ENSMUST00000074653.5:c.1029A>G|ENSMUSP00000074225.4:p.Gly343%3D|1312|1029|343|G|ggA/ggG|||-1||MGI||1|||MKMEEAVGKVEELIESAAPPKASEQETAKEEDGSVELESQVQKDGVADSTVLSSMPCLLMELRRDSSESQLASTESDKPTTGRVYESDSSNHCMLSPSSSGHLADSDTLSSVEENEPSQAETTVEGDTSGVSGATVGRKSRRSRSESETSTMAAKKNRQSSDKQNGRVTKVKGHRSQKHKERIRLLRQKREAAARKKYNLLQDSSTSDSDLTCDSSTSSSDDDDEVSGSSKTITAEIPDGPPVVAHYDMSDTSSDPEVINVDNLLAAAVVQEHSNSVGGQNTGATWRTSELLEAGHLDPGFLASDKTSVGSAPLNEEINIASSDSEVEIVGVQEHARCAHPRGGVIQSVSSWKHGSGPQYVGSRPAQSWTAVTPQQTWASPAEVVDLTLDEDSRRKYLL||,AU:CU:DP:FDP:GU:SDP:SUBDP:TU,"0,0:2,2:42:0:0,0:0:0:40,40","0,0:2,2:15:0:0,0:0:0:13,13",57,60.0,0,ref,42,42,1.19,TT->CT,0.0,True,7.78,1,1,C,synonymous_variant,LOW,8030462N17Rik,ENSMUSG00000047466,Transcript,ENSMUST00000074653.5,protein_coding,5/5,,ENSMUST00000074653.5:c.1029A>G,ENSMUSP00000074225.4:p.Gly343%3D,1312.0,1029.0,343.0,G,ggA/ggG,,,-1,,MGI,,1.0,,,MKMEEAVGKVEELIESAAPPKASEQETAKEEDGSVELESQVQKDGVADSTVLSSMPCLLMELRRDSSESQLASTESDKPTTGRVYESDSSNHCMLSPSSSGHLADSDTLSSVEENEPSQAETTVEGDTSGVSGATVGRKSRRSRSESETSTMAAKKNRQSSDKQNGRVTKVKGHRSQKHKERIRLLRQKREAAARKKYNLLQDSSTSDSDLTCDSSTSSSDDDDEVSGSSKTITAEIPDGPPVVAHYDMSDTSSDPEVINVDNLLAAAVVQEHSNSVGGQNTGATWRTSELLEAGHLDPGFLASDKTSVGSAPLNEEINIASSDSEVEIVGVQEHARCAHPRGGVIQSVSSWKHGSGPQYVGSRPAQSWTAVTPQQTWASPAEVVDLTLDEDSRRKYLL,,
chr19,6384752,A,G,PASS,85,60.0,7.41,62,"59,59","1,1","2,2","0,0",23,"20,20","1,1","2,2","0,0",chr19,.,A,G,.,PASS,DP=85;MQ=60.00;MQ0=0;NT=ref;QSS=41;QSS_NT=41;ReadPosRankSum=0.23;SGT=AA->AG;SNVSB=0.00;SOMATIC;SomaticEVS=7.41;TQSS=1;TQSS_NT=1;CSQ=G|intron_variant|MODIFIER|Pygm|ENSMUSG00000032648|Transcript|ENSMUST00000035269.14|protein_coding||1/19|ENSMUST00000035269.14:c.243+31A>G|||||||||1||MGI||1|||MSRPLSDQDKRKQISVRGLAGVENVSELKKNFNRHLHFTLVKDRNVATPRDYYFALAHTVRDHLVGRWIRTQQHYYEKDPKRIYYLSLEFYMGRTLQNTMVNLALENACDEATYQLGLDMEELEEIEEDAGLGNGGLGRLAACFLDSMATLGLAAYGYGIRYEFGIFNQKICGGWQMEEADDWLRYGNPWEKARPEFTLPVHFYGRVEHTSQGAKWVDTQVVLAMPYDTPVPGYRNNVVNTMRLWSAKAPNDFNLKDFNVGGYIQAVLDRNLAENISRVLYPNDNFFEGKELRLKQEYFVVAATLQDIIRRFKSSKFGSRDPVRTNFDAFPDKVAIQLNDTHPSLAIPELMRILVDLERLDWDKAWDVTVKTCAYTNHTVLPEALERWPVHLMETLLPRHLQIIYEINQRFLNRVAAAFPGDVDRLRRMSLVEEGAVKRINMAHLCIAGSHAVNGVARIHSEILKKTIFKDFYELEPHKFQNKTNGITPRRWLVLCNPGLAEVIAERIGEDYISDLDQLRKLLSYVDDEAFIRDVAKVKQENKLKFSAYLEREYKVHINPNSLFDVQVKRIHEYKRQLLNCLHIITLYNRIKREPNRFMVPRTIMIGGKAAPGYHMAKMIIKLITAIGDVVNHDPAVGDRLRVIFLENYRVSLAEKVIPAADLSEQISTAGTEASGTGNMKFMLNGALTIGTMDGANVEMAEEAGEENFFIFGMRVEDVERLDQRGYNAQEYYDRIPELRQIIEQLSSGFFSPKQPDLFKDIVNMLMHHDRFKVFADYEEYIKCQDKVSELYKNPREWTRMVIRNIATSGKFSSDRTIAQYAREIWGVEPSRQRLPAPDEKI|0.0422|,AU:CU:DP:FDP:GU:SDP:SUBDP:TU,"59,59:1,1:62:0:2,2:0:0:0,0","20,20:1,1:23:0:2,2:0:0:0,0",85,60.0,0,ref,41,41,0.23,AA->AG,0.0,True,7.41,1,1,G,intron_variant,MODIFIER,Pygm,ENSMUSG00000032648,Transcript,ENSMUST00000035269.14,protein_coding,,1/19,ENSMUST00000035269.14:c.243+31A>G,,,,,,,,,1,,MGI,,1.0,,,MSRPLSDQDKRKQISVRGLAGVENVSELKKNFNRHLHFTLVKDRNVATPRDYYFALAHTVRDHLVGRWIRTQQHYYEKDPKRIYYLSLEFYMGRTLQNTMVNLALENACDEATYQLGLDMEELEEIEEDAGLGNGGLGRLAACFLDSMATLGLAAYGYGIRYEFGIFNQKICGGWQMEEADDWLRYGNPWEKARPEFTLPVHFYGRVEHTSQGAKWVDTQVVLAMPYDTPVPGYRNNVVNTMRLWSAKAPNDFNLKDFNVGGYIQAVLDRNLAENISRVLYPNDNFFEGKELRLKQEYFVVAATLQDIIRRFKSSKFGSRDPVRTNFDAFPDKVAIQLNDTHPSLAIPELMRILVDLERLDWDKAWDVTVKTCAYTNHTVLPEALERWPVHLMETLLPRHLQIIYEINQRFLNRVAAAFPGDVDRLRRMSLVEEGAVKRINMAHLCIAGSHAVNGVARIHSEILKKTIFKDFYELEPHKFQNKTNGITPRRWLVLCNPGLAEVIAERIGEDYISDLDQLRKLLSYVDDEAFIRDVAKVKQENKLKFSAYLEREYKVHINPNSLFDVQVKRIHEYKRQLLNCLHIITLYNRIKREPNRFMVPRTIMIGGKAAPGYHMAKMIIKLITAIGDVVNHDPAVGDRLRVIFLENYRVSLAEKVIPAADLSEQISTAGTEASGTGNMKFMLNGALTIGTMDGANVEMAEEAGEENFFIFGMRVEDVERLDQRGYNAQEYYDRIPELRQIIEQLSSGFFSPKQPDLFKDIVNMLMHHDRFKVFADYEEYIKCQDKVSELYKNPREWTRMVIRNIATSGKFSSDRTIAQYAREIWGVEPSRQRLPAPDEKI,0.0422,
chr19,21802056,G,A,PASS,46,60.0,7.19,33,"2,2","0,0","31,31","0,0",13,"2,2","0,0","11,11","0,0",chr19,.,G,A,.,PASS,DP=46;MQ=60.00;MQ0=0;NT=ref;QSS=44;QSS_NT=44;ReadPosRankSum=-0.99;SGT=GG->AG;SNVSB=0.00;SOMATIC;SomaticEVS=7.19;TQSS=1;TQSS_NT=1;CSQ=A|intron_variant|MODIFIER|Cemip2|ENSMUSG00000024754|Transcript|ENSMUST00000096194.8|protein_coding||6/24|ENSMUST00000096194.8:c.1204+25G>A|||||||||1||MGI||5|||MYAAGSRGHSPAFLQPQNGNGHRSPGYVPGKVVPLRPAPPPKNHASAKLTSRSQDAPATFAFSPEEQRTPSESRKRKRHKNTFICFAITSFSFFVALAVILGISSKYAPDENCPDQNPRLRNWDPGQDSAKHIVIKEGDLFRLTSDATVDSIVIQDGGLLVFGDDKDGSKNITLRTRYILIQDGGALHIGAEKCRYRSKATITLYGKSDERESMPIFGKKFIGVEAGGTLELHGAQRTSWTMLARTLHSSGLPFGSYAFEKDFSRGLNVRVIDQDTARVLENEKFDTHEYHNESRRLQEFLRAQEPGRIVAIAVGDSAVKSLLQGTIQMIQDRLGSKLIQGLGYRQAWALVGVIDGGSSSCNESVRNYENHSTGGKALAQGEFYTLDGQKFSVTAYSEWSQGISLSGFRVDIADGVKLHLLDDVSTWEAGDRIVVASTDYSMYQAEELTLLRCPECSRSQVKVKEIPQYLHVGEIIDGIDMRAEVGLLTRNIVIQGEMEDSCYAENHCQFFDYDTFGGHVMIEKNFTSVHLSYVELKHMGQQHMGRYPVHFHLCGDVDSKGGYSQPASVDGLSVHHSFSRCITVHGTSGLLIKDTIGFDTLGHCFFLEDGVEQRNILYHNLGLLTKPGTLLPTDRNSSMCTVMRDGVFGNYVPVPTTDCMAVSTFWIAHPNNHLINNAAAGSQDAGIWYLFHKEPTGESSGLQLLEKPELTPLGIFYNNRVHSNFKAGLFVDKGVKTTNASASDPREYLCLDNSARFRPHQDADPEKPRVAAIIDRLIAFKNNDNGAWVRGGDIIVQNSAFADNGKGLTFASDGSFPSDEGSSQEVTESLFVGESRNYGFQGGQNKYMGTGGIDQKPRTLPRNRTFPIRGFQIYDGPIHLTKSTFKKYVPTPDRYSSAIGFLMKNSWQTTPRNNVSLVKFGPQVSLNVFFGKPGPWFEDCELDGDKNSIFHDIDGSVTGYKDTYVGRMDNYLIRHPNCVNVTKWNAVICSGTYAQVYVQTWNTPNLSMIITRDEYPSHPMVLRGINQRAISPQYQPVVMLEKGYTIHWNGPAPRTTFLYLVNFNKDDWIRVGLCYPANTSFQVTVGFLQRQNGSLSRIEDYEPARSMEELQKKPSERKFYFDSGTGLLFLYLRAHSHRDGHSYCSSQGCERVKIQAATDSKDISNCMAKAYPQYYKKPSAVKRMPAMLTGLCQGCGTHQMVFTSDPHKSYLPVRFQSPGKAEIQRGDPSIISVNGTDFTFRSAGALLLIVDACSVPFRVKEKRMFLSADVSHMEEYFKASIPPRSIVLLSTRGEIKQLNISDSLAVLGLAKPAHLYSKGSVVFLGFSGNFAPSWTKLFTSPDEQGLGVLEQFLPLQMEEYGCSRTGSVHRRDLDLLQQALKVL||,AU:CU:DP:FDP:GU:SDP:SUBDP:TU,"2,2:0,0:33:0:31,31:0:0:0,0","2,2:0,0:13:0:11,11:0:0:0,0",46,60.0,0,ref,44,44,-0.99,GG->AG,0.0,True,7.19,1,1,A,intron_variant,MODIFIER,Cemip2,ENSMUSG00000024754,Transcript,ENSMUST00000096194.8,protein_coding,,6/24,ENSMUST00000096194.8:c.1204+25G>A,,,,,,,,,1,,MGI,,5.0,,,MYAAGSRGHSPAFLQPQNGNGHRSPGYVPGKVVPLRPAPPPKNHASAKLTSRSQDAPATFAFSPEEQRTPSESRKRKRHKNTFICFAITSFSFFVALAVILGISSKYAPDENCPDQNPRLRNWDPGQDSAKHIVIKEGDLFRLTSDATVDSIVIQDGGLLVFGDDKDGSKNITLRTRYILIQDGGALHIGAEKCRYRSKATITLYGKSDERESMPIFGKKFIGVEAGGTLELHGAQRTSWTMLARTLHSSGLPFGSYAFEKDFSRGLNVRVIDQDTARVLENEKFDTHEYHNESRRLQEFLRAQEPGRIVAIAVGDSAVKSLLQGTIQMIQDRLGSKLIQGLGYRQAWALVGVIDGGSSSCNESVRNYENHSTGGKALAQGEFYTLDGQKFSVTAYSEWSQGISLSGFRVDIADGVKLHLLDDVSTWEAGDRIVVASTDYSMYQAEELTLLRCPECSRSQVKVKEIPQYLHVGEIIDGIDMRAEVGLLTRNIVIQGEMEDSCYAENHCQFFDYDTFGGHVMIEKNFTSVHLSYVELKHMGQQHMGRYPVHFHLCGDVDSKGGYSQPASVDGLSVHHSFSRCITVHGTSGLLIKDTIGFDTLGHCFFLEDGVEQRNILYHNLGLLTKPGTLLPTDRNSSMCTVMRDGVFGNYVPVPTTDCMAVSTFWIAHPNNHLINNAAAGSQDAGIWYLFHKEPTGESSGLQLLEKPELTPLGIFYNNRVHSNFKAGLFVDKGVKTTNASASDPREYLCLDNSARFRPHQDADPEKPRVAAIIDRLIAFKNNDNGAWVRGGDIIVQNSAFADNGKGLTFASDGSFPSDEGSSQEVTESLFVGESRNYGFQGGQNKYMGTGGIDQKPRTLPRNRTFPIRGFQIYDGPIHLTKSTFKKYVPTPDRYSSAIGFLMKNSWQTTPRNNVSLVKFGPQVSLNVFFGKPGPWFEDCELDGDKNSIFHDIDGSVTGYKDTYVGRMDNYLIRHPNCVNVTKWNAVICSGTYAQVYVQTWNTPNLSMIITRDEYPSHPMVLRGINQRAISPQYQPVVMLEKGYTIHWNGPAPRTTFLYLVNFNKDDWIRVGLCYPANTSFQVTVGFLQRQNGSLSRIEDYEPARSMEELQKKPSERKFYFDSGTGLLFLYLRAHSHRDGHSYCSSQGCERVKIQAATDSKDISNCMAKAYPQYYKKPSAVKRMPAMLTGLCQGCGTHQMVFTSDPHKSYLPVRFQSPGKAEIQRGDPSIISVNGTDFTFRSAGALLLIVDACSVPFRVKEKRMFLSADVSHMEEYFKASIPPRSIVLLSTRGEIKQLNISDSLAVLGLAKPAHLYSKGSVVFLGFSGNFAPSWTKLFTSPDEQGLGVLEQFLPLQMEEYGCSRTGSVHRRDLDLLQQALKVL,,
chr19,46513329,C,T,PASS,47,60.0,8.09,34,"0,0","32,32","0,0","2,2",13,"0,0","11,11","0,0","2,2",chr19,.,C,T,.,PASS,DP=47;MQ=60.00;MQ0=0;NT=ref;QSS=45;QSS_NT=45;ReadPosRankSum=0.39;SGT=CC->CT;SNVSB=0.00;SOMATIC;SomaticEVS=8.09;TQSS=1;TQSS_NT=1;CSQ=T|synonymous_variant|LOW|Trim8|ENSMUSG00000025034|Transcript|ENSMUST00000026008.8|protein_coding|3/6||ENSMUST00000026008.8:c.888C>T|ENSMUSP00000026008.7:p.Val296%3D|1630|888|296|V|gtC/gtT|||1||MGI||1|||MAENWKNCFEEELICPICLHVFVEPVQLPCKHNFCRGCIGEAWAKDSGLVRCPECNQAYNQKPGLEKNLKLTNIVEKFNALHVEKPPTALHCVFCRRGPPLPAQKVCLRCEAPCCQSHVQTHLQQPSTARGHLLVEADDVRAWSCPQHNAYRLYHCEAEQVAVCQYCCYYSGAHQGHSVCDVEIRRNEIRKMLMKQQERLEEREQDIEDQLYKLESDKRLVEEKVSQLKEEVRLQYEKLHQLLDEDLRQTVEVLDKAQAKFCSENAAQALHLGERMQEAKKLLGSLQRLFDKTEDVGFMKNTKSVKILMDRTQTCTGSSLSPPKIGHLNSKLFLNEVAKKEKQLRKMLEGPFSTPVPFLQSVPLYPCGVNSSGAEKRKHSTAFPEASFLETSSGPVGGQYGAAGTASSEGQSGQPLGPCSSTQHLVALPGGTQPVHSSPVFPPSQYPNGSTTQQPMLPQYGGRKILVCSVDNCYCSSVANHGGHQPYPRSGHFPWTVPSQEYSHPLPPTPSVPQSLPGLAVRDWLDASQQPGHQDFYRVYGQPSTKHYVTS||,AU:CU:DP:FDP:GU:SDP:SUBDP:TU,"0,0:32,32:34:0:0,0:0:0:2,2","0,0:11,11:13:0:0,0:0:0:2,2",47,60.0,0,ref,45,45,0.39,CC->CT,0.0,True,8.09,1,1,T,synonymous_variant,LOW,Trim8,ENSMUSG00000025034,Transcript,ENSMUST00000026008.8,protein_coding,3/6,,ENSMUST00000026008.8:c.888C>T,ENSMUSP00000026008.7:p.Val296%3D,1630.0,888.0,296.0,V,gtC/gtT,,,1,,MGI,,1.0,,,MAENWKNCFEEELICPICLHVFVEPVQLPCKHNFCRGCIGEAWAKDSGLVRCPECNQAYNQKPGLEKNLKLTNIVEKFNALHVEKPPTALHCVFCRRGPPLPAQKVCLRCEAPCCQSHVQTHLQQPSTARGHLLVEADDVRAWSCPQHNAYRLYHCEAEQVAVCQYCCYYSGAHQGHSVCDVEIRRNEIRKMLMKQQERLEEREQDIEDQLYKLESDKRLVEEKVSQLKEEVRLQYEKLHQLLDEDLRQTVEVLDKAQAKFCSENAAQALHLGERMQEAKKLLGSLQRLFDKTEDVGFMKNTKSVKILMDRTQTCTGSSLSPPKIGHLNSKLFLNEVAKKEKQLRKMLEGPFSTPVPFLQSVPLYPCGVNSSGAEKRKHSTAFPEASFLETSSGPVGGQYGAAGTASSEGQSGQPLGPCSSTQHLVALPGGTQPVHSSPVFPPSQYPNGSTTQQPMLPQYGGRKILVCSVDNCYCSSVANHGGHQPYPRSGHFPWTVPSQEYSHPLPPTPSVPQSLPGLAVRDWLDASQQPGHQDFYRVYGQPSTKHYVTS,,
chr1,6214598,C,T,PASS,38,60.0,7.69,29,"0,0","27,27","0,0","2,2",9,"0,0","7,7","0,0","2,2",chr1,.,C,T,.,PASS,DP=38;MQ=60.00;MQ0=0;NT=ref;QSS=39;QSS_NT=39;ReadPosRankSum=-0.29;SGT=CC->CT;SNVSB=0.00;SOMATIC;SomaticEVS=7.69;TQSS=1;TQSS_NT=1;CSQ=T|upstream_gene_variant|MODIFIER|Rb1cc1|ENSMUSG00000025907|Transcript|ENSMUST00000027040.12|protein_coding|||||||||||47|1||MGI||1|||MKLYVFLVNTGTTLTFDTELTVQTVADLKHAIQSKYKIAIQHQVLVVNGGECMAADRRVCTYSAGTDTNPIFLFNKEMILCDRAPAIPKATFSTENDMEIKVEESLMMPAVFHTVASRTQLAVEMYDVAKKLCSFCEGLVHDEHLQHQGWAAIMANLEDCSNSYQKLLFKFESIYSDYLQSIEDIKLKLTHLGTAVSVMAKIPLLECLTRHSYRECLGRPDSLNEHEGSEKAEMKRSTELVLSPDMPRTTNTSLVTSFHKSMEHVAPDPTGTERGKELRESCQSTVQQEEASVDAKDSDLPFFNVSLLDWINVQDRPNDVESLVRKCFDSMSRLDPKIIQPFMLECHQTIAKLDNQNMKAIKGLEDRLYALDQMIASCSRLVNEQKELAQGFLANQMRAENLKDASVLPDLCLSHANQLMIMLQNHRKLLDIKQKCTTAKQELANNLHVRLKWCCFVMLHADQDGEKLQALLRLVIELLERVRIVEALSTVPQMYCLAVVEVVRRKMFIKHYREWAGALVKDGKQLYEAEKSKRESFGKLFRKSFLRNRLFKGLDSWPSSFCTQKPRKFDCELPDISLKDLQFLQSFCPSEVQPFLRVPLLCDFEPLHQHVLALHNLVKAAQSLDEMSQTITDLLNEQKVSTSQASPQSAASPRIESTTGITTTTSPKTPPPLTVQDTLCPAVCPLEELSPDSIDAHTFDFETISHPNTEQPVHQASIDLDSLAESPESDFMSAVNEFVIEENLSSPNPISDPQSPEMMVESLYSSVINAIDSRRMQDTSTRGNEGFGDRAALHVQLEKCRAAAQDSHSSIQTIKDDLCHFRTFVQKEQCDLANYLKCTAVEIRNIIEKVKCSLEITLKEKHQQELQSLKIEYECKLDALVKDSEENVNKILKLKENLVSLEEALQNKDNEFTSIKHEKDAIVCVQQEKDQKLLEMEKIMHTQHCEIKELKQSREMALEDLKKLHDEKIESLRAEFQCLEQNHLKELEDTLHIRHTQEFEKVMTDHNMSLEKLKKENQQRIDQMLESHASTIQEKEQQLQELKLKVSDLSDMRCKLEVELALKEAETDEIKILLEESRTQQKEMLKSLLEQETENLRTEISKLNQKIHDNNESYQVGLSELRALMTIEKDQCISELISRHEEESNILKAELDNVTSLHRQAYEIEKKLKEQIVELQTRLNSELSALEKQKDEKITQQEEKYEALIQNLEKDKERLVKNHEQDKEHLIQELNFEKNKAVQTALDEFKVERELVEKELLEKVKHLENQIAKTPAFESAREDSSSLVAELQEKLQEEKAKFLEQLEEQEKRKNEEMQNVRTSLIAEQQTNFNTVLTREKMRKENIINDLSDKLKSTMQQQERDKDLIESLSEDRARLLEEKKQLEEEVSKLRTSSFLSSAPVAAAPELYGACAPELPGEPERSVMETADEGRLDSAMETSMMSVQENMLSEEKQRIMLLERTLQLKEEENKRLNQRLMSQSLSSVSSRHSEKIAIRDFQVGDLVLIILDERHDNYVLFTVSPTLYFLHSESLPALDLKPGEGASGASRRPWVLGKVMEKEYCQAKKAQNRFKVPLGTKFYRVKAVSWNKKV|0.345|,AU:CU:DP:FDP:GU:SDP:SUBDP:TU,"0,0:27,27:29:0:0,0:0:0:2,2","0,0:7,7:9:0:0,0:0:0:2,2",38,60.0,0,ref,39,39,-0.29,CC->CT,0.0,True,7.69,1,1,T,upstream_gene_variant,MODIFIER,Rb1cc1,ENSMUSG00000025907,Transcript,ENSMUST00000027040.12,protein_coding,,,,,,,,,,,47.0,1,,MGI,,1.0,,,MKLYVFLVNTGTTLTFDTELTVQTVADLKHAIQSKYKIAIQHQVLVVNGGECMAADRRVCTYSAGTDTNPIFLFNKEMILCDRAPAIPKATFSTENDMEIKVEESLMMPAVFHTVASRTQLAVEMYDVAKKLCSFCEGLVHDEHLQHQGWAAIMANLEDCSNSYQKLLFKFESIYSDYLQSIEDIKLKLTHLGTAVSVMAKIPLLECLTRHSYRECLGRPDSLNEHEGSEKAEMKRSTELVLSPDMPRTTNTSLVTSFHKSMEHVAPDPTGTERGKELRESCQSTVQQEEASVDAKDSDLPFFNVSLLDWINVQDRPNDVESLVRKCFDSMSRLDPKIIQPFMLECHQTIAKLDNQNMKAIKGLEDRLYALDQMIASCSRLVNEQKELAQGFLANQMRAENLKDASVLPDLCLSHANQLMIMLQNHRKLLDIKQKCTTAKQELANNLHVRLKWCCFVMLHADQDGEKLQALLRLVIELLERVRIVEALSTVPQMYCLAVVEVVRRKMFIKHYREWAGALVKDGKQLYEAEKSKRESFGKLFRKSFLRNRLFKGLDSWPSSFCTQKPRKFDCELPDISLKDLQFLQSFCPSEVQPFLRVPLLCDFEPLHQHVLALHNLVKAAQSLDEMSQTITDLLNEQKVSTSQASPQSAASPRIESTTGITTTTSPKTPPPLTVQDTLCPAVCPLEELSPDSIDAHTFDFETISHPNTEQPVHQASIDLDSLAESPESDFMSAVNEFVIEENLSSPNPISDPQSPEMMVESLYSSVINAIDSRRMQDTSTRGNEGFGDRAALHVQLEKCRAAAQDSHSSIQTIKDDLCHFRTFVQKEQCDLANYLKCTAVEIRNIIEKVKCSLEITLKEKHQQELQSLKIEYECKLDALVKDSEENVNKILKLKENLVSLEEALQNKDNEFTSIKHEKDAIVCVQQEKDQKLLEMEKIMHTQHCEIKELKQSREMALEDLKKLHDEKIESLRAEFQCLEQNHLKELEDTLHIRHTQEFEKVMTDHNMSLEKLKKENQQRIDQMLESHASTIQEKEQQLQELKLKVSDLSDMRCKLEVELALKEAETDEIKILLEESRTQQKEMLKSLLEQETENLRTEISKLNQKIHDNNESYQVGLSELRALMTIEKDQCISELISRHEEESNILKAELDNVTSLHRQAYEIEKKLKEQIVELQTRLNSELSALEKQKDEKITQQEEKYEALIQNLEKDKERLVKNHEQDKEHLIQELNFEKNKAVQTALDEFKVERELVEKELLEKVKHLENQIAKTPAFESAREDSSSLVAELQEKLQEEKAKFLEQLEEQEKRKNEEMQNVRTSLIAEQQTNFNTVLTREKMRKENIINDLSDKLKSTMQQQERDKDLIESLSEDRARLLEEKKQLEEEVSKLRTSSFLSSAPVAAAPELYGACAPELPGEPERSVMETADEGRLDSAMETSMMSVQENMLSEEKQRIMLLERTLQLKEEENKRLNQRLMSQSLSSVSSRHSEKIAIRDFQVGDLVLIILDERHDNYVLFTVSPTLYFLHSESLPALDLKPGEGASGASRRPWVLGKVMEKEYCQAKKAQNRFKVPLGTKFYRVKAVSWNKKV,0.345,
chr1,52637492,C,T,PASS,47,60.0,8.09,34,"0,0","32,32","0,0","2,2",13,"0,0","11,11","0,0","2,2",chr1,.,C,T,.,PASS,DP=47;MQ=60.00;MQ0=0;NT=ref;QSS=45;QSS_NT=45;ReadPosRankSum=0.00;SGT=CC->CT;SNVSB=0.00;SOMATIC;SomaticEVS=8.09;TQSS=1;TQSS_NT=1;CSQ=T|intron_variant|MODIFIER|Nemp2|ENSMUSG00000043015|Transcript|ENSMUST00000165859.7|protein_coding||2/8|ENSMUST00000165859.7:c.210+12C>T|||||||||1||MGI||5|||MLPRLWWLVLWLQPLATLPASAVHDEEAAMSVPRCKSLKETDLIKTSVSDCYCYNQHSQIQWTYMWSTVQVTVTSPGLLNIVYITGSHNCQHTESILSFIKCVTHNFWAPEEAEEITIVFSPYGETVCFSVKPVGRLLPYIVSVSRNIVDFKLFLVFVTGIFLFLYAKTLSQSPVFYYSSGTVLGILMTLVFVLLMAKKHIPKYSTFGALMIGCWFASVYVLCQLMEDLKWLWYGNRMYILGYVVVVGLCSFAACYSHGPLADEGSRDLLMWTLRLFSLALVYTGVAAPQFAYAVLIVLLFSWSLHYLLRAFSYLRWKMRPWFTAEPQVARYLTDDEYREQAEAATARALEELRQACCRPDFPSWLAVSRLQAPKKFAEFVLGASHLSPEEVSTHEKQYGLGGAFLEEQLFSLQTDSLPAS||,AU:CU:DP:FDP:GU:SDP:SUBDP:TU,"0,0:32,32:34:0:0,0:0:0:2,2","0,0:11,11:13:0:0,0:0:0:2,2",47,60.0,0,ref,45,45,0.0,CC->CT,0.0,True,8.09,1,1,T,intron_variant,MODIFIER,Nemp2,ENSMUSG00000043015,Transcript,ENSMUST00000165859.7,protein_coding,,2/8,ENSMUST00000165859.7:c.210+12C>T,,,,,,,,,1,,MGI,,5.0,,,MLPRLWWLVLWLQPLATLPASAVHDEEAAMSVPRCKSLKETDLIKTSVSDCYCYNQHSQIQWTYMWSTVQVTVTSPGLLNIVYITGSHNCQHTESILSFIKCVTHNFWAPEEAEEITIVFSPYGETVCFSVKPVGRLLPYIVSVSRNIVDFKLFLVFVTGIFLFLYAKTLSQSPVFYYSSGTVLGILMTLVFVLLMAKKHIPKYSTFGALMIGCWFASVYVLCQLMEDLKWLWYGNRMYILGYVVVVGLCSFAACYSHGPLADEGSRDLLMWTLRLFSLALVYTGVAAPQFAYAVLIVLLFSWSLHYLLRAFSYLRWKMRPWFTAEPQVARYLTDDEYREQAEAATARALEELRQACCRPDFPSWLAVSRLQAPKKFAEFVLGASHLSPEEVSTHEKQYGLGGAFLEEQLFSLQTDSLPAS,,
chr1,170666694,G,A,PASS,44,60.0,8.31,32,"2,2","0,0","30,30","0,0",12,"2,2","0,0","10,10","0,0",chr1,.,G,A,.,PASS,DP=44;MQ=60.00;MQ0=0;NT=ref;QSS=45;QSS_NT=45;ReadPosRankSum=1.50;SGT=GG->AG;SNVSB=0.00;SOMATIC;SomaticEVS=8.31;TQSS=1;TQSS_NT=1;CSQ=A|synonymous_variant|LOW|Olfml2b|ENSMUSG00000038463|Transcript|ENSMUST00000046792.8|protein_coding|5/8||ENSMUST00000046792.8:c.846G>A|ENSMUSP00000047291.8:p.Gln282%3D|1236|846|282|Q|caG/caA|||1||MGI||1|||MAYPLPLVLCFALVVAQVWGSTTPPTGTSEPPDVQTVEPTEDDILQNEADNQENVLSQLLGDYDKVKAVSEGSDCQCKCVVRPLGRDACQRINQGASRKEDFYTVETITSGSSCKCACVAPPSAVNPCEGDFRLQKLREADSRDLKLSTIIDLLEGAFYGLDLLKLHSVTTKLVGRVDKLEEEVSKNLTKENEQIKEDVEEIRTELNKRGKENCSDNTLESMPDIRSALQRDAAAAYAHPEYEERFLQEETVSQQINSIELLRTQPLVPPAAMKPQRPLQRQVHLRGRLASKPTVIRGITYYKAKVSEEENDIEEQHDELFSGDSGVDLLIEDQLLRQEDLLTSATRRPATTRHTAAVTTDASIQAAASSSEPAQASASASSFVEPAPQASDRELLATPQTTTVFPEPTEVMPSTQVSPTTVAHTAVQPLPAMVPGDIFVEALPLVPLLPDTVGTDMPEEEGTAGQEATSAGPILSPEEEDDIRNVIGRCKDTLSTITGPTTQNTYGRNEGAWMKDPLAKDDRIYVTNYYYGNTLVEFRNLENFKQGRWSNSYKLPYSWIGTGHVVYNGAFYYNRAFTRNIIKYDLKQRYVAAWAMLHDVAYEEATPWRWQGHSDVDFAVDENGLWLIYPALDDEGFNQEVIVLSKLNAVDLSTQKETTWRTGLRRNFYGNCFVICGVLYAVDSYNQRNANISYAFDTHTNTQIVPRLLFENEYSYTTQIDYNPKDRLLYAWDNGHQVTYHVIFAY|0.199|,AU:CU:DP:FDP:GU:SDP:SUBDP:TU,"2,2:0,0:32:0:30,30:0:0:0,0","2,2:0,0:12:0:10,10:0:0:0,0",44,60.0,0,ref,45,45,1.5,GG->AG,0.0,True,8.31,1,1,A,synonymous_variant,LOW,Olfml2b,ENSMUSG00000038463,Transcript,ENSMUST00000046792.8,protein_coding,5/8,,ENSMUST00000046792.8:c.846G>A,ENSMUSP00000047291.8:p.Gln282%3D,1236.0,846.0,282.0,Q,caG/caA,,,1,,MGI,,1.0,,,MAYPLPLVLCFALVVAQVWGSTTPPTGTSEPPDVQTVEPTEDDILQNEADNQENVLSQLLGDYDKVKAVSEGSDCQCKCVVRPLGRDACQRINQGASRKEDFYTVETITSGSSCKCACVAPPSAVNPCEGDFRLQKLREADSRDLKLSTIIDLLEGAFYGLDLLKLHSVTTKLVGRVDKLEEEVSKNLTKENEQIKEDVEEIRTELNKRGKENCSDNTLESMPDIRSALQRDAAAAYAHPEYEERFLQEETVSQQINSIELLRTQPLVPPAAMKPQRPLQRQVHLRGRLASKPTVIRGITYYKAKVSEEENDIEEQHDELFSGDSGVDLLIEDQLLRQEDLLTSATRRPATTRHTAAVTTDASIQAAASSSEPAQASASASSFVEPAPQASDRELLATPQTTTVFPEPTEVMPSTQVSPTTVAHTAVQPLPAMVPGDIFVEALPLVPLLPDTVGTDMPEEEGTAGQEATSAGPILSPEEEDDIRNVIGRCKDTLSTITGPTTQNTYGRNEGAWMKDPLAKDDRIYVTNYYYGNTLVEFRNLENFKQGRWSNSYKLPYSWIGTGHVVYNGAFYYNRAFTRNIIKYDLKQRYVAAWAMLHDVAYEEATPWRWQGHSDVDFAVDENGLWLIYPALDDEGFNQEVIVLSKLNAVDLSTQKETTWRTGLRRNFYGNCFVICGVLYAVDSYNQRNANISYAFDTHTNTQIVPRLLFENEYSYTTQIDYNPKDRLLYAWDNGHQVTYHVIFAY,0.199,
chr2,30237581,C,T,PASS,58,60.0,7.82,41,"0,0","38,38","0,0","3,3",17,"0,0","14,14","0,0","3,3",chr2,.,C,T,.,PASS,DP=58;MQ=60.00;MQ0=0;NT=ref;QSS=46;QSS_NT=46;ReadPosRankSum=-0.82;SGT=CC->CT;SNVSB=0.00;SOMATIC;SomaticEVS=7.82;TQSS=1;TQSS_NT=1;CSQ=T|upstream_gene_variant|MODIFIER|Lrrc8a|ENSMUSG00000007476|Transcript|ENSMUST00000095078.2|protein_coding|||||||||||141|1||MGI||5|||MIPVTELRYFADTQPAYRILKPWWDVFTDYISIVMLMIAVFGGTLQVTQDKMICLPCKWVTKDSCNDSFRGWAASSPEPTYPNSTVLPTPDTGPTGIKYDLDRHQYNYVDAVCYENRLHWFAKYFPYLVLLHTLIFLACSNFWFKFPRTSSKLEHFVSILLKCFDSPWTTRALSETVVEESDPKPAFSKMNGSMDKKSSTVSEDVEATVPMLQRTKSRIEQGIVDRSETGVLDKKEGEQAKALFEKVKKFRTHVEEGDIVYRLYMRQTIIKVIKFALIICYTVYYVHNIKFDVDCTVDIESLTGYRTYRCAHPLATLFKILASFYISLVIFYGLICMYTLWWMLRRSLKKYSFESIREESSYSDIPDVKNDFAFMLHLIDQYDPLYSKRFAVFLSEVSENKLRQLNLNNEWTLDKLRQRLTKNAQDKLELHLFMLSGIPDTVFDLVELEVLKLELIPDVTIPPSIAQLTGLKELWLYHTAAKIEAPALAFLRENLRALHIKFTDIKEIPLWIYSLKTLEELHLTGNLSAENNRYIVIDGLRELKRLKVLRLKSNLSKLPQVVTDVGVHLQKLSINNEGTKLIVLNSLKKMVNLTELELIRCDLERIPHSIFSLHNLQEIDLKDNNLKTIEEIISFQHLHRLTCLKLWYNHIAYIPIQIGNLTNLERLYLNRNKIEKIPTQLFYCRKLRYLDLSHNNLTFLPADIGLLQNLQNLAVTANRIEALPPELFQCRKLRALHLGNNVLQSLPSRVGELTNLTQIELRGNRLECLPVELGECPLLKRSGLVVEEDLFSTLPPEVKERLWRADKEQA|0.0656|,AU:CU:DP:FDP:GU:SDP:SUBDP:TU,"0,0:38,38:41:0:0,0:0:0:3,3","0,0:14,14:17:0:0,0:0:0:3,3",58,60.0,0,ref,46,46,-0.82,CC->CT,0.0,True,7.82,1,1,T,upstream_gene_variant,MODIFIER,Lrrc8a,ENSMUSG00000007476,Transcript,ENSMUST00000095078.2,protein_coding,,,,,,,,,,,141.0,1,,MGI,,5.0,,,MIPVTELRYFADTQPAYRILKPWWDVFTDYISIVMLMIAVFGGTLQVTQDKMICLPCKWVTKDSCNDSFRGWAASSPEPTYPNSTVLPTPDTGPTGIKYDLDRHQYNYVDAVCYENRLHWFAKYFPYLVLLHTLIFLACSNFWFKFPRTSSKLEHFVSILLKCFDSPWTTRALSETVVEESDPKPAFSKMNGSMDKKSSTVSEDVEATVPMLQRTKSRIEQGIVDRSETGVLDKKEGEQAKALFEKVKKFRTHVEEGDIVYRLYMRQTIIKVIKFALIICYTVYYVHNIKFDVDCTVDIESLTGYRTYRCAHPLATLFKILASFYISLVIFYGLICMYTLWWMLRRSLKKYSFESIREESSYSDIPDVKNDFAFMLHLIDQYDPLYSKRFAVFLSEVSENKLRQLNLNNEWTLDKLRQRLTKNAQDKLELHLFMLSGIPDTVFDLVELEVLKLELIPDVTIPPSIAQLTGLKELWLYHTAAKIEAPALAFLRENLRALHIKFTDIKEIPLWIYSLKTLEELHLTGNLSAENNRYIVIDGLRELKRLKVLRLKSNLSKLPQVVTDVGVHLQKLSINNEGTKLIVLNSLKKMVNLTELELIRCDLERIPHSIFSLHNLQEIDLKDNNLKTIEEIISFQHLHRLTCLKLWYNHIAYIPIQIGNLTNLERLYLNRNKIEKIPTQLFYCRKLRYLDLSHNNLTFLPADIGLLQNLQNLAVTANRIEALPPELFQCRKLRALHLGNNVLQSLPSRVGELTNLTQIELRGNRLECLPVELGECPLLKRSGLVVEEDLFSTLPPEVKERLWRADKEQA,0.0656,
chr2,66229152,G,A,PASS,45,60.0,8.84,33,"2,2","0,0","31,31","0,0",12,"2,2","0,0","10,10","0,0",chr2,.,G,A,.,PASS,DP=45;MQ=60.00;MQ0=0;NT=ref;QSS=46;QSS_NT=46;ReadPosRankSum=-0.21;SGT=GG->AG;SNVSB=0.00;SOMATIC;SomaticEVS=8.84;TQSS=1;TQSS_NT=1;CSQ=A|intron_variant|MODIFIER|Ttc21b|ENSMUSG00000034848|Transcript|ENSMUST00000102718.9|protein_coding||12/28|ENSMUST00000102718.9:c.1517-13C>T|||||||||-1||MGI||1|||MDSQGLKTLINYYCQERYYHHVLLVASEGMKKYSSDPVFRFYHAYGTLMEGKAQEALREFEAIKNKQDVSLCSLMALMYVHKMSPNPDREAILELDTKMKEQRKEAGRKALYHAGLFLWHIGRHDKAREYIDRMSKMPHDSNEGPILKAWLDITRGKEPYAKKALRYFEEGLQDGNDIFALLGKVLCLEIRQNYSGALETVSQIIVNFPSFLPAFEKKMKLQLALQDWDQTVETAQRLLLQDNHNVEALRMLALYYLCREGDVEKAATKLENLGNALDVMEPQNAQLFYKITLAFSRTCGRNQLILQKVQSFLEKAFSLTPQQAEIATELGYQMILQGKVKEAWKWYRTAMTLNESNISAVTGLIRCQLIEGQLQDADQQLEFFSEFQQSMGKSAELMYLHAVLATKKNNRQDEVINLLNDVVNTHFSHLEDLPLGIQYFEKLNPDFLLEVVTEYLNLCPIQPAGPGQPLSPVLRRCSSVLETIIRSVPGLPQAVFLMAKVKYLSGDTEAAYNNLQHCLEHSPSYAEAHLLMAQVYLSQDKVKLCSQSLELCLSYNFNVREYPLYHLIKAQSQKKMGEVAEAIKTLHMAMNLPGMRRSRASSKSKHRTEVDASHRLSIFLELVEVHRLNGEQHEAAKVLQDAIHEFSGTCEELRVTIANADLALAQGDTDRALSMLRNVTTEQPYFIEAKEKMADIYLKHRKEKMLYITCYREIAERMPSPRSFLLLGDAYMNIQEPEEAIVAYEQALNQNPKDGTLARKIGKALVKTHNYSKAITYYEAALKSGQQNCLCYDLAELLLRLKLYEKAEKVLQHSLAHEPVSELSALMVDGRSQVLLAKVYSKMERPSDAIAALQQARELQARILKRVQMEQPDAVPSQKHFAAEICAEIAKHSAAQRDYEKAITFYREALVHCETDSKIMLELAQLYLAQEDLDASLRHCALLLQRDQDNEPATMLMADLMFRKQDYEQAVYHLQQLLDRKPDNFMTLSRLIDLLRRCGKLEDVPRFFLMAEKHNSRTKLEPGFQYCKGLHFWYTGEPNDALRHFNKARKDSDWGQNALYNMIEICLNPDNETIGGEVFENLNGDLGTSPEKQESVQLAVRTAEKLLKELKPQTVQGRLQLRIMENCCLMATKQKSSVEQALNTFTEIAASEKDHIPALLGMATAYMILKQTPKARNQLKRIAKMPWNPIEAEDLEKSWLLLADIYIQSAKYDMAEELLKRCLCHNRSCCKAYEYMGYIMEKEQAYTDAAFNYEMAWKHSNQTNPAVGYKLAFNYLKAKRYVDAIDVCHQVLEAHPTYPKIRKDILDKARASLRP|0.986|,AU:CU:DP:FDP:GU:SDP:SUBDP:TU,"2,2:0,0:33:0:31,31:0:0:0,0","2,2:0,0:12:0:10,10:0:0:0,0",45,60.0,0,ref,46,46,-0.21,GG->AG,0.0,True,8.84,1,1,A,intron_variant,MODIFIER,Ttc21b,ENSMUSG00000034848,Transcript,ENSMUST00000102718.9,protein_coding,,12/28,ENSMUST00000102718.9:c.1517-13C>T,,,,,,,,,-1,,MGI,,1.0,,,MDSQGLKTLINYYCQERYYHHVLLVASEGMKKYSSDPVFRFYHAYGTLMEGKAQEALREFEAIKNKQDVSLCSLMALMYVHKMSPNPDREAILELDTKMKEQRKEAGRKALYHAGLFLWHIGRHDKAREYIDRMSKMPHDSNEGPILKAWLDITRGKEPYAKKALRYFEEGLQDGNDIFALLGKVLCLEIRQNYSGALETVSQIIVNFPSFLPAFEKKMKLQLALQDWDQTVETAQRLLLQDNHNVEALRMLALYYLCREGDVEKAATKLENLGNALDVMEPQNAQLFYKITLAFSRTCGRNQLILQKVQSFLEKAFSLTPQQAEIATELGYQMILQGKVKEAWKWYRTAMTLNESNISAVTGLIRCQLIEGQLQDADQQLEFFSEFQQSMGKSAELMYLHAVLATKKNNRQDEVINLLNDVVNTHFSHLEDLPLGIQYFEKLNPDFLLEVVTEYLNLCPIQPAGPGQPLSPVLRRCSSVLETIIRSVPGLPQAVFLMAKVKYLSGDTEAAYNNLQHCLEHSPSYAEAHLLMAQVYLSQDKVKLCSQSLELCLSYNFNVREYPLYHLIKAQSQKKMGEVAEAIKTLHMAMNLPGMRRSRASSKSKHRTEVDASHRLSIFLELVEVHRLNGEQHEAAKVLQDAIHEFSGTCEELRVTIANADLALAQGDTDRALSMLRNVTTEQPYFIEAKEKMADIYLKHRKEKMLYITCYREIAERMPSPRSFLLLGDAYMNIQEPEEAIVAYEQALNQNPKDGTLARKIGKALVKTHNYSKAITYYEAALKSGQQNCLCYDLAELLLRLKLYEKAEKVLQHSLAHEPVSELSALMVDGRSQVLLAKVYSKMERPSDAIAALQQARELQARILKRVQMEQPDAVPSQKHFAAEICAEIAKHSAAQRDYEKAITFYREALVHCETDSKIMLELAQLYLAQEDLDASLRHCALLLQRDQDNEPATMLMADLMFRKQDYEQAVYHLQQLLDRKPDNFMTLSRLIDLLRRCGKLEDVPRFFLMAEKHNSRTKLEPGFQYCKGLHFWYTGEPNDALRHFNKARKDSDWGQNALYNMIEICLNPDNETIGGEVFENLNGDLGTSPEKQESVQLAVRTAEKLLKELKPQTVQGRLQLRIMENCCLMATKQKSSVEQALNTFTEIAASEKDHIPALLGMATAYMILKQTPKARNQLKRIAKMPWNPIEAEDLEKSWLLLADIYIQSAKYDMAEELLKRCLCHNRSCCKAYEYMGYIMEKEQAYTDAAFNYEMAWKHSNQTNPAVGYKLAFNYLKAKRYVDAIDVCHQVLEAHPTYPKIRKDILDKARASLRP,0.986,
chr2,155995032,T,C,PASS,50,60.0,10.51,37,"0,0","2,2","0,0","35,37",11,"0,0","2,2","0,0","9,9",chr2,.,T,C,.,PASS,DP=50;MQ=60.00;MQ0=0;NT=ref;QSS=49;QSS_NT=49;ReadPosRankSum=-0.24;SGT=TT->CT;SNVSB=0.00;SOMATIC;SomaticEVS=10.51;TQSS=1;TQSS_NT=1;CSQ=C|intron_variant|MODIFIER|Cep250|ENSMUSG00000038241|Transcript|ENSMUST00000109619.8|protein_coding||30/32|ENSMUST00000109619.8:c.6879+41T>C|||||||||1||MGI||5|||METGSPGLNMKPQSLQLVLEGQVLALQQQMAENQAASWRKLKNSQEAQKRQATLVRKLQAKVLQYRSWCQDLEKRLEATGGLIPQRWESVEEPNLEQLLIRLEEEQQRCESLVEVNTELRLHMEKADVVNKALQEDVEKLTVDWSRARDELVRKESQWRMEQEFFKGYLRGEHGRLLNLWREVVTFRRHFLKMKSATDRDLTELKAEHARLSGSLLTCCLRLTLRAQSRESSGSGRTEESEPARLLLLVAKTQALEKEAHEKSQELMQLKSHGDLEKAELQDRVTELSALLTQSQKQNEDYEKMVKALRETMEILETNHAELMEHEASLSRNAQEEKLSLQQVIKAITQALASVEEEDTVTQSSGHEDSLQSDCNGLSQFDPQDPDRALTLVQSVLTRRQQAVQDLRQQLSGCQEAMSFLQQQHDQWEEEGRALREKLQKLTGERDALAGQTVGLQGEVDSLTGERDALAGQTVDLQGEVDSLSRERELLQKARGELQQQLEVLEQEAWRLRRMNMELQLQGDSAQGEKLEQQEELHLAVRERERLQETLVGLEAKQSESLSELLTLREALESSRLEGELLKQERVEVAAALARAEQSIVELSGSENSLKAEVADLRAAAVKLGALNEALALDKVELNQQLLQLEQENQSLCSRVEAAEQLRSALQVDLAEAERRREALWEKKTQLETQLQKAEEAGAELQAELRGTREEKEELKDKLSEAHHQQETATAHLEQLHQDAERQEETLARAVQEKEALVRERAALEVRLQAVERDRQDLTEHVLGLRSAKEQLESNLFEAQQQNSVIQVTKGQLEVQIQTIIQAKEVIQGEVKCLKLELDAERTRAEQEWDAVARQLAQAEQEGQASLERQKVAHEEEVNRLQEKWEKERSWLQQELDKTLETLERERAELETKLREQQTEMEAIRAQREEERSQADSALYQMQLETEKERVSLLETLLRTQKELADASQQLERLRQDMKIQKLKEQETTGMLQAQLQETQQELKEAAQQHRDDLAAFQKDKLDLQKQVEDLMSQLVAHDDSQRLVKEEIEEKVKVAQECSRIQKELEKENASLALSLVEKEKRLLILQEADSVRQQELSSLRQDIQEAQEGQRELGVQVELLRQEVKEKEADFVAREAQLLEELEASRVAEQQLRASLWAQEAKATQLQLQLRSTESQLEALVAEQQPENQAQAQLASLCSVLQQALGSACESRPELRGGGDSAPTLWGPDPDQNGASRLFKRWSLPTALSPEAVALALQKLHQDVWKARQARDDLRDQVQKLVQRLTDTEAQKSQVHSELQDLQRQLSQSQEEKSKWEGRQNSLESELRDLHETAASLQSRLRQAELQKMEAQNDRELLQASKEKLSAQVEHLQACVAEAQAQADAAAVLEEDLRTARSALKLKNEELESERERAQALQEQGELKVAQGKALQENLALLAQTLSNREREVETLQAEVQELEKQREMQKAALELLSLDLKKRSREVDLQQEQIQELEQCRSVLEHLPMAVQEREQKLSVQRDQIRELENDREAQRSVLEHQLLDLEQKAQVIESQRGQIQDLKKQLGTLECLALELEESHHKVESQQKMITELEGQREMQRVALTHLTLDLEERSQELQAQSSQLHELENHSTHLAKELQERDQEVTSQRQQIDELQKQQEQLAQALERKGQELVLQKERIQVLEDQRTLQTKILEEDLEQIKHSLRERSQELASQWQLVHERADDGKSPSKGQRGSLEHLKLILRDKEKEVECQQERIQELQGHMGQLEQQLQGLHRKVGETSLLLTHREQETATLQQHLQEAKEQGELREQVLQGQLEEAQRDLAQRDHELETLRQEKQQTQDQEESMKLKTSALQAALEQAHATLKERQGELEEHREQVRRLQEELEVEGRQVRALEEVLGDLRAESREHEKAVLALQQRCAEQAQEHEAEARTLQDSWLQAQATLTEQEQELAALRAENQYSRRQEEAAVSQAEALQEALSKAQAALQEKEQSLLEQAELSHTLEASTAALQATLDTCQASARQLEEALRIREGEIQAQALQHHEVTQHLQQELCQKKEELRQLLEKAGARRSQENGIQEKQSLEQERQEETRRLLESLKELQLTVAQREEEILMLREASSPRHRALPAEKPALQPLPAQQELERLQTALRQTEAREIEWREKAQDLALSLAQSKASISSLQEITMFLQASVLERESEQQRLQEELVLSRQALEEQQSGGPHSTSRADQGPKVGQGSQSGEVETEPSPGVEEKERLTQRLERLQQAVAELEVDRSKLQCHNAQLRTALEQVERERRKLKRDSVRASRAGSLEARETMTSSPTQQDGRGSQRGSSDSVLVVELQREVALLRAQLALERKQRQDYIARSVQTSRELAGLHHSLSHSLLTVAQAPEATVLEAETRKLDESLNQSLTSPGPCLLHPSLDTTQNTHR|0.939|,AU:CU:DP:FDP:GU:SDP:SUBDP:TU,"0,0:2,2:37:0:0,0:0:0:35,37","0,0:2,2:11:0:0,0:0:0:9,9",50,60.0,0,ref,49,49,-0.24,TT->CT,0.0,True,10.51,1,1,C,intron_variant,MODIFIER,Cep250,ENSMUSG00000038241,Transcript,ENSMUST00000109619.8,protein_coding,,30/32,ENSMUST00000109619.8:c.6879+41T>C,,,,,,,,,1,,MGI,,5.0,,,METGSPGLNMKPQSLQLVLEGQVLALQQQMAENQAASWRKLKNSQEAQKRQATLVRKLQAKVLQYRSWCQDLEKRLEATGGLIPQRWESVEEPNLEQLLIRLEEEQQRCESLVEVNTELRLHMEKADVVNKALQEDVEKLTVDWSRARDELVRKESQWRMEQEFFKGYLRGEHGRLLNLWREVVTFRRHFLKMKSATDRDLTELKAEHARLSGSLLTCCLRLTLRAQSRESSGSGRTEESEPARLLLLVAKTQALEKEAHEKSQELMQLKSHGDLEKAELQDRVTELSALLTQSQKQNEDYEKMVKALRETMEILETNHAELMEHEASLSRNAQEEKLSLQQVIKAITQALASVEEEDTVTQSSGHEDSLQSDCNGLSQFDPQDPDRALTLVQSVLTRRQQAVQDLRQQLSGCQEAMSFLQQQHDQWEEEGRALREKLQKLTGERDALAGQTVGLQGEVDSLTGERDALAGQTVDLQGEVDSLSRERELLQKARGELQQQLEVLEQEAWRLRRMNMELQLQGDSAQGEKLEQQEELHLAVRERERLQETLVGLEAKQSESLSELLTLREALESSRLEGELLKQERVEVAAALARAEQSIVELSGSENSLKAEVADLRAAAVKLGALNEALALDKVELNQQLLQLEQENQSLCSRVEAAEQLRSALQVDLAEAERRREALWEKKTQLETQLQKAEEAGAELQAELRGTREEKEELKDKLSEAHHQQETATAHLEQLHQDAERQEETLARAVQEKEALVRERAALEVRLQAVERDRQDLTEHVLGLRSAKEQLESNLFEAQQQNSVIQVTKGQLEVQIQTIIQAKEVIQGEVKCLKLELDAERTRAEQEWDAVARQLAQAEQEGQASLERQKVAHEEEVNRLQEKWEKERSWLQQELDKTLETLERERAELETKLREQQTEMEAIRAQREEERSQADSALYQMQLETEKERVSLLETLLRTQKELADASQQLERLRQDMKIQKLKEQETTGMLQAQLQETQQELKEAAQQHRDDLAAFQKDKLDLQKQVEDLMSQLVAHDDSQRLVKEEIEEKVKVAQECSRIQKELEKENASLALSLVEKEKRLLILQEADSVRQQELSSLRQDIQEAQEGQRELGVQVELLRQEVKEKEADFVAREAQLLEELEASRVAEQQLRASLWAQEAKATQLQLQLRSTESQLEALVAEQQPENQAQAQLASLCSVLQQALGSACESRPELRGGGDSAPTLWGPDPDQNGASRLFKRWSLPTALSPEAVALALQKLHQDVWKARQARDDLRDQVQKLVQRLTDTEAQKSQVHSELQDLQRQLSQSQEEKSKWEGRQNSLESELRDLHETAASLQSRLRQAELQKMEAQNDRELLQASKEKLSAQVEHLQACVAEAQAQADAAAVLEEDLRTARSALKLKNEELESERERAQALQEQGELKVAQGKALQENLALLAQTLSNREREVETLQAEVQELEKQREMQKAALELLSLDLKKRSREVDLQQEQIQELEQCRSVLEHLPMAVQEREQKLSVQRDQIRELENDREAQRSVLEHQLLDLEQKAQVIESQRGQIQDLKKQLGTLECLALELEESHHKVESQQKMITELEGQREMQRVALTHLTLDLEERSQELQAQSSQLHELENHSTHLAKELQERDQEVTSQRQQIDELQKQQEQLAQALERKGQELVLQKERIQVLEDQRTLQTKILEEDLEQIKHSLRERSQELASQWQLVHERADDGKSPSKGQRGSLEHLKLILRDKEKEVECQQERIQELQGHMGQLEQQLQGLHRKVGETSLLLTHREQETATLQQHLQEAKEQGELREQVLQGQLEEAQRDLAQRDHELETLRQEKQQTQDQEESMKLKTSALQAALEQAHATLKERQGELEEHREQVRRLQEELEVEGRQVRALEEVLGDLRAESREHEKAVLALQQRCAEQAQEHEAEARTLQDSWLQAQATLTEQEQELAALRAENQYSRRQEEAAVSQAEALQEALSKAQAALQEKEQSLLEQAELSHTLEASTAALQATLDTCQASARQLEEALRIREGEIQAQALQHHEVTQHLQQELCQKKEELRQLLEKAGARRSQENGIQEKQSLEQERQEETRRLLESLKELQLTVAQREEEILMLREASSPRHRALPAEKPALQPLPAQQELERLQTALRQTEAREIEWREKAQDLALSLAQSKASISSLQEITMFLQASVLERESEQQRLQEELVLSRQALEEQQSGGPHSTSRADQGPKVGQGSQSGEVETEPSPGVEEKERLTQRLERLQQAVAELEVDRSKLQCHNAQLRTALEQVERERRKLKRDSVRASRAGSLEARETMTSSPTQQDGRGSQRGSSDSVLVVELQREVALLRAQLALERKQRQDYIARSVQTSRELAGLHHSLSHSLLTVAQAPEATVLEAETRKLDESLNQSLTSPGPCLLHPSLDTTQNTHR,0.939,
chr4,63398046,C,A,PASS,55,60.0,10.31,41,"2,2","39,40","0,0","0,0",12,"2,2","10,11","0,0","0,0",chr4,.,C,A,.,PASS,DP=55;MQ=60.00;MQ0=0;NT=ref;QSS=46;QSS_NT=46;ReadPosRankSum=0.64;SGT=CC->AC;SNVSB=0.00;SOMATIC;SomaticEVS=10.31;TQSS=2;TQSS_NT=2;CSQ=A|missense_variant|MODERATE|Akna|ENSMUSG00000039158|Transcript|ENSMUST00000035724.4|protein_coding|2/22||ENSMUST00000035724.4:c.79G>T|ENSMUSP00000041614.4:p.Ala27Ser|330|79|27|A/S|Gct/Tct|||-1||MGI||5|||MASSGAKAQWVGPSLGQGPRRRRWAWAEEQDTDGRRDQGWGNSQSLPEAPSPELLEDFRRAQEHLPPLEWDPDMQDSEESSGEETEADDASSPEGSTVPLPWLSRSNQQLDMSEEELDEASGRPEVDLAGESCTELECEDQGDSSPPPPGQGPAKGWVTFIKQGSNYRPSEHLEAQPSVEHSRTKSWSSGTVSLRQPSDSLGSTWEGDTEVPQPSILPKALPQSPCHNFPHPGDRNGGDVAPATPTEFRDSLAAPAQNAECSAGTWGEETTSLPSSRPEDQTWKRTKTSPKPLPSRFTGSVSPLSTRLGAIKKVVPQHKQGATLAGHSSSQAPKYGRGRRLNYPLPDFSKVGPRVRFPKDENYRPPKSRGHNRQQGSTRPLIFKSPAEIVRDVLLSSGEASLAKESSLAHTITRVPQEFQTPEQATELVHQLQEDYHKLLTKYAEAENTIDQLRLGAKVHLYSDPPQPSQSFCSGSMPQGSKVLSFSIPQPRVAEWWPDPAQDPQASEATGWPFPRTDLSPSSSPGVATPGRLPQSQGIATDQPSTGQTQALTSQASRLLAKVQSFEELVLAGHLPPQDQIKSLEQLRAAHMALEAEYLQACREELLDPQLDASQGSPRTLNLCRELEAEIYHLGQRLEELQDHMDQTQRETEPCRPDLQDSTPTMSFLPQSAHLSMPSGPVSLPDGQTYQEPATTTTTSPGSSCTLPINKKLSLSIKTEESPRGLPVPLRDRTLQVEQDFHGLLERYLSVKSLPEALRDEDEDDLEEEEEEQDHQGPLEVDSPATAPGKTEAVRVPPGERPTQAEESHRDATQEDEEQMGPMKSPDFRPSMARDTYTPVLDTAEVAQRGTKAMVSHQSSLTSLEESRPSELLPRKALLRAGGPHTEEPWMVSPETDSGFVGSETSIVSPFTQTPEHRLSHVSTSGPSAQHLTASVPGDRTSHPKARGLMVPRRATETGIPRSRTQQHFSSLSSPGRGAQSCHLEETSVAKIAVPRSEFKRQKQISKQLLPSGRTSPDSAPAPTAASTPHGSAESTANLLLNRTERDQAIKDLQAEVSRLRLQLEDSLHRPHPDGPACVASAFNHSTQTQEKLGSSPSWGPHYGSKSTERLSREPNGVEPAEPMGRRRARSSSVPRDVPRLYLSSESESPAPRLSSEKSRTFEEHPEAAQWGTRPQSSSKRRERVSFRGQYTGQEYHILSPKAILKDSGTPSCPHCHPIRTQDTGSAVSRDTTRGSSAADTLRCALCGEVKSSAEADGSSSGPSEKNTPKKPSTPILKRKNRQTGSPVRMAPGLWYLAAAPPAPAPPALAYISSAPIMPYLPPTVYYAAPAPTSAQTASPQPARGPRRTRHSVQLGLNDLEELQAALREAAQAAENVRSTTRQLSRSLSADLRHARSLRGSCLF|0.706|,AU:CU:DP:FDP:GU:SDP:SUBDP:TU,"2,2:39,40:41:0:0,0:0:0:0,0","2,2:10,11:12:0:0,0:0:0:0,0",55,60.0,0,ref,46,46,0.64,CC->AC,0.0,True,10.31,2,2,A,missense_variant,MODERATE,Akna,ENSMUSG00000039158,Transcript,ENSMUST00000035724.4,protein_coding,2/22,,ENSMUST00000035724.4:c.79G>T,ENSMUSP00000041614.4:p.Ala27Ser,330.0,79.0,27.0,A/S,Gct/Tct,,,-1,,MGI,,5.0,,,MASSGAKAQWVGPSLGQGPRRRRWAWAEEQDTDGRRDQGWGNSQSLPEAPSPELLEDFRRAQEHLPPLEWDPDMQDSEESSGEETEADDASSPEGSTVPLPWLSRSNQQLDMSEEELDEASGRPEVDLAGESCTELECEDQGDSSPPPPGQGPAKGWVTFIKQGSNYRPSEHLEAQPSVEHSRTKSWSSGTVSLRQPSDSLGSTWEGDTEVPQPSILPKALPQSPCHNFPHPGDRNGGDVAPATPTEFRDSLAAPAQNAECSAGTWGEETTSLPSSRPEDQTWKRTKTSPKPLPSRFTGSVSPLSTRLGAIKKVVPQHKQGATLAGHSSSQAPKYGRGRRLNYPLPDFSKVGPRVRFPKDENYRPPKSRGHNRQQGSTRPLIFKSPAEIVRDVLLSSGEASLAKESSLAHTITRVPQEFQTPEQATELVHQLQEDYHKLLTKYAEAENTIDQLRLGAKVHLYSDPPQPSQSFCSGSMPQGSKVLSFSIPQPRVAEWWPDPAQDPQASEATGWPFPRTDLSPSSSPGVATPGRLPQSQGIATDQPSTGQTQALTSQASRLLAKVQSFEELVLAGHLPPQDQIKSLEQLRAAHMALEAEYLQACREELLDPQLDASQGSPRTLNLCRELEAEIYHLGQRLEELQDHMDQTQRETEPCRPDLQDSTPTMSFLPQSAHLSMPSGPVSLPDGQTYQEPATTTTTSPGSSCTLPINKKLSLSIKTEESPRGLPVPLRDRTLQVEQDFHGLLERYLSVKSLPEALRDEDEDDLEEEEEEQDHQGPLEVDSPATAPGKTEAVRVPPGERPTQAEESHRDATQEDEEQMGPMKSPDFRPSMARDTYTPVLDTAEVAQRGTKAMVSHQSSLTSLEESRPSELLPRKALLRAGGPHTEEPWMVSPETDSGFVGSETSIVSPFTQTPEHRLSHVSTSGPSAQHLTASVPGDRTSHPKARGLMVPRRATETGIPRSRTQQHFSSLSSPGRGAQSCHLEETSVAKIAVPRSEFKRQKQISKQLLPSGRTSPDSAPAPTAASTPHGSAESTANLLLNRTERDQAIKDLQAEVSRLRLQLEDSLHRPHPDGPACVASAFNHSTQTQEKLGSSPSWGPHYGSKSTERLSREPNGVEPAEPMGRRRARSSSVPRDVPRLYLSSESESPAPRLSSEKSRTFEEHPEAAQWGTRPQSSSKRRERVSFRGQYTGQEYHILSPKAILKDSGTPSCPHCHPIRTQDTGSAVSRDTTRGSSAADTLRCALCGEVKSSAEADGSSSGPSEKNTPKKPSTPILKRKNRQTGSPVRMAPGLWYLAAAPPAPAPPALAYISSAPIMPYLPPTVYYAAPAPTSAQTASPQPARGPRRTRHSVQLGLNDLEELQAALREAAQAAENVRSTTRQLSRSLSADLRHARSLRGSCLF,0.706,
chr4,133848025,T,C,PASS,48,60.0,8.31,35,"0,0","2,2","0,0","33,33",13,"0,0","2,2","0,0","11,11",chr4,.,T,C,.,PASS,DP=48;MQ=60.00;MQ0=0;NT=ref;QSS=45;QSS_NT=45;ReadPosRankSum=0.59;SGT=TT->CT;SNVSB=0.00;SOMATIC;SomaticEVS=8.31;TQSS=1;TQSS_NT=1;CSQ=C|3_prime_UTR_variant|MODIFIER|Rps6ka1|ENSMUSG00000003644|Transcript|ENSMUST00000105894.10|protein_coding|22/22||ENSMUST00000105894.10:c.*27A>G||2400|||||||-1||MGI||1|||MPLAQLKEPWPLMELVPLDPENGQTSGEEAGLQPSKDEAILKEISITHHVKAGSEKADPSQFELLKVLGQGSFGKVFLVRKVTRPDSGHLYAMKVLKKATLKVRDRVRTKMERDILADVNHPFVVKLHYAFQTEGKLYLILDFLRGGDLFTRLSKEVMFTEEDVKFYLAELALGLDHLHSLGIIYRDLKPENILLDEEGHIKLTDFGLSKEAIDHEKKAYSFCGTVEYMAPEVVNRQGHTHSADWWSYGVLMFEMLTGSLPFQGKDRKETMTLILKAKLGMPQFLSTEAQSLLRALFKRNPANRLGSGPDGAEEIKRHIFYSTIDWNKLYRREIKPPFKPAVAQPDDTFYFDTEFTSRTPRDSPGIPPSAGAHQLFRGFSFVATGLMEDDGKPRTTQAPLHSVVQQLHGKNLVFSDGYVVKETIGVGSYSVCKRCVHKATNMEYAVKVIDKSKRDPSEEIEILLRYGQHPNIITLKDVYDDGKHVYLVTELMRGGELLDKILRQKFFSEREASFVLHTISKTVEYLHSQGVVHRDLKPSNILYVDESGNPECLRICDFGFAKQLRAENGLLMTPCYTANFVAPEVLKRQGYDEGCDIWSLGILLYTMLAGYTPFANGPSDTPEEILTRIGSGKFTLSGGNWNTVSETAKDLVSKMLHVDPHQRLTAKQVLQHPWITQKDKLPQSQLSHQDLQLVKGAMAATYSALNSSKPTPQLKPIESSILAQRRVRKLPSTTL||,AU:CU:DP:FDP:GU:SDP:SUBDP:TU,"0,0:2,2:35:0:0,0:0:0:33,33","0,0:2,2:13:0:0,0:0:0:11,11",48,60.0,0,ref,45,45,0.59,TT->CT,0.0,True,8.31,1,1,C,3_prime_UTR_variant,MODIFIER,Rps6ka1,ENSMUSG00000003644,Transcript,ENSMUST00000105894.10,protein_coding,22/22,,ENSMUST00000105894.10:c.*27A>G,,2400.0,,,,,,,-1,,MGI,,1.0,,,MPLAQLKEPWPLMELVPLDPENGQTSGEEAGLQPSKDEAILKEISITHHVKAGSEKADPSQFELLKVLGQGSFGKVFLVRKVTRPDSGHLYAMKVLKKATLKVRDRVRTKMERDILADVNHPFVVKLHYAFQTEGKLYLILDFLRGGDLFTRLSKEVMFTEEDVKFYLAELALGLDHLHSLGIIYRDLKPENILLDEEGHIKLTDFGLSKEAIDHEKKAYSFCGTVEYMAPEVVNRQGHTHSADWWSYGVLMFEMLTGSLPFQGKDRKETMTLILKAKLGMPQFLSTEAQSLLRALFKRNPANRLGSGPDGAEEIKRHIFYSTIDWNKLYRREIKPPFKPAVAQPDDTFYFDTEFTSRTPRDSPGIPPSAGAHQLFRGFSFVATGLMEDDGKPRTTQAPLHSVVQQLHGKNLVFSDGYVVKETIGVGSYSVCKRCVHKATNMEYAVKVIDKSKRDPSEEIEILLRYGQHPNIITLKDVYDDGKHVYLVTELMRGGELLDKILRQKFFSEREASFVLHTISKTVEYLHSQGVVHRDLKPSNILYVDESGNPECLRICDFGFAKQLRAENGLLMTPCYTANFVAPEVLKRQGYDEGCDIWSLGILLYTMLAGYTPFANGPSDTPEEILTRIGSGKFTLSGGNWNTVSETAKDLVSKMLHVDPHQRLTAKQVLQHPWITQKDKLPQSQLSHQDLQLVKGAMAATYSALNSSKPTPQLKPIESSILAQRRVRKLPSTTL,,
chr4,153974936,G,A,PASS,58,60.0,9.07,44,"2,2","0,0","42,42","0,0",14,"2,2","0,0","12,12","0,0",chr4,.,G,A,.,PASS,DP=58;MQ=60.00;MQ0=0;NT=ref;QSS=44;QSS_NT=44;ReadPosRankSum=-0.18;SGT=GG->AG;SNVSB=0.00;SOMATIC;SomaticEVS=9.07;TQSS=1;TQSS_NT=1;CSQ=A|synonymous_variant|LOW|Dffb|ENSMUSG00000029027|Transcript|ENSMUST00000030893.2|protein_coding|1/7||ENSMUST00000030893.2:c.54C>T|ENSMUSP00000030893.2:p.Ser18%3D|191|54|18|S|agC/agT|||-1||MGI||1|||MCAVLRQPKCVKLRALHSACKFGVAARSCQELLRKGCVRFQLPMPGSRLCLYEDGTEVTDDCFPGLPNDAELLLLTAGETWHGYVSDITRFLSVFNEPHAGVIQAARQLLSDEQAPLRQKLLADLLHHVSQNITAETREQDPSWFEGLESRFRNKSGYLRYSCESRIRGYLREVSAYTSMVDEAAQEEYLRVLGSMCQKLKSVQYNGSYFDRGAEASSRLCTPEGWFSCQGPFDLESCLSKHSINPYGNRESRILFSTWNLDHIIEKKRTVVPTLAEAIQDGREVNWEYFYSLLFTAENLKLVHIACHKKTTHKLECDRSRIYRPQTGSRRKQPARKKRPARKR|0.718|,AU:CU:DP:FDP:GU:SDP:SUBDP:TU,"2,2:0,0:44:0:42,42:0:0:0,0","2,2:0,0:14:0:12,12:0:0:0,0",58,60.0,0,ref,44,44,-0.18,GG->AG,0.0,True,9.07,1,1,A,synonymous_variant,LOW,Dffb,ENSMUSG00000029027,Transcript,ENSMUST00000030893.2,protein_coding,1/7,,ENSMUST00000030893.2:c.54C>T,ENSMUSP00000030893.2:p.Ser18%3D,191.0,54.0,18.0,S,agC/agT,,,-1,,MGI,,1.0,,,MCAVLRQPKCVKLRALHSACKFGVAARSCQELLRKGCVRFQLPMPGSRLCLYEDGTEVTDDCFPGLPNDAELLLLTAGETWHGYVSDITRFLSVFNEPHAGVIQAARQLLSDEQAPLRQKLLADLLHHVSQNITAETREQDPSWFEGLESRFRNKSGYLRYSCESRIRGYLREVSAYTSMVDEAAQEEYLRVLGSMCQKLKSVQYNGSYFDRGAEASSRLCTPEGWFSCQGPFDLESCLSKHSINPYGNRESRILFSTWNLDHIIEKKRTVVPTLAEAIQDGREVNWEYFYSLLFTAENLKLVHIACHKKTTHKLECDRSRIYRPQTGSRRKQPARKKRPARKR,0.718,
chr5,109557044,G,A,PASS,44,60.0,8.31,32,"2,2","0,0","30,30","0,0",12,"2,2","0,0","10,10","0,0",chr5,.,G,A,.,PASS,DP=44;MQ=60.00;MQ0=0;NT=ref;QSS=45;QSS_NT=45;ReadPosRankSum=-0.75;SGT=GG->AG;SNVSB=0.00;SOMATIC;SomaticEVS=8.31;TQSS=1;TQSS_NT=1;CSQ=A|synonymous_variant|LOW|Crlf2|ENSMUSG00000033467|Transcript|ENSMUST00000044579.11|protein_coding|3/8||ENSMUST00000044579.11:c.300C>T|ENSMUSP00000036326.7:p.Gly100%3D|410|300|100|G|ggC/ggT|||-1||MGI||1|||MAWALAVILLPRLLAAAAAAAAVTSRGDVTVVCHDLETVEVTWGSGPDHHGANLSLEFRYGTGALQPCPRYFLSGAGVTSGCILPAARAGLLELALRDGGGAMVFKARQRASAWLKPRPPWNVTLLWTPDGDVTVSWPAHSYLGLDYEVQHRESNDDEDAWQTTSGPCCDLTVGGLDPVRCYDFRVRASPRAAHYGLEAQPSEWTAVTRLSGAASAASCTASPAPSPALAPPLLPLGCGLAALLTLSLLLAALRLRRVKDALLPCVPDPSGSFPGLFEKHHGNFQAWIADAQATAPPARTEEEDDLIHTKAKRVEPEDGTSLCTVPRPPSFEPRGPGGGAMVSVGGATFMVGDSGYMTL||,AU:CU:DP:FDP:GU:SDP:SUBDP:TU,"2,2:0,0:32:0:30,30:0:0:0,0","2,2:0,0:12:0:10,10:0:0:0,0",44,60.0,0,ref,45,45,-0.75,GG->AG,0.0,True,8.31,1,1,A,synonymous_variant,LOW,Crlf2,ENSMUSG00000033467,Transcript,ENSMUST00000044579.11,protein_coding,3/8,,ENSMUST00000044579.11:c.300C>T,ENSMUSP00000036326.7:p.Gly100%3D,410.0,300.0,100.0,G,ggC/ggT,,,-1,,MGI,,1.0,,,MAWALAVILLPRLLAAAAAAAAVTSRGDVTVVCHDLETVEVTWGSGPDHHGANLSLEFRYGTGALQPCPRYFLSGAGVTSGCILPAARAGLLELALRDGGGAMVFKARQRASAWLKPRPPWNVTLLWTPDGDVTVSWPAHSYLGLDYEVQHRESNDDEDAWQTTSGPCCDLTVGGLDPVRCYDFRVRASPRAAHYGLEAQPSEWTAVTRLSGAASAASCTASPAPSPALAPPLLPLGCGLAALLTLSLLLAALRLRRVKDALLPCVPDPSGSFPGLFEKHHGNFQAWIADAQATAPPARTEEEDDLIHTKAKRVEPEDGTSLCTVPRPPSFEPRGPGGGAMVSVGGATFMVGDSGYMTL,,
chr5,124637642,C,T,PASS,51,60.0,10.8,40,"0,0","38,38","0,0","2,2",11,"0,0","9,9","0,0","2,2",chr5,.,C,T,.,PASS,DP=51;MQ=60.00;MQ0=0;NT=ref;QSS=50;QSS_NT=50;ReadPosRankSum=0.24;SGT=CC->CT;SNVSB=0.00;SOMATIC;SomaticEVS=10.80;TQSS=1;TQSS_NT=1;CSQ=T|intron_variant|MODIFIER|Atp6v0a2|ENSMUSG00000038023|Transcript|ENSMUST00000037865.12|protein_coding||4/19|ENSMUST00000037865.12:c.432+19C>T|||||||||1||MGI||1|||MGSLFRSESMCLAQLFLQSGTAYECLSALGEKGLVQFRDLNQNVSSFQRKFVGEVKRCEELERILVYLVQEITRADIPLPEGEASPPAPPLKHVLEMQEQLQKLEVELREVTKNKEKLRKNLLELVEYTHMLRVTKTFLKRNVEFEPTYEEFPALENDSLLDYSCMQRLGAKLGFVSGLIQQGRVEAFERMLWRACKGYTIVTYAELDECLEDPETGEVIKWYVFLISFWGEQIGHKVKKICDCYHCHIYPYPNTAEERREIQEGLNTRIQDLYTVLHKTEDYLRQVLCKAAESVCSRVVQVRKMKAIYHMLNMCSFDVTNKCLIAEVWCPEVDLPGLRRALEEGSRESGATIPSFMNTIPTKETPPTLIRTNKFTEGFQNIVDAYGVGSYREVNPALFTIITFPFLFAVMFGDFGHGFVMFLFALLLVLNENHPRLSQSQEILRMFFDGRYILLLMGLFSVYTGLIYNDCFSKSVNLFGSGWNVSAMYSSSHSPEEQRKMVLWNDSTIRHSRTLQLDPNIPGVFRGPYPFGIDPIWNLATNRLTFLNSFKMKMSVILGIFHMTFGVVLGIFNHLHFRKKFNVYLVSVPEILFMLCIFGYLIFMIIYKWLAYSAETSREAPSILIEFINMFLFPTSKTHGLYPGQAHVQRVLVALTVLAVPVLFLGKPLFLLWLHNGRNCFGMSRSGYTLVRKDSEEEVSLLGNQDIEEGNSRMEEGCREVTCEEFNFGEILMTQAIHSIEYCLGCISNTASYLRLWALSLAHAQLSDVLWAMLMRVGLRVDTTYGVLLLLPVMAFFAVLTIFILLVMEGLSAFLHAIRLHWVEFQNKFYVGAGTKFVPFSFSLLSSKFSNDDSIA|0.161|,AU:CU:DP:FDP:GU:SDP:SUBDP:TU,"0,0:38,38:40:0:0,0:0:0:2,2","0,0:9,9:11:0:0,0:0:0:2,2",51,60.0,0,ref,50,50,0.24,CC->CT,0.0,True,10.8,1,1,T,intron_variant,MODIFIER,Atp6v0a2,ENSMUSG00000038023,Transcript,ENSMUST00000037865.12,protein_coding,,4/19,ENSMUST00000037865.12:c.432+19C>T,,,,,,,,,1,,MGI,,1.0,,,MGSLFRSESMCLAQLFLQSGTAYECLSALGEKGLVQFRDLNQNVSSFQRKFVGEVKRCEELERILVYLVQEITRADIPLPEGEASPPAPPLKHVLEMQEQLQKLEVELREVTKNKEKLRKNLLELVEYTHMLRVTKTFLKRNVEFEPTYEEFPALENDSLLDYSCMQRLGAKLGFVSGLIQQGRVEAFERMLWRACKGYTIVTYAELDECLEDPETGEVIKWYVFLISFWGEQIGHKVKKICDCYHCHIYPYPNTAEERREIQEGLNTRIQDLYTVLHKTEDYLRQVLCKAAESVCSRVVQVRKMKAIYHMLNMCSFDVTNKCLIAEVWCPEVDLPGLRRALEEGSRESGATIPSFMNTIPTKETPPTLIRTNKFTEGFQNIVDAYGVGSYREVNPALFTIITFPFLFAVMFGDFGHGFVMFLFALLLVLNENHPRLSQSQEILRMFFDGRYILLLMGLFSVYTGLIYNDCFSKSVNLFGSGWNVSAMYSSSHSPEEQRKMVLWNDSTIRHSRTLQLDPNIPGVFRGPYPFGIDPIWNLATNRLTFLNSFKMKMSVILGIFHMTFGVVLGIFNHLHFRKKFNVYLVSVPEILFMLCIFGYLIFMIIYKWLAYSAETSREAPSILIEFINMFLFPTSKTHGLYPGQAHVQRVLVALTVLAVPVLFLGKPLFLLWLHNGRNCFGMSRSGYTLVRKDSEEEVSLLGNQDIEEGNSRMEEGCREVTCEEFNFGEILMTQAIHSIEYCLGCISNTASYLRLWALSLAHAQLSDVLWAMLMRVGLRVDTTYGVLLLLPVMAFFAVLTIFILLVMEGLSAFLHAIRLHWVEFQNKFYVGAGTKFVPFSFSLLSSKFSNDDSIA,0.161,
chr5,142888817,C,A,PASS,41,60.0,8.84,31,"2,2","29,29","0,0","0,0",10,"2,2","8,8","0,0","0,0",chr5,.,C,A,.,PASS,DP=41;MQ=60.00;MQ0=0;NT=ref;QSS=44;QSS_NT=44;ReadPosRankSum=-0.78;SGT=CC->AC;SNVSB=0.00;SOMATIC;SomaticEVS=8.84;TQSS=1;TQSS_NT=1;CSQ=A|missense_variant|MODERATE|Fbxl18|ENSMUSG00000066640|Transcript|ENSMUST00000035985.7|protein_coding|2/5||ENSMUST00000035985.7:c.56G>T|ENSMUSP00000041700.7:p.Gly19Val|188|56|19|G/V|gGc/gTc|||-1||MGI||1|||MSSEEEAAAEAAGDTHLLGFSDEILLHILSHVPSTDLVLSVRRTCRKLAALCLDKSLVHTVLLQKDYQASEEKVKQLVKEIGREIQQLNMAGCYWLSGSTIEHVARCHSLVKVNLSGCHLTSLRLSKVLSALQHLRSLAIDVSPGFDASQLSSECKATLSRVQELKQTLFTPSYGVVPCCASLQKLLLYFEILDRTREGAVLSGQLMVGQSNVPHYQNLRVFYARLAPGYINQEVVRLYLAVLSDRTPENLHAFLISVPGSFAESGATKNLLDSMARNVALDALQLPKSWLNGSTLLQHMKFNNPFYFSFSRCTLSGGHLIQRLINGGKDLRSLASLNLSGCVHCLSADSLLRKAEDDIDSSILETLVESCCNLHHLNLSAAHHHSSDGLGRHLCQLLARLCHLRSLSLPVCSVADSAPRPDRAPAPPAMHAVPRGFGKKVRIGVQTCPNPFVGQSAPQPASVFWSLLKKLPFLEHLELIGSNFSSAMPRNEPAIRNSLPPCSRAQNVGDSEVAAIGQLTFLRHLTLAQLPGMLTGSGLVSIGLQCQHLQSLSLANLGMMGKVVYMPALADMLKHCKRLKDLRLEQPYFNANAQFFQALGQCSSLQRLCLVSRSGTLQPDAVLAFMARCLQVVMCHMFTGESLTTCKSLQQSLLRSFQAERPALNVVIFPLLHEGLTDVIRDVPMLHLDEITLFKSRVAEEPPNLWW|0.56|,AU:CU:DP:FDP:GU:SDP:SUBDP:TU,"2,2:29,29:31:0:0,0:0:0:0,0","2,2:8,8:10:0:0,0:0:0:0,0",41,60.0,0,ref,44,44,-0.78,CC->AC,0.0,True,8.84,1,1,A,missense_variant,MODERATE,Fbxl18,ENSMUSG00000066640,Transcript,ENSMUST00000035985.7,protein_coding,2/5,,ENSMUST00000035985.7:c.56G>T,ENSMUSP00000041700.7:p.Gly19Val,188.0,56.0,19.0,G/V,gGc/gTc,,,-1,,MGI,,1.0,,,MSSEEEAAAEAAGDTHLLGFSDEILLHILSHVPSTDLVLSVRRTCRKLAALCLDKSLVHTVLLQKDYQASEEKVKQLVKEIGREIQQLNMAGCYWLSGSTIEHVARCHSLVKVNLSGCHLTSLRLSKVLSALQHLRSLAIDVSPGFDASQLSSECKATLSRVQELKQTLFTPSYGVVPCCASLQKLLLYFEILDRTREGAVLSGQLMVGQSNVPHYQNLRVFYARLAPGYINQEVVRLYLAVLSDRTPENLHAFLISVPGSFAESGATKNLLDSMARNVALDALQLPKSWLNGSTLLQHMKFNNPFYFSFSRCTLSGGHLIQRLINGGKDLRSLASLNLSGCVHCLSADSLLRKAEDDIDSSILETLVESCCNLHHLNLSAAHHHSSDGLGRHLCQLLARLCHLRSLSLPVCSVADSAPRPDRAPAPPAMHAVPRGFGKKVRIGVQTCPNPFVGQSAPQPASVFWSLLKKLPFLEHLELIGSNFSSAMPRNEPAIRNSLPPCSRAQNVGDSEVAAIGQLTFLRHLTLAQLPGMLTGSGLVSIGLQCQHLQSLSLANLGMMGKVVYMPALADMLKHCKRLKDLRLEQPYFNANAQFFQALGQCSSLQRLCLVSRSGTLQPDAVLAFMARCLQVVMCHMFTGESLTTCKSLQQSLLRSFQAERPALNVVIFPLLHEGLTDVIRDVPMLHLDEITLFKSRVAEEPPNLWW,0.56,
chr6,36994932,C,A,PASS,64,60.0,7.33,48,"2,2","46,46","0,0","0,0",16,"2,2","14,14","0,0","0,0",chr6,.,C,A,.,PASS,DP=64;MQ=60.00;MQ0=0;NT=ref;QSS=40;QSS_NT=40;ReadPosRankSum=-0.48;SGT=CC->AC;SNVSB=0.00;SOMATIC;SomaticEVS=7.33;TQSS=1;TQSS_NT=1;CSQ=A|intron_variant|MODIFIER|Dgki|ENSMUSG00000038665|Transcript|ENSMUST00000101532.9|protein_coding||20/33|ENSMUST00000101532.9:c.2133-11G>T|||||||||-1||MGI||1|||MDAAGRGCHLLPLPAARGPARAPAASSALSPTGLCSGTTSASFAAAGAVAMNPSSSAGEERGATGGSSSSGSGAGSCCLGAEGGADPRGAGAAAAAALEEPAAAGQKEKEEALEEKLRDLTFRKQVSYRKAISRTGLQHLAPAHPLGLPVANGPAKEPRATLDWSENAVNGEHLWLETNVSGDLCYLGEENCQVRFAKSALRRKCAVCKIVVHTACIEQLEKINFRCKPTFREGGSRSPRENFVRHHWVHRRRQEGKCKQCGKGFQQKFSFHSKEIVAISCSWCKQAFHNKVTCFMLHHIEEPCSLGAHAAVIVPPTWIIKVKKPQNSLKASNRKKKRTSFKRKASKRGTEQETKGRPFVIKPISSPLMKPLLVFVNPKSGGNQGTKVLQMFMWYLNPRQVFDLSQEGPKDALEMYRKVPNLRILACGGDGTVGWILSILDELQLSPQPPVGVLPLGTGNDLARTLNWGGGYTDEPVSKILCQVEDGTIVQLDRWNLHVERNPDLPPEELEDGVCKLPLNVFNNYFSLGFDAHVTLEFHESREANPEKFNSRFRNKMFYAGAAFSDFLQRSSRDLSKHVKVVCDGTDLTPKIQDLKFQCIVFLNIPRYCAGTMPWGNPGDHHDFEPQRHDDGYIEVIGFTMASLAALQVGGHGERLHQCREVMLLTYKSIPMQVDGEPCRLAPAMIRISLRNQANMVQKSKRRTSMPLLNDIHQVQAADLRRVSAPPGSFTIPQSVPDRLRIRVNKISLQDYEGLHYDKDKLREASIPLGILVVRGDCDLETCRMYIDRLQEDLQSVSSGSQRVHYQDQETSFPRALSAQRLSPRWCFLDATSADRFYRIDRSQEHLHFVMEISHDEIFILDPDMVVSQQAGTPPGMPDLVVEQASGLSDWWNPALRKRMLSDSGMITPHYEDSDLKDFSHSRVLQSPVSSEDHAILQAVLTGDLMKLMESYKNGGSLLIQGPGHCSLLHYAAKTGNGDIVKYILDHGPAELLDMADSETGETALHKAACQRNRAVCQLLVDAGASLRQTDSKGKTPQERAQQAGDPDLAAYLESRQNYKIIGHEDLETAV|0.327|,AU:CU:DP:FDP:GU:SDP:SUBDP:TU,"2,2:46,46:48:0:0,0:0:0:0,0","2,2:14,14:16:0:0,0:0:0:0,0",64,60.0,0,ref,40,40,-0.48,CC->AC,0.0,True,7.33,1,1,A,intron_variant,MODIFIER,Dgki,ENSMUSG00000038665,Transcript,ENSMUST00000101532.9,protein_coding,,20/33,ENSMUST00000101532.9:c.2133-11G>T,,,,,,,,,-1,,MGI,,1.0,,,MDAAGRGCHLLPLPAARGPARAPAASSALSPTGLCSGTTSASFAAAGAVAMNPSSSAGEERGATGGSSSSGSGAGSCCLGAEGGADPRGAGAAAAAALEEPAAAGQKEKEEALEEKLRDLTFRKQVSYRKAISRTGLQHLAPAHPLGLPVANGPAKEPRATLDWSENAVNGEHLWLETNVSGDLCYLGEENCQVRFAKSALRRKCAVCKIVVHTACIEQLEKINFRCKPTFREGGSRSPRENFVRHHWVHRRRQEGKCKQCGKGFQQKFSFHSKEIVAISCSWCKQAFHNKVTCFMLHHIEEPCSLGAHAAVIVPPTWIIKVKKPQNSLKASNRKKKRTSFKRKASKRGTEQETKGRPFVIKPISSPLMKPLLVFVNPKSGGNQGTKVLQMFMWYLNPRQVFDLSQEGPKDALEMYRKVPNLRILACGGDGTVGWILSILDELQLSPQPPVGVLPLGTGNDLARTLNWGGGYTDEPVSKILCQVEDGTIVQLDRWNLHVERNPDLPPEELEDGVCKLPLNVFNNYFSLGFDAHVTLEFHESREANPEKFNSRFRNKMFYAGAAFSDFLQRSSRDLSKHVKVVCDGTDLTPKIQDLKFQCIVFLNIPRYCAGTMPWGNPGDHHDFEPQRHDDGYIEVIGFTMASLAALQVGGHGERLHQCREVMLLTYKSIPMQVDGEPCRLAPAMIRISLRNQANMVQKSKRRTSMPLLNDIHQVQAADLRRVSAPPGSFTIPQSVPDRLRIRVNKISLQDYEGLHYDKDKLREASIPLGILVVRGDCDLETCRMYIDRLQEDLQSVSSGSQRVHYQDQETSFPRALSAQRLSPRWCFLDATSADRFYRIDRSQEHLHFVMEISHDEIFILDPDMVVSQQAGTPPGMPDLVVEQASGLSDWWNPALRKRMLSDSGMITPHYEDSDLKDFSHSRVLQSPVSSEDHAILQAVLTGDLMKLMESYKNGGSLLIQGPGHCSLLHYAAKTGNGDIVKYILDHGPAELLDMADSETGETALHKAACQRNRAVCQLLVDAGASLRQTDSKGKTPQERAQQAGDPDLAAYLESRQNYKIIGHEDLETAV,0.327,
chr6,50320015,A,G,PASS,58,60.0,10.58,45,"43,43","0,0","2,2","0,0",12,"10,11","0,0","2,2","0,0",chr6,.,A,G,.,PASS,DP=58;MQ=60.00;MQ0=0;NT=ref;QSS=46;QSS_NT=46;ReadPosRankSum=0.43;SGT=AA->AG;SNVSB=0.00;SOMATIC;SomaticEVS=10.58;TQSS=2;TQSS_NT=2;CSQ=G|intron_variant|MODIFIER|Osbpl3|ENSMUSG00000029822|Transcript|ENSMUST00000090019.9|protein_coding||15/21|ENSMUST00000090019.9:c.1881+22T>C|||||||||-1||MGI||5|||MSDEKNLGVSQKLVSPSRSTSSCSSKQGSRQDSWEVVEGLRGEMTYTQEPPVQKGFLLKKRKWPLKGWHKRFFCLEKGILKYAKSQADIEREKLHGCIDVGLSVMSVKKSSKCIDLDTEEHIYHLKVKSEELFDEWVSKLRHHRMYRQNEIAMFPRDVNHFFSGSSVTDSAPGVFESVSSRKRSSLSKQNSFPPGSNLSFSCGGDTRVPFWLQSSEDMEKCSKDMAHCHAYLLEMSQLLESMDVLHRTYSAPAINAIQGGAFESPKKEKRPHRRWRSRAIGKDAKGTLQVPKPFSGPVRLHSSNPNLSTLDFGEEKSYSDGSEASSEFSKMQEDLCHVAHKVYFALRSAFNSISVEREKLKQLMELDTSPSPSAQVVGLKHALSSALAQNTDLKERLRRIHAESLLLDPPAVPKPGDNLAEENSRDEGRALVHQLSNESRLSITDSLSEFFDAQEVLLSPSSSENEISDDDSYVSDISDNLSLDNLSNDLDNERQTLGPVLESSGEARSKRRTSLPAPGPNTSSVSLWSILRNNIGKDLSKVAMPVELNEPLNTLQRLCEELEYSELLDKASRIPSPLERMVYVAAFAISAYASSYFRAGSKPFNPVLGETYECIRQDKGFQFFAEQVSHHPPISACHAESGNFVFWQDVRWKNKFWGKSMEIVPIGTTHVTLPAFGDHFEWNKVTSCIHNILSGQRWIEHYGEIDIKNLNDDSCHCKVNFIKAKYWSTNAHEIEGTVFDRSGKAVHRLFGKWHESIYCGGASSSTCVWRANPMPKGYEQYYGFTQFALELNEMDPLSRSLLPPTDTRFRPDQRLLEEGNIEEAEVQKQRIEKLQRERRRVLEENGVEHQPRFFRKSSDDAWVSNGTYLELRKDLGFSKLDHPVLW|0.75|,AU:CU:DP:FDP:GU:SDP:SUBDP:TU,"43,43:0,0:45:0:2,2:0:0:0,0","10,11:0,0:12:0:2,2:0:0:0,0",58,60.0,0,ref,46,46,0.43,AA->AG,0.0,True,10.58,2,2,G,intron_variant,MODIFIER,Osbpl3,ENSMUSG00000029822,Transcript,ENSMUST00000090019.9,protein_coding,,15/21,ENSMUST00000090019.9:c.1881+22T>C,,,,,,,,,-1,,MGI,,5.0,,,MSDEKNLGVSQKLVSPSRSTSSCSSKQGSRQDSWEVVEGLRGEMTYTQEPPVQKGFLLKKRKWPLKGWHKRFFCLEKGILKYAKSQADIEREKLHGCIDVGLSVMSVKKSSKCIDLDTEEHIYHLKVKSEELFDEWVSKLRHHRMYRQNEIAMFPRDVNHFFSGSSVTDSAPGVFESVSSRKRSSLSKQNSFPPGSNLSFSCGGDTRVPFWLQSSEDMEKCSKDMAHCHAYLLEMSQLLESMDVLHRTYSAPAINAIQGGAFESPKKEKRPHRRWRSRAIGKDAKGTLQVPKPFSGPVRLHSSNPNLSTLDFGEEKSYSDGSEASSEFSKMQEDLCHVAHKVYFALRSAFNSISVEREKLKQLMELDTSPSPSAQVVGLKHALSSALAQNTDLKERLRRIHAESLLLDPPAVPKPGDNLAEENSRDEGRALVHQLSNESRLSITDSLSEFFDAQEVLLSPSSSENEISDDDSYVSDISDNLSLDNLSNDLDNERQTLGPVLESSGEARSKRRTSLPAPGPNTSSVSLWSILRNNIGKDLSKVAMPVELNEPLNTLQRLCEELEYSELLDKASRIPSPLERMVYVAAFAISAYASSYFRAGSKPFNPVLGETYECIRQDKGFQFFAEQVSHHPPISACHAESGNFVFWQDVRWKNKFWGKSMEIVPIGTTHVTLPAFGDHFEWNKVTSCIHNILSGQRWIEHYGEIDIKNLNDDSCHCKVNFIKAKYWSTNAHEIEGTVFDRSGKAVHRLFGKWHESIYCGGASSSTCVWRANPMPKGYEQYYGFTQFALELNEMDPLSRSLLPPTDTRFRPDQRLLEEGNIEEAEVQKQRIEKLQRERRRVLEENGVEHQPRFFRKSSDDAWVSNGTYLELRKDLGFSKLDHPVLW,0.75,
chr6,85374362,C,A,PASS,47,60.0,9.42,35,"2,2","33,33","0,0","0,0",12,"2,2","10,10","0,0","0,0",chr6,.,C,A,.,PASS,DP=47;MQ=60.00;MQ0=0;NT=ref;QSS=47;QSS_NT=47;ReadPosRankSum=-1.50;SGT=CC->AC;SNVSB=0.00;SOMATIC;SomaticEVS=9.42;TQSS=1;TQSS_NT=1;CSQ=A|missense_variant|MODERATE|Rab11fip5|ENSMUSG00000051343|Transcript|ENSMUST00000204087.1|protein_coding|1/6||ENSMUST00000204087.1:c.167G>T|ENSMUSP00000145402.1:p.Ser56Ile|273|167|56|S/I|aGc/aTc|||-1||MGI||1|||MALVRDPEPAAGSSRWLPTHVQVTVLRASGLRGKSSGAGSTSDAYTVIQVGREKYSTSVVEKTQGCPEWCEECSFELPPGALDGLLRAQEADAGPAPWASGPNAACELVLTTMHRSLIGVDKFLGRATVALDEVFRAGRAQHTQWYRLHSKPGKKEKERGEIQVTIQFTRNNLSASMFDLSMKDKPRSPFSKLKDRVKGKKKYDLESASAILPSSALEDPELGSLGKMGKAKGFFLRNKLRKSSLTQSNTSLGSDSTLSSTSGSLVYQGPGAELLTRSPSHSSWLSTEGGRDSIQSPKLLTHKRTYSDEASQLRAAPPRALLELQGHLDGASRSSLCVNGSHVYNEEPQPPLRHRSSISGPFPPSSSLHSVPPRSSEEGSRSSDDSWGRGSHGTSSSEAVPGQEELSKQAKGASCSGEEEGARLPEGKPVQVATPMVASSEAVAAEKDRKPRMGLFHHHHHQGLSRSEQGRRGSVGEKGSPSLGASPHHSSTGEEKAKSSWFGLRESKEPTQKPSLDVSPQVESDPAAPHPCSPQALAPPPAPAAAPMLSTNLFAVTSPAAATAAAATIVLEATPSGFLGVTNPFLNSLQSNPFFEDLKADIALNSPSPAPSLPSASRASLAPLASPGKALPEWDDTFNIFAAGRLQQEAGSGILAPAGMGLEEDGLQDPGPRTMAVKATEPQGEPGRGRRGSNIWLEPKVSVDSELDQPSTSMSDPGPFGSSGSGPSSRASQLHLQASASTPDRELPASEGGAGQSPADSGASLFSSPEVLSVWERFPGSDDTPGGRDEEAPQDGSQLFQELNTVEDSWPWDVITISPTAEVASPVMKGESDGVLSSQVQPESPDTVPPMGSEGLPALLEPEPEQGLDEGPWLGPPPPKPPRLFTPTNSQVEEEDKEEEENATGRQSSRGPGVEKDSTPRALAIGPQESKEEWVNPELEKLHRLPSGTLIGKPELEDPVGETSSPVFGDCPPRPTSCPEGPVPRPHNSISSTLLSQKVLGTSETEEGFETKSQELAKEGFGPLSVPSQQSSMRAKEEEEGEEEEEEGEEEEALETSNSFLCQESQDPPSFPSISPPGSRGSSIHSGPEELPTPPEPAFPPPPLPPWASHRHGVPGPPCPPLPIAWPLTSSSSPPEESASPLGPPELSPTGGSPTSYGEDHAAATPASPLVLLPLETRPAEEPQPSGSPHPVKPLTAAPVEASPDRKQPRTSLSTALSSGLERLKTVTSGGIQSVLPASQLGSSVDTKRPKDSAVLDQSAKYYHLTHDELIGLLLQRERELSQRDEHVQELESYIDRLLVRIMETSPTLLQISPGPPK|0.661|,AU:CU:DP:FDP:GU:SDP:SUBDP:TU,"2,2:33,33:35:0:0,0:0:0:0,0","2,2:10,10:12:0:0,0:0:0:0,0",47,60.0,0,ref,47,47,-1.5,CC->AC,0.0,True,9.42,1,1,A,missense_variant,MODERATE,Rab11fip5,ENSMUSG00000051343,Transcript,ENSMUST00000204087.1,protein_coding,1/6,,ENSMUST00000204087.1:c.167G>T,ENSMUSP00000145402.1:p.Ser56Ile,273.0,167.0,56.0,S/I,aGc/aTc,,,-1,,MGI,,1.0,,,MALVRDPEPAAGSSRWLPTHVQVTVLRASGLRGKSSGAGSTSDAYTVIQVGREKYSTSVVEKTQGCPEWCEECSFELPPGALDGLLRAQEADAGPAPWASGPNAACELVLTTMHRSLIGVDKFLGRATVALDEVFRAGRAQHTQWYRLHSKPGKKEKERGEIQVTIQFTRNNLSASMFDLSMKDKPRSPFSKLKDRVKGKKKYDLESASAILPSSALEDPELGSLGKMGKAKGFFLRNKLRKSSLTQSNTSLGSDSTLSSTSGSLVYQGPGAELLTRSPSHSSWLSTEGGRDSIQSPKLLTHKRTYSDEASQLRAAPPRALLELQGHLDGASRSSLCVNGSHVYNEEPQPPLRHRSSISGPFPPSSSLHSVPPRSSEEGSRSSDDSWGRGSHGTSSSEAVPGQEELSKQAKGASCSGEEEGARLPEGKPVQVATPMVASSEAVAAEKDRKPRMGLFHHHHHQGLSRSEQGRRGSVGEKGSPSLGASPHHSSTGEEKAKSSWFGLRESKEPTQKPSLDVSPQVESDPAAPHPCSPQALAPPPAPAAAPMLSTNLFAVTSPAAATAAAATIVLEATPSGFLGVTNPFLNSLQSNPFFEDLKADIALNSPSPAPSLPSASRASLAPLASPGKALPEWDDTFNIFAAGRLQQEAGSGILAPAGMGLEEDGLQDPGPRTMAVKATEPQGEPGRGRRGSNIWLEPKVSVDSELDQPSTSMSDPGPFGSSGSGPSSRASQLHLQASASTPDRELPASEGGAGQSPADSGASLFSSPEVLSVWERFPGSDDTPGGRDEEAPQDGSQLFQELNTVEDSWPWDVITISPTAEVASPVMKGESDGVLSSQVQPESPDTVPPMGSEGLPALLEPEPEQGLDEGPWLGPPPPKPPRLFTPTNSQVEEEDKEEEENATGRQSSRGPGVEKDSTPRALAIGPQESKEEWVNPELEKLHRLPSGTLIGKPELEDPVGETSSPVFGDCPPRPTSCPEGPVPRPHNSISSTLLSQKVLGTSETEEGFETKSQELAKEGFGPLSVPSQQSSMRAKEEEEGEEEEEEGEEEEALETSNSFLCQESQDPPSFPSISPPGSRGSSIHSGPEELPTPPEPAFPPPPLPPWASHRHGVPGPPCPPLPIAWPLTSSSSPPEESASPLGPPELSPTGGSPTSYGEDHAAATPASPLVLLPLETRPAEEPQPSGSPHPVKPLTAAPVEASPDRKQPRTSLSTALSSGLERLKTVTSGGIQSVLPASQLGSSVDTKRPKDSAVLDQSAKYYHLTHDELIGLLLQRERELSQRDEHVQELESYIDRLLVRIMETSPTLLQISPGPPK,0.661,
chr7,24876066,C,A,PASS,51,60.0,7.89,37,"2,2","35,35","0,0","0,0",14,"2,2","12,12","0,0","0,0",chr7,.,C,A,.,PASS,DP=51;MQ=60.00;MQ0=0;NT=ref;QSS=44;QSS_NT=44;ReadPosRankSum=-1.00;SGT=CC->AC;SNVSB=0.00;SOMATIC;SomaticEVS=7.89;TQSS=1;TQSS_NT=1;CSQ=A|missense_variant|MODERATE|Dmrtc2|ENSMUSG00000011349|Transcript|ENSMUST00000011493.5|protein_coding|8/9||ENSMUST00000011493.5:c.943C>A|ENSMUSP00000011493.5:p.Pro315Thr|1063|943|315|P/T|Cca/Aca|||1||MGI||1|||MDPSETAALHHCSADSSPADEARVPQSTELIPRRPVSRSPTCARCRNHGVTAHLKGHKRLCLFQACECHKCVLILERRRVMAAQVALRRQQEAQLKRHLAQGLMKGATPLKAPLRVKKGAIRPGIPSGKENIAPQPQSPHGAVPLVLTPPGKENYGPLLLSRPPEALPLPWTPVPPGPWGPGHWLPPGLSMPPPVVCRLLCQEPAVPLHPFPGFDPGTSLRLPTHGTLPTCPGSRSVLTAPLSGEPQGPPNLPHTCSTLILQSCGTPDSLLLQPQAPGASCLAWTSGPSERQLQREAAEALVGLKDSSQAPRLTPSVPPNPAWISLLHPCGPPAPPGGRGFQPVGPPLRPSPGSSVSLHIGRLGSISLLS|0.21|,AU:CU:DP:FDP:GU:SDP:SUBDP:TU,"2,2:35,35:37:0:0,0:0:0:0,0","2,2:12,12:14:0:0,0:0:0:0,0",51,60.0,0,ref,44,44,-1.0,CC->AC,0.0,True,7.89,1,1,A,missense_variant,MODERATE,Dmrtc2,ENSMUSG00000011349,Transcript,ENSMUST00000011493.5,protein_coding,8/9,,ENSMUST00000011493.5:c.943C>A,ENSMUSP00000011493.5:p.Pro315Thr,1063.0,943.0,315.0,P/T,Cca/Aca,,,1,,MGI,,1.0,,,MDPSETAALHHCSADSSPADEARVPQSTELIPRRPVSRSPTCARCRNHGVTAHLKGHKRLCLFQACECHKCVLILERRRVMAAQVALRRQQEAQLKRHLAQGLMKGATPLKAPLRVKKGAIRPGIPSGKENIAPQPQSPHGAVPLVLTPPGKENYGPLLLSRPPEALPLPWTPVPPGPWGPGHWLPPGLSMPPPVVCRLLCQEPAVPLHPFPGFDPGTSLRLPTHGTLPTCPGSRSVLTAPLSGEPQGPPNLPHTCSTLILQSCGTPDSLLLQPQAPGASCLAWTSGPSERQLQREAAEALVGLKDSSQAPRLTPSVPPNPAWISLLHPCGPPAPPGGRGFQPVGPPLRPSPGSSVSLHIGRLGSISLLS,0.21,
chr7,37961501,G,A,PASS,36,60.0,8.01,28,"2,2","0,0","26,26","0,0",8,"2,2","0,0","6,6","0,0",chr7,.,G,A,.,PASS,DP=36;MQ=60.00;MQ0=0;NT=ref;QSS=34;QSS_NT=34;ReadPosRankSum=0.67;SGT=GG->AG;SNVSB=0.00;SOMATIC;SomaticEVS=8.01;TQSS=1;TQSS_NT=1;CSQ=A|3_prime_UTR_variant|MODIFIER|Uri1|ENSMUSG00000030421|Transcript|ENSMUST00000085513.5|protein_coding|11/11||ENSMUST00000085513.5:c.*14C>T||1932|||||||-1||MGI||1|||MEPPSEPEPEPQPLAEASAAAPLRAPEVARLREEQEKVVTNCQEKIQHWEKVDNDYSALQERLRTLPDKLSYDVMVPFGPLAFMPGKLVHTNEVTVLLGDNWFAKCSAKQAVGLVEHRKEHVRKTIDDFKKVLKNFESRVEFTEDLQKMSDAAGDFVDIREEIKSDFEFKGKQRIAHKPHSKPKTSDIFEADFENGVKPKNTFDADELWARLEELERQEELLGELESKPDTVIANGEDRVSSEEEKEGADTGVNVVSPVTDSSAASSCKRRAGNAGLPNGQVNSLNYSVNGSNSYHSNKDDDEEEEDDDDDDDEDDDNESDHAISADNSIPTIYFSHTVEPKRVRINTGKNTTLKFSEKKEEAKRKRKSGAGSHATHELPAIKSPADIYRVFVDVVNGEYVPRKSILKSRSRENSVCSDTSESSAADVEDRRGLLRSTSSEEAVATEAGGSSLDELQENHPKKPLPSGVSEAFSGTVIEKEFLSPSLAPYSAIAHHALPTIPERKEVPSEVSEEPTKRVSKFRAARLQQRS||,AU:CU:DP:FDP:GU:SDP:SUBDP:TU,"2,2:0,0:28:0:26,26:0:0:0,0","2,2:0,0:8:0:6,6:0:0:0,0",36,60.0,0,ref,34,34,0.67,GG->AG,0.0,True,8.01,1,1,A,3_prime_UTR_variant,MODIFIER,Uri1,ENSMUSG00000030421,Transcript,ENSMUST00000085513.5,protein_coding,11/11,,ENSMUST00000085513.5:c.*14C>T,,1932.0,,,,,,,-1,,MGI,,1.0,,,MEPPSEPEPEPQPLAEASAAAPLRAPEVARLREEQEKVVTNCQEKIQHWEKVDNDYSALQERLRTLPDKLSYDVMVPFGPLAFMPGKLVHTNEVTVLLGDNWFAKCSAKQAVGLVEHRKEHVRKTIDDFKKVLKNFESRVEFTEDLQKMSDAAGDFVDIREEIKSDFEFKGKQRIAHKPHSKPKTSDIFEADFENGVKPKNTFDADELWARLEELERQEELLGELESKPDTVIANGEDRVSSEEEKEGADTGVNVVSPVTDSSAASSCKRRAGNAGLPNGQVNSLNYSVNGSNSYHSNKDDDEEEEDDDDDDDEDDDNESDHAISADNSIPTIYFSHTVEPKRVRINTGKNTTLKFSEKKEEAKRKRKSGAGSHATHELPAIKSPADIYRVFVDVVNGEYVPRKSILKSRSRENSVCSDTSESSAADVEDRRGLLRSTSSEEAVATEAGGSSLDELQENHPKKPLPSGVSEAFSGTVIEKEFLSPSLAPYSAIAHHALPTIPERKEVPSEVSEEPTKRVSKFRAARLQQRS,,
chr8,45995496,T,G,PASS,45,60.0,14.56,36,"0,0","0,0","2,2","34,34",9,"0,0","0,0","2,2","7,7",chr8,.,T,G,.,PASS,DP=45;MQ=60.00;MQ0=0;NT=ref;QSS=52;QSS_NT=52;ReadPosRankSum=-0.29;SGT=TT->GT;SNVSB=0.00;SOMATIC;SomaticEVS=14.56;TQSS=1;TQSS_NT=1;CSQ=G|intron_variant|MODIFIER|Ufsp2|ENSMUSG00000031634|Transcript|ENSMUST00000034051.6|protein_coding||10/11|ENSMUST00000034051.6:c.1175-42T>G|||||||||1||MGI||1|||MDILFRIRGGFDLAFQLAPPKEMFIKNALRQVLSDLTTKLSSDALVLRVCNSSVYLWPNSDANTGELTDSSACKNVVRFIQFDQEEDTKRKFIKKKDKKLTDTQQIVNIDLMLEISTPLGAVTPILERENEEHHYINMSLPIDAVVSVAPEESWGKVRKLLVDAILRQLVDVEKCILRYMKGTSIVVPEPLHFQLPGKKNLVTVLYPSGIPDDQLQAYRKELHDLFNLPHDRPYFKRINAYHFPDELYKDGYIRNPHTYLSPPNIEGSMICVVQGTYAYHHYMQDRIDDNGWGCAYRSLQTICSWFRHQGYTERSIPTHREIQQALVDAGDKPATFVGSRQWIGSIEVQMVLNQLIGVTSKILFVNQGSEMASQGRELANHFQNVGTPVMVGGGVLAHTILGVAWNETTGQIKFLILDPHYTGAEDLQVMLEKGWCGWKSPDFWNKDAYYNLCLPQRPNAL|0.818|,AU:CU:DP:FDP:GU:SDP:SUBDP:TU,"0,0:0,0:36:0:2,2:0:0:34,34","0,0:0,0:9:0:2,2:0:0:7,7",45,60.0,0,ref,52,52,-0.29,TT->GT,0.0,True,14.56,1,1,G,intron_variant,MODIFIER,Ufsp2,ENSMUSG00000031634,Transcript,ENSMUST00000034051.6,protein_coding,,10/11,ENSMUST00000034051.6:c.1175-42T>G,,,,,,,,,1,,MGI,,1.0,,,MDILFRIRGGFDLAFQLAPPKEMFIKNALRQVLSDLTTKLSSDALVLRVCNSSVYLWPNSDANTGELTDSSACKNVVRFIQFDQEEDTKRKFIKKKDKKLTDTQQIVNIDLMLEISTPLGAVTPILERENEEHHYINMSLPIDAVVSVAPEESWGKVRKLLVDAILRQLVDVEKCILRYMKGTSIVVPEPLHFQLPGKKNLVTVLYPSGIPDDQLQAYRKELHDLFNLPHDRPYFKRINAYHFPDELYKDGYIRNPHTYLSPPNIEGSMICVVQGTYAYHHYMQDRIDDNGWGCAYRSLQTICSWFRHQGYTERSIPTHREIQQALVDAGDKPATFVGSRQWIGSIEVQMVLNQLIGVTSKILFVNQGSEMASQGRELANHFQNVGTPVMVGGGVLAHTILGVAWNETTGQIKFLILDPHYTGAEDLQVMLEKGWCGWKSPDFWNKDAYYNLCLPQRPNAL,0.818,
chr9,21943564,G,A,PASS,42,60.0,8.25,31,"2,2","0,0","29,29","0,0",11,"2,2","0,0","9,9","0,0",chr9,.,G,A,.,PASS,DP=42;MQ=60.00;MQ0=0;NT=ref;QSS=44;QSS_NT=44;ReadPosRankSum=0.71;SGT=GG->AG;SNVSB=0.00;SOMATIC;SomaticEVS=8.25;TQSS=1;TQSS_NT=1;CSQ=A|missense_variant|MODERATE|Plppr2|ENSMUSG00000040563|Transcript|ENSMUST00000046371.12|protein_coding|6/10||ENSMUST00000046371.12:c.605G>A|ENSMUSP00000038616.6:p.Arg202His|915|605|202|R/H|cGc/cAc|||1||MGI||1|||MAGGRPHLKRSFSIIPCFVFVESVLLGIVVLLAYRLEFTDTFPVHTQGFFCYDSAYAKPYPGPEAASRAPPALIYALVTAGPTLTILLGELARAFFPAPPSSSPVSGESTIVSGACCRFSPPLRRLVRFLGVYSFGLFTTTIFANAGQVVTGNPTPHFLSVCRPNYTALGCPPPSPDRPGPDRFVTDQSACAGSPSLVAAARRAFPCKDAALCAYAVTYTAMYVTLVFRVKGSRLVKPSLCLALLCPAFLVGVVRVAEYRNHWSDVLAGFLTGAAIATFLVTCVVHNFQSRPHSGRRLSPWEDLSQAPTMDSPLEKLSVAQEPETCRPHSTPARLTPSKPQNCARRGHLIPSCVSSRAPAMCSSPRVPRPRLRSEPTPLPLPLPLPAPTPSQGPSPSSPGPGGPGGGGGRGRKLLLPTPLLRDLYTLSGLHPSPFHRDNFSPYLFASRDHLL||,AU:CU:DP:FDP:GU:SDP:SUBDP:TU,"2,2:0,0:31:0:29,29:0:0:0,0","2,2:0,0:11:0:9,9:0:0:0,0",42,60.0,0,ref,44,44,0.71,GG->AG,0.0,True,8.25,1,1,A,missense_variant,MODERATE,Plppr2,ENSMUSG00000040563,Transcript,ENSMUST00000046371.12,protein_coding,6/10,,ENSMUST00000046371.12:c.605G>A,ENSMUSP00000038616.6:p.Arg202His,915.0,605.0,202.0,R/H,cGc/cAc,,,1,,MGI,,1.0,,,MAGGRPHLKRSFSIIPCFVFVESVLLGIVVLLAYRLEFTDTFPVHTQGFFCYDSAYAKPYPGPEAASRAPPALIYALVTAGPTLTILLGELARAFFPAPPSSSPVSGESTIVSGACCRFSPPLRRLVRFLGVYSFGLFTTTIFANAGQVVTGNPTPHFLSVCRPNYTALGCPPPSPDRPGPDRFVTDQSACAGSPSLVAAARRAFPCKDAALCAYAVTYTAMYVTLVFRVKGSRLVKPSLCLALLCPAFLVGVVRVAEYRNHWSDVLAGFLTGAAIATFLVTCVVHNFQSRPHSGRRLSPWEDLSQAPTMDSPLEKLSVAQEPETCRPHSTPARLTPSKPQNCARRGHLIPSCVSSRAPAMCSSPRVPRPRLRSEPTPLPLPLPLPAPTPSQGPSPSSPGPGGPGGGGGRGRKLLLPTPLLRDLYTLSGLHPSPFHRDNFSPYLFASRDHLL,,
