CHROM_x,POS,REF_x,ALT_x,FILTER,MQ_x,SomaticEVS_x,NORMAL.DP,NORMAL.DP2,NORMAL.TAR,NORMAL.TIR,NORMAL.TOR,TUMOR.DP,TUMOR.DP2,TUMOR.TAR,TUMOR.TIR,TUMOR.TOR,CHROM_y,2,REF_y,ALT_y,5,6,7,8,9,10,IC,IHP,MQ_y,MQ0,NT,OVERLAP,QSI,QSI_NT,RC,RU,SGT,SOMATIC,SomaticEVS_y,TQSI,TQSI_NT,Allele,Consequence,IMPACT,SYMBOL,Gene,Feature_type,Feature,BIOTYPE,EXON,INTRON,HGVSc,HGVSp,cDNA_position,CDS_position,Protein_position,Amino_acids,Codons,Existing_variation,DISTANCE,STRAND,FLAGS,VARIANT_CLASS,SYMBOL_SOURCE,HGNC_ID,CANONICAL,MANE_SELECT,MANE_PLUS_CLINICAL,TSL,APPRIS,VAF,Sample_ID,Sample_Group
chr11,90549015,GAAA,G,PASS,60.0,9.28,22,22,"21,21","0,0","1,1",5,5,1.0,3.0,"1,1",chr11,.,GAAA,G,.,PASS,IC=11;IHP=14;MQ=60.00;MQ0=0;NT=ref;OVERLAP;QSI=32;QSI_NT=32;RC=14;RU=A;SGT=ref->het;SOMATIC;SomaticEVS=9.28;TQSI=1;TQSI_NT=1;CSQ=-|intron_variant|MODIFIER|Stxbp4|ENSMUSG00000020546|Transcript|ENSMUST00000143203.7|protein_coding||12/17|ENSMUST00000143203.7:c.1024-31_1024-29del|||||||||-1||MGI||1|||MSDGTASARSSSPLDRDPAFRVITVTKETGLGLKILGGINRNEGPLVYIHEVIPGGDCYKDGRLKPGDQLVSINKESMIGVSFEEAKSIITRAKLRSESPWEIAFIRQKSYCGHPGNICCPSPQVSEDCGPQTSTFTLLSSPSETLLPKTSSTPQTQDSTFPSCKAIQTKPEHDKTEHSPITSLDNSPADTSNADIAPAWTDDDSGPQGKISLNPSVRLKAEKLEMALNYLGIQPTKEQREALREQVQADSKGTVSFGDFVQVARSLFCLQLDEVNVGVHEIPSILDSQLLPCDSLEADEVGKLRQERNAALEERNVLKEKLLESEKHRKQLIEELQNVKQEAKAVAEETRALRSRIHLAEAAQRQAHGMEMDYEEVIRLLEAEVSELKAQLADYSDQNKESVQDLRKRVTVLDCQLRKSEMARKAFKASTERLLGFIEAIQEVLLDSSAPLSTLSERRAVLASQTSLPLLARNGRSFPATLLLESKELVRSVRAILDMDCLPYGWEEAYTADGIKYFINHVTQTTSWIHPVMSALNLSCAEESEEDCPRELTDPKS|0.88|,BCN50:DP:DP2:DP50:FDP50:SUBDP50:TAR:TIR:TOR,"0.00:22:22:40.07:0.00:0.00:21,21:0,0:1,1","0.00:5:5:8.68:0.00:0.00:1,1:3,3:1,1",11,14,60.0,0,ref,True,32,32,14,A,ref->het,True,9.28,1,1,-,intron_variant,MODIFIER,Stxbp4,ENSMUSG00000020546,Transcript,ENSMUST00000143203.7,protein_coding,,12/17,ENSMUST00000143203.7:c.1024-31_1024-29del,,,,,,,,,-1,,MGI,,1,,,MSDGTASARSSSPLDRDPAFRVITVTKETGLGLKILGGINRNEGPLVYIHEVIPGGDCYKDGRLKPGDQLVSINKESMIGVSFEEAKSIITRAKLRSESPWEIAFIRQKSYCGHPGNICCPSPQVSEDCGPQTSTFTLLSSPSETLLPKTSSTPQTQDSTFPSCKAIQTKPEHDKTEHSPITSLDNSPADTSNADIAPAWTDDDSGPQGKISLNPSVRLKAEKLEMALNYLGIQPTKEQREALREQVQADSKGTVSFGDFVQVARSLFCLQLDEVNVGVHEIPSILDSQLLPCDSLEADEVGKLRQERNAALEERNVLKEKLLESEKHRKQLIEELQNVKQEAKAVAEETRALRSRIHLAEAAQRQAHGMEMDYEEVIRLLEAEVSELKAQLADYSDQNKESVQDLRKRVTVLDCQLRKSEMARKAFKASTERLLGFIEAIQEVLLDSSAPLSTLSERRAVLASQTSLPLLARNGRSFPATLLLESKELVRSVRAILDMDCLPYGWEEAYTADGIKYFINHVTQTTSWIHPVMSALNLSCAEESEEDCPRELTDPKS,0.88,,75.0,S5,Ure_mock_IR
chr11,97316726,CT,C,PASS,60.0,7.53,84,84,"81,81","1,1","5,5",49,49,41.0,7.0,"1,1",chr11,.,CT,C,.,PASS,IC=9;IHP=10;MQ=60.00;MQ0=0;NT=ref;QSI=35;QSI_NT=35;RC=10;RU=T;SGT=ref->het;SOMATIC;SomaticEVS=7.53;TQSI=1;TQSI_NT=1;CSQ=-|intron_variant|MODIFIER|Mrpl45|ENSMUSG00000018882|Transcript|ENSMUST00000019026.9|protein_coding||1/7|ENSMUST00000019026.9:c.67-11del|||||||||1||MGI||1|||MAAPVPRGLSSLYRTLGWWSRQPILVTQSTTVVQVKTKSRFRPPTPEPKYKTEKEFLEYARKAGLVIPQERLERPIHLACTAGIFDPYVPPEGDARMSSLSKEGLTQRTERLRKNAASQLAIRKIREFDANFKTKDFPEKAKDIFIEAHLCLNNSDHDRLHTLVTEHCFPDMVWDLKYKTVRWGFVESLEPAQVVHVRCSGLVNQSNMYGQVTVRLHTRQTLAIYDRFGRLMYGQEDVPKDVLEYVVFERHLMNPYGSWRMHAKIVPAWAPPKQPILKTLMIPGPQLKPWEEYEETQGEAQKPQLA|0.831|,BCN50:DP:DP2:DP50:FDP50:SUBDP50:TAR:TIR:TOR,"0.00:84:84:67.68:0.00:0.00:81,81:1,1:5,5","0.00:49:49:40.17:0.46:0.00:41,41:7,7:1,1",9,10,60.0,0,ref,,35,35,10,T,ref->het,True,7.53,1,1,-,intron_variant,MODIFIER,Mrpl45,ENSMUSG00000018882,Transcript,ENSMUST00000019026.9,protein_coding,,1/7,ENSMUST00000019026.9:c.67-11del,,,,,,,,,1,,MGI,,1,,,MAAPVPRGLSSLYRTLGWWSRQPILVTQSTTVVQVKTKSRFRPPTPEPKYKTEKEFLEYARKAGLVIPQERLERPIHLACTAGIFDPYVPPEGDARMSSLSKEGLTQRTERLRKNAASQLAIRKIREFDANFKTKDFPEKAKDIFIEAHLCLNNSDHDRLHTLVTEHCFPDMVWDLKYKTVRWGFVESLEPAQVVHVRCSGLVNQSNMYGQVTVRLHTRQTLAIYDRFGRLMYGQEDVPKDVLEYVVFERHLMNPYGSWRMHAKIVPAWAPPKQPILKTLMIPGPQLKPWEEYEETQGEAQKPQLA,0.831,,14.583333333333334,S5,Ure_mock_IR
chr11,102771218,CT,C,PASS,60.0,6.3,106,106,"104,109","0,0","2,1",59,59,55.0,4.0,"0,0",chr11,.,CT,C,.,PASS,IC=3;IHP=4;MQ=60.00;MQ0=0;NT=ref;QSI=32;QSI_NT=32;RC=4;RU=T;SGT=ref->het;SOMATIC;SomaticEVS=6.30;TQSI=1;TQSI_NT=1;CSQ=-|intron_variant|MODIFIER|Adam11|ENSMUSG00000020926|Transcript|ENSMUST00000068150.6|protein_coding||4/25|ENSMUST00000068150.6:c.394-13del|||||||||1||MGI||1|||MRRLRRWAIAALLLLPLLPPPGLGALGPRGALHWRSSAHVGSPESPEGSEVTEPSRLVRQSSGGEVRKPQLDTRVRQDPPRGTPVHLAQVSFVIPAFDSNFTLDLELNHHLLSSQYVERHFSREGTRQHSTGAGDHCYYHGKLRGNPQSFAALSTCQGLHGVFSDGNLTYIVEPKEIAGPWGPPQGPLPHLIYRTPLLPAPLGCREPGCLFAVPAQSALPNWPKLRRKRQVRRGHPTVHSETKYVELIVINDHQLFEQMRQSVVLTSNFAKSVVNLADVIYKEQLNTRIVLVAMETWADGDKIQVQDDLLETLARLMVYRREGLPEPSDATHLFSGRTFQSTSSGAAYVGGICSLSRGGGVNEYGNMGAMAVTLAQTLGQNLGMMWNKHRSSAGDCKCPDIWLGCIMEDTGFYLPRKFSRCSIDEYNQFLQEGGGSCLFNKPLKLLDPPECGNGFVEAGEECDCGSVQECSRAGGNCCKKCTLTHDAMCSDGLCCRRCKYEPRGVSCREAVNECDIAETCTGDSSQCPPNLHKLDGYYCDHEQGRCYGGRCKTRDRQCQALWGHAAADRFCYEKLNVEGTERGNCGRKGSGWVQCSKQDVLCGFLLCVNISGAPRLGDLGGDISSVTFYHQGKELDCRGGHVQLADGSDLSYVEDGTACGPNMLCLDHRCLPASAFNFSTCPGSGERRICSHHGVCSNEGKCICQPDWTGKDCSIHNPLPTSPPTGETERYKGPSGTNIIIGSIAGAVLVAAIVLGGTGWGFKNIRRGRYDPTQQGAV|0.64|,BCN50:DP:DP2:DP50:FDP50:SUBDP50:TAR:TIR:TOR,"0.00:106:106:88.10:0.33:0.00:104,109:0,0:2,1","0.00:59:59:50.57:0.00:0.00:55,55:4,4:0,0",3,4,60.0,0,ref,,32,32,4,T,ref->het,True,6.3,1,1,-,intron_variant,MODIFIER,Adam11,ENSMUSG00000020926,Transcript,ENSMUST00000068150.6,protein_coding,,4/25,ENSMUST00000068150.6:c.394-13del,,,,,,,,,1,,MGI,,1,,,MRRLRRWAIAALLLLPLLPPPGLGALGPRGALHWRSSAHVGSPESPEGSEVTEPSRLVRQSSGGEVRKPQLDTRVRQDPPRGTPVHLAQVSFVIPAFDSNFTLDLELNHHLLSSQYVERHFSREGTRQHSTGAGDHCYYHGKLRGNPQSFAALSTCQGLHGVFSDGNLTYIVEPKEIAGPWGPPQGPLPHLIYRTPLLPAPLGCREPGCLFAVPAQSALPNWPKLRRKRQVRRGHPTVHSETKYVELIVINDHQLFEQMRQSVVLTSNFAKSVVNLADVIYKEQLNTRIVLVAMETWADGDKIQVQDDLLETLARLMVYRREGLPEPSDATHLFSGRTFQSTSSGAAYVGGICSLSRGGGVNEYGNMGAMAVTLAQTLGQNLGMMWNKHRSSAGDCKCPDIWLGCIMEDTGFYLPRKFSRCSIDEYNQFLQEGGGSCLFNKPLKLLDPPECGNGFVEAGEECDCGSVQECSRAGGNCCKKCTLTHDAMCSDGLCCRRCKYEPRGVSCREAVNECDIAETCTGDSSQCPPNLHKLDGYYCDHEQGRCYGGRCKTRDRQCQALWGHAAADRFCYEKLNVEGTERGNCGRKGSGWVQCSKQDVLCGFLLCVNISGAPRLGDLGGDISSVTFYHQGKELDCRGGHVQLADGSDLSYVEDGTACGPNMLCLDHRCLPASAFNFSTCPGSGERRICSHHGVCSNEGKCICQPDWTGKDCSIHNPLPTSPPTGETERYKGPSGTNIIIGSIAGAVLVAAIVLGGTGWGFKNIRRGRYDPTQQGAV,0.64,,6.779661016949152,S5,Ure_mock_IR
chr12,70940873,AT,A,PASS,60.0,6.02,101,101,"99,99","0,0","2,2",58,58,51.0,4.0,"3,3",chr12,.,AT,A,.,PASS,IC=7;IHP=9;MQ=60.00;MQ0=0;NT=ref;QSI=25;QSI_NT=25;RC=8;RU=T;SGT=ref->het;SOMATIC;SomaticEVS=6.02;TQSI=1;TQSI_NT=1;CSQ=-|splice_region_variant&intron_variant|LOW|Actr10|ENSMUSG00000021076|Transcript|ENSMUST00000021479.5|protein_coding||2/12|ENSMUST00000021479.5:c.150+11del|||||||||1||MGI||1|||MPLYEGLGSGGEKTAVVIDLGEAFTKCGFAGETGPRCIIPSVIKRAGMSKPIKVVQYNINTEELYSYLKEFIHILYFRHLLVNPRDRRVVVIESVLCPSHFRETLTRVLFKYFEVPSVLLAPSHLMALLTLGINSAMVLDCGYRESLVLPIYEGIPILNCWGALPLGGKALHKELETQLLEQCTVDTGAAKGQSLPSVMGSVPEGVLEDIKVRTCFVSDLKRGLQIQAAKFNIDGNNERPTPPPNVDYPLDGEKILHVLGSIRDSVVEILFEQDNEEKSVATLILDSLLQCPIDTRKQLAENLVIIGGTSMLPGFLHRLLAEIRYLVEKPKYKKTLGTKNFRIHTPPAKANCVAWLGGAVFGALQDILGSRSISKEYYNQTGRIPDWCSLNNPPLEMMFDVGKAQPPLMKRAFSTEK|0.249|,BCN50:DP:DP2:DP50:FDP50:SUBDP50:TAR:TIR:TOR,"0.00:101:101:126.80:0.34:0.00:99,99:0,0:2,2","0.00:58:58:72.25:0.44:0.00:51,51:4,4:3,3",7,9,60.0,0,ref,,25,25,8,T,ref->het,True,6.02,1,1,-,splice_region_variant&intron_variant,LOW,Actr10,ENSMUSG00000021076,Transcript,ENSMUST00000021479.5,protein_coding,,2/12,ENSMUST00000021479.5:c.150+11del,,,,,,,,,1,,MGI,,1,,,MPLYEGLGSGGEKTAVVIDLGEAFTKCGFAGETGPRCIIPSVIKRAGMSKPIKVVQYNINTEELYSYLKEFIHILYFRHLLVNPRDRRVVVIESVLCPSHFRETLTRVLFKYFEVPSVLLAPSHLMALLTLGINSAMVLDCGYRESLVLPIYEGIPILNCWGALPLGGKALHKELETQLLEQCTVDTGAAKGQSLPSVMGSVPEGVLEDIKVRTCFVSDLKRGLQIQAAKFNIDGNNERPTPPPNVDYPLDGEKILHVLGSIRDSVVEILFEQDNEEKSVATLILDSLLQCPIDTRKQLAENLVIIGGTSMLPGFLHRLLAEIRYLVEKPKYKKTLGTKNFRIHTPPAKANCVAWLGGAVFGALQDILGSRSISKEYYNQTGRIPDWCSLNNPPLEMMFDVGKAQPPLMKRAFSTEK,0.249,,7.2727272727272725,S5,Ure_mock_IR
chr12,102587837,C,CAG,PASS,60.0,9.06,40,40,"40,40","0,0","0,0",21,21,15.0,3.0,"2,2",chr12,.,C,CAG,.,PASS,IC=6;IHP=2;MQ=60.00;MQ0=0;NT=ref;QSI=27;QSI_NT=27;RC=5;RU=AG;SGT=ref->het;SOMATIC;SomaticEVS=9.06;TQSI=1;TQSI_NT=1;CSQ=AG|intron_variant|MODIFIER|Itpk1|ENSMUSG00000057963|Transcript|ENSMUST00000046518.11|protein_coding||6/9|ENSMUST00000046518.11:c.504+57_504+58dup|||||||||-1||MGI||1|||MQTFLKGKRVGYWLSEKKVKKLNFQAFAELCRKRGIEVVQLNLSRPIEEQGPLDVIIHKLTDVILEADQNDSQSLELVHRFQEYIDAHPETIVLDPLPAIRTLLDRSKSYELIRKIEAYMKDDRICSPPFMELTSLCGEDTMRLLEQNGLAFPFICKTRVAHGTNSHEMAIVFNQEGLNAIQPPCVVQNFINHNAVLYKVFVVGESYTVVQRPSLKNFSAGTSDRESIFFNSHNVSKPESSSVLTELDKIEGVFERPSDEVIRELSRALRQALGVSLFGIDIIINNQTGQHAVIDVNAFPGYEGVSEFFTDLLNHIATVLQGQSTGGAATEEVAPLRHNRLLAEPAGSLAGERTCSASPGCCGSMKGQDTPWKTETEAGNMGAGASAKLPHQRLGCTTGVSPSFQQHCVASLATKASSQ|0.154|,BCN50:DP:DP2:DP50:FDP50:SUBDP50:TAR:TIR:TOR,"0.00:40:40:27.63:0.01:0.00:40,40:0,0:0,0","0.00:21:21:12.20:0.00:0.00:15,15:3,3:2,2",6,2,60.0,0,ref,,27,27,5,AG,ref->het,True,9.06,1,1,AG,intron_variant,MODIFIER,Itpk1,ENSMUSG00000057963,Transcript,ENSMUST00000046518.11,protein_coding,,6/9,ENSMUST00000046518.11:c.504+57_504+58dup,,,,,,,,,-1,,MGI,,1,,,MQTFLKGKRVGYWLSEKKVKKLNFQAFAELCRKRGIEVVQLNLSRPIEEQGPLDVIIHKLTDVILEADQNDSQSLELVHRFQEYIDAHPETIVLDPLPAIRTLLDRSKSYELIRKIEAYMKDDRICSPPFMELTSLCGEDTMRLLEQNGLAFPFICKTRVAHGTNSHEMAIVFNQEGLNAIQPPCVVQNFINHNAVLYKVFVVGESYTVVQRPSLKNFSAGTSDRESIFFNSHNVSKPESSSVLTELDKIEGVFERPSDEVIRELSRALRQALGVSLFGIDIIINNQTGQHAVIDVNAFPGYEGVSEFFTDLLNHIATVLQGQSTGGAATEEVAPLRHNRLLAEPAGSLAGERTCSASPGCCGSMKGQDTPWKTETEAGNMGAGASAKLPHQRLGCTTGVSPSFQQHCVASLATKASSQ,0.154,,16.666666666666664,S5,Ure_mock_IR
chr14,47052836,AT,A,PASS,60.0,6.01,124,124,"122,122","1,1","1,1",46,46,40.0,4.0,"3,3",chr14,.,AT,A,.,PASS,IC=8;IHP=10;MQ=60.00;MQ0=0;NT=ref;QSI=28;QSI_NT=28;RC=9;RU=T;SGT=ref->het;SOMATIC;SomaticEVS=6.01;TQSI=1;TQSI_NT=1;CSQ=-|intron_variant|MODIFIER|Samd4|ENSMUSG00000021838|Transcript|ENSMUST00000022386.14|protein_coding||3/12|ENSMUST00000022386.14:c.716-5del|||||||||1||MGI||1|||MMFRDQVGVLAGWFKGWNECEQTVALLSLLKRVSQTQARFLQLCLEHSLADCAELHVLEGEANSPGIINQWQQESKDKVISLLLTHLPLLKPGNLDAKAEYMKLLPKILAHSIEHNQHIEESRQLLSYALIHPATSLEDRSALAMWLNHLEDRTSTSFGSQNRGRSDSVDYGQTHYYHQRQNSDDKLNGWQNSRDSGICISASNWQDKSLGCENGHVPLYSSSSVPATINTIGTGASTILSGQAHHSPLKRSVSLTPPMNVPNQPLGHGWMSHEDLRARGPQCLPSDHAPLSPQSSVASSGSGGSEHLEDQTTARNTFQEEGSGMKDVPAWLKSLRLHKYAALFSQMTYEEMMALTECQLEAQNVTKGARHKIVISIQKLKERQNLLKSLERDIIEGGSLRTPLQELHQMILTPIKAYSSPSTTPEVRCREPSLMESPSPDCKDSAAAVTSATASASAGASGGLQPPQLSSCDGELAVAPLPEGDLPGQFTRVMGKVCTQLLVSRPDEENISSYLQLLDKCLVHEAFTETQKKRLLSWKQQVQKLFRSFPRKTLLDISGYRQQRNRGFGQSNSLPTASSVGSGMGRRNPRQYQIASRNVPSARLGLLGTSGFVSSNQRHTAANPTIMKQGRQNLWFANPGGSNSMPSRTHSSVQKTRSLPVHTSPQNMLMFQQPEFQLPVTEPDINNRLESLCLSMTEHALGDGVDRTSTI||,BCN50:DP:DP2:DP50:FDP50:SUBDP50:TAR:TIR:TOR,"0.00:124:124:126.63:0.00:0.00:122,122:1,1:1,1","0.00:46:46:48.16:0.00:0.00:40,40:4,4:3,3",8,10,60.0,0,ref,,28,28,9,T,ref->het,True,6.01,1,1,-,intron_variant,MODIFIER,Samd4,ENSMUSG00000021838,Transcript,ENSMUST00000022386.14,protein_coding,,3/12,ENSMUST00000022386.14:c.716-5del,,,,,,,,,1,,MGI,,1,,,MMFRDQVGVLAGWFKGWNECEQTVALLSLLKRVSQTQARFLQLCLEHSLADCAELHVLEGEANSPGIINQWQQESKDKVISLLLTHLPLLKPGNLDAKAEYMKLLPKILAHSIEHNQHIEESRQLLSYALIHPATSLEDRSALAMWLNHLEDRTSTSFGSQNRGRSDSVDYGQTHYYHQRQNSDDKLNGWQNSRDSGICISASNWQDKSLGCENGHVPLYSSSSVPATINTIGTGASTILSGQAHHSPLKRSVSLTPPMNVPNQPLGHGWMSHEDLRARGPQCLPSDHAPLSPQSSVASSGSGGSEHLEDQTTARNTFQEEGSGMKDVPAWLKSLRLHKYAALFSQMTYEEMMALTECQLEAQNVTKGARHKIVISIQKLKERQNLLKSLERDIIEGGSLRTPLQELHQMILTPIKAYSSPSTTPEVRCREPSLMESPSPDCKDSAAAVTSATASASAGASGGLQPPQLSSCDGELAVAPLPEGDLPGQFTRVMGKVCTQLLVSRPDEENISSYLQLLDKCLVHEAFTETQKKRLLSWKQQVQKLFRSFPRKTLLDISGYRQQRNRGFGQSNSLPTASSVGSGMGRRNPRQYQIASRNVPSARLGLLGTSGFVSSNQRHTAANPTIMKQGRQNLWFANPGGSNSMPSRTHSSVQKTRSLPVHTSPQNMLMFQQPEFQLPVTEPDINNRLESLCLSMTEHALGDGVDRTSTI,,,9.090909090909092,S5,Ure_mock_IR
chr14,55663448,TG,T,PASS,60.0,8.62,222,222,"204,204","0,0","18,18",111,111,99.0,6.0,"6,6",chr14,.,TG,T,.,PASS,IC=6;IHP=7;MQ=60.00;MQ0=0;NT=ref;QSI=67;QSI_NT=67;RC=7;RU=G;SGT=ref->het;SOMATIC;SomaticEVS=8.62;TQSI=1;TQSI_NT=1;CSQ=-|frameshift_variant|HIGH|Nedd8|ENSMUSG00000010376|Transcript|ENSMUST00000010520.9|protein_coding|3/4||ENSMUST00000010520.9:c.115del|ENSMUSP00000010520.8:p.Gln39SerfsTer12|427|115|39|Q/X|Cag/ag|||-1||MGI||1||MLIKVKTLTGKEIEIDIEPTDKVERIKERVEEKEGIPPSSSGSSTVASK|MLIKVKTLTGKEIEIDIEPTDKVERIKERVEEKEGIPPQQQRLIYSGKQMNDEKTAADYKILGGSVLHLVLALRGGGGLGQ||NMD_escaping_variant,BCN50:DP:DP2:DP50:FDP50:SUBDP50:TAR:TIR:TOR,"0.00:222:222:207.25:0.00:0.00:204,204:0,0:18,18","0.00:111:111:101.09:0.00:0.00:99,99:6,6:6,6",6,7,60.0,0,ref,,67,67,7,G,ref->het,True,8.62,1,1,-,frameshift_variant,HIGH,Nedd8,ENSMUSG00000010376,Transcript,ENSMUST00000010520.9,protein_coding,3/4,,ENSMUST00000010520.9:c.115del,ENSMUSP00000010520.8:p.Gln39SerfsTer12,427.0,115.0,39.0,Q/X,Cag/ag,,,-1,,MGI,,1,,MLIKVKTLTGKEIEIDIEPTDKVERIKERVEEKEGIPPSSSGSSTVASK,MLIKVKTLTGKEIEIDIEPTDKVERIKERVEEKEGIPPQQQRLIYSGKQMNDEKTAADYKILGGSVLHLVLALRGGGGLGQ,,NMD_escaping_variant,5.714285714285714,S5,Ure_mock_IR
chr14,60779531,GC,G,PASS,60.0,6.29,53,53,"52,52","0,0","2,2",25,25,22.0,3.0,"2,2",chr14,.,GC,G,.,PASS,IC=4;IHP=5;MQ=60.00;MQ0=0;NT=ref;QSI=15;QSI_NT=15;RC=5;RU=C;SGT=ref->het;SOMATIC;SomaticEVS=6.29;TQSI=1;TQSI_NT=1;CSQ=-|frameshift_variant|HIGH|C1qtnf9|ENSMUSG00000071347|Transcript|ENSMUST00000025940.6|protein_coding|4/4||ENSMUST00000025940.6:c.514del|ENSMUSP00000025940.6:p.Gln172ArgfsTer9|566|510|170|G/X|ggC/gg|||1||MGI||1|4|MRIWWLLLVMGACTRSVFSQDTCRQGHSGIPGNPGHNGLPGRDGRDGAKGDKGDAGEPGHPGGPGKDGIRGEKGEPGADGRVEAKGIKGDPGSRGSPGKHGPKGSIGPTGEQGLPGETGPQGQKGDKGEVGPTGPEGLMGSTGPLGPKGLPGPMGPIGKPGPRGEAGPMGPRGSQESEE|MRIWWLLLVMGACTRSVFSQDTCRQGHSGIPGNPGHNGLPGRDGRDGAKGDKGDAGEPGHPGGPGKDGIRGEKGEPGADGRVEAKGIKGDPGSRGSPGKHGPKGSIGPTGEQGLPGETGPQGQKGDKGEVGPTGPEGLMGSTGPLGPKGLPGPMGPIGKPGPRGEAGPMGPQGEPGVRGMRGWKGDRGEKGKVGEAPLVPKSAFTVGLTVISKFPPPDAPIKFDKILYNELNHYNVATGKFTCHVAGVYYFTYHITVFSRNVQVSLVKNGVKVLHTKDSYMSSEDQASGGIVQELKLGDEVWMQVTGGERFNGLFADEDDDTTFTGFLLFSSS|0.46|NMD_escaping_variant,BCN50:DP:DP2:DP50:FDP50:SUBDP50:TAR:TIR:TOR,"0.00:53:53:57.72:0.00:0.00:52,52:0,0:2,2","0.00:25:25:26.42:0.00:0.00:22,22:3,3:2,2",4,5,60.0,0,ref,,15,15,5,C,ref->het,True,6.29,1,1,-,frameshift_variant,HIGH,C1qtnf9,ENSMUSG00000071347,Transcript,ENSMUST00000025940.6,protein_coding,4/4,,ENSMUST00000025940.6:c.514del,ENSMUSP00000025940.6:p.Gln172ArgfsTer9,566.0,510.0,170.0,G/X,ggC/gg,,,1,,MGI,,1,4.0,MRIWWLLLVMGACTRSVFSQDTCRQGHSGIPGNPGHNGLPGRDGRDGAKGDKGDAGEPGHPGGPGKDGIRGEKGEPGADGRVEAKGIKGDPGSRGSPGKHGPKGSIGPTGEQGLPGETGPQGQKGDKGEVGPTGPEGLMGSTGPLGPKGLPGPMGPIGKPGPRGEAGPMGPRGSQESEE,MRIWWLLLVMGACTRSVFSQDTCRQGHSGIPGNPGHNGLPGRDGRDGAKGDKGDAGEPGHPGGPGKDGIRGEKGEPGADGRVEAKGIKGDPGSRGSPGKHGPKGSIGPTGEQGLPGETGPQGQKGDKGEVGPTGPEGLMGSTGPLGPKGLPGPMGPIGKPGPRGEAGPMGPQGEPGVRGMRGWKGDRGEKGKVGEAPLVPKSAFTVGLTVISKFPPPDAPIKFDKILYNELNHYNVATGKFTCHVAGVYYFTYHITVFSRNVQVSLVKNGVKVLHTKDSYMSSEDQASGGIVQELKLGDEVWMQVTGGERFNGLFADEDDDTTFTGFLLFSSS,0.46,NMD_escaping_variant,12.0,S5,Ure_mock_IR
chr15,34140675,CT,C,PASS,60.0,9.08,200,200,"196,197","0,0","5,5",109,109,102.0,5.0,"2,2",chr15,.,CT,C,.,PASS,IC=6;IHP=7;MQ=60.00;MQ0=0;NT=ref;QSI=39;QSI_NT=39;RC=7;RU=T;SGT=ref->het;SOMATIC;SomaticEVS=9.08;TQSI=1;TQSI_NT=1;CSQ=-|intron_variant|MODIFIER|Mtdh|ENSMUSG00000022255|Transcript|ENSMUST00000022865.16|protein_coding||11/11|ENSMUST00000022865.16:c.1670-10del|||||||||1||MGI||1|||MAARSWQDELAQQAEEGSARLRELLSVGLGFLRTELGLDLGLEPKRYPGWVILVGTGALGLLLLFLLGYGWAAACAGARKKRRSPPRKREEAAPPTPAPDDLAQLKNLRSEEQKKKNRKKLPEKPKPNGRTVEVPEDEVVRNPRSITAKQAPETDKKNEKSKKNKKKSKSDAKAVQNSSRHDGKEVDEGAWETKISHREKRQQRKRDKVLTDSGSLDSTIPGIENIITVTTEQLTTASFPVGSKKNKGDSHLNVQVSNFKSGKGDSTLQVSSRLNENLTVNGGGWSEKSVKLSSQLSEEKWNSVPPASAGKRKTEPSAWTQDTGDTNANGKDWGRNWSDRSIFSGIGSTAEPVSQSTTSDYQWDVSRNQPYIDDEWSGLNGLSSADPSSDWNAPAEEWGNWVDEDRASLLKSQEPISNDQKVSDDDKEKGEGALPTGKSKKKKKKKKKQGEDNSHTQDTEDLEKDTREELPVNTSKARPKQEKACSLKTMSTSDPAEVLIKNSQPVKTLPPAISAEPSITLSKGDSDNSSSQVPPMLQDTDKPKSNAKQNSVPPSQTKSETNWESPKQIKKKKKARRET|0.541|,BCN50:DP:DP2:DP50:FDP50:SUBDP50:TAR:TIR:TOR,"0.00:200:200:145.59:0.00:0.00:196,197:0,0:5,5","0.00:109:109:70.84:0.00:0.00:102,102:5,5:2,2",6,7,60.0,0,ref,,39,39,7,T,ref->het,True,9.08,1,1,-,intron_variant,MODIFIER,Mtdh,ENSMUSG00000022255,Transcript,ENSMUST00000022865.16,protein_coding,,11/11,ENSMUST00000022865.16:c.1670-10del,,,,,,,,,1,,MGI,,1,,,MAARSWQDELAQQAEEGSARLRELLSVGLGFLRTELGLDLGLEPKRYPGWVILVGTGALGLLLLFLLGYGWAAACAGARKKRRSPPRKREEAAPPTPAPDDLAQLKNLRSEEQKKKNRKKLPEKPKPNGRTVEVPEDEVVRNPRSITAKQAPETDKKNEKSKKNKKKSKSDAKAVQNSSRHDGKEVDEGAWETKISHREKRQQRKRDKVLTDSGSLDSTIPGIENIITVTTEQLTTASFPVGSKKNKGDSHLNVQVSNFKSGKGDSTLQVSSRLNENLTVNGGGWSEKSVKLSSQLSEEKWNSVPPASAGKRKTEPSAWTQDTGDTNANGKDWGRNWSDRSIFSGIGSTAEPVSQSTTSDYQWDVSRNQPYIDDEWSGLNGLSSADPSSDWNAPAEEWGNWVDEDRASLLKSQEPISNDQKVSDDDKEKGEGALPTGKSKKKKKKKKKQGEDNSHTQDTEDLEKDTREELPVNTSKARPKQEKACSLKTMSTSDPAEVLIKNSQPVKTLPPAISAEPSITLSKGDSDNSSSQVPPMLQDTDKPKSNAKQNSVPPSQTKSETNWESPKQIKKKKKARRET,0.541,,4.672897196261682,S5,Ure_mock_IR
chr16,77558434,G,GA,PASS,60.0,7.42,141,141,"119,119","8,8","15,15",60,60,30.0,25.0,"6,6",chr16,.,G,GA,.,PASS,IC=11;IHP=11;MQ=60.00;MQ0=0;NT=ref;QSI=103;QSI_NT=103;RC=10;RU=A;SGT=ref->het;SOMATIC;SomaticEVS=7.42;TQSI=1;TQSI_NT=1;CSQ=A|intron_variant&non_coding_transcript_variant|MODIFIER|Mir99ahg|ENSMUSG00000090386|Transcript|ENSMUST00000068704.11|lincRNA||3/4|ENSMUST00000068704.11:n.584+2477dup|||||||||1||MGI||1|||||,BCN50:DP:DP2:DP50:FDP50:SUBDP50:TAR:TIR:TOR,"0.00:141:141:141.26:0.00:0.00:119,119:8,8:15,15","0.00:60:60:56.91:0.00:0.00:30,30:25,25:6,6",11,11,60.0,0,ref,,103,103,10,A,ref->het,True,7.42,1,1,A,intron_variant&non_coding_transcript_variant,MODIFIER,Mir99ahg,ENSMUSG00000090386,Transcript,ENSMUST00000068704.11,lincRNA,,3/4,ENSMUST00000068704.11:n.584+2477dup,,,,,,,,,1,,MGI,,1,,,,,,45.45454545454545,S5,Ure_mock_IR
chr17,66555244,CT,C,PASS,60.0,7.7,183,183,"182,184","1,1","3,2",92,92,81.0,9.0,"3,4",chr17,.,CT,C,.,PASS,IC=8;IHP=13;MQ=60.00;MQ0=0;NT=ref;QSI=51;QSI_NT=51;RC=9;RU=T;SGT=ref->het;SOMATIC;SomaticEVS=7.70;TQSI=1;TQSI_NT=1;CSQ=-|3_prime_UTR_variant|MODIFIER|Themis3|ENSMUSG00000024105|Transcript|ENSMUST00000024914.3|protein_coding|4/4||ENSMUST00000024914.3:c.*7del||1804|||||||-1||MGI||1|||MEQTWDSYISSLNQNSLPRQVEVTQGRYSGSLENLSFSKGDIITVVDLEPVFVRAELKDGDQVLDVVTIPLRYEGNFQLMADPVSFETVADLTRSVRLPQSPVAPRSPPRFQNSIPISADNLPMKLRKGETLSLIGFQESRGRRLLQCKVLRKKPPLTVLLPMDCRGHFLECQDDRFYSIDTIVRWKMLAGRKRTVRVQARHHPKLLGPLVPEHFRGHLVLYPCFSVTANLLGETRVSIPSDLDISVTEIARLDRKPRTTMRQIYSMEESKFPVRVKIMNVVQSESKEYPKPLKRGQLLTILKTEEVKKFVASEISQGKKGKCFLVPYTYQGLVLRRGRYFYAVSDVAAAMKHGELCFQASQDYTSYLGSFASFRANECFLALKKSVVSAEIHGELHRVEVLKCLNIATKAHVKLPLFAVGKFLELFDGARPGTLQELCQVTRLPCHVRVTSPDPSMTVDPLYGTKELRIENVIIEQCLIAKDEPTLEDIISSADMYREWPETTFEIPIEKISCEVLVVEERSWIADVRKERCRPLQSIQEVTKESLAFSNCLVIRRPPPPVPKPRSLF||,BCN50:DP:DP2:DP50:FDP50:SUBDP50:TAR:TIR:TOR,"0.00:183:183:209.51:0.00:0.00:182,184:1,1:3,2","0.00:92:92:99.71:0.00:0.00:81,82:9,9:3,4",8,13,60.0,0,ref,,51,51,9,T,ref->het,True,7.7,1,1,-,3_prime_UTR_variant,MODIFIER,Themis3,ENSMUSG00000024105,Transcript,ENSMUST00000024914.3,protein_coding,4/4,,ENSMUST00000024914.3:c.*7del,,1804.0,,,,,,,-1,,MGI,,1,,,MEQTWDSYISSLNQNSLPRQVEVTQGRYSGSLENLSFSKGDIITVVDLEPVFVRAELKDGDQVLDVVTIPLRYEGNFQLMADPVSFETVADLTRSVRLPQSPVAPRSPPRFQNSIPISADNLPMKLRKGETLSLIGFQESRGRRLLQCKVLRKKPPLTVLLPMDCRGHFLECQDDRFYSIDTIVRWKMLAGRKRTVRVQARHHPKLLGPLVPEHFRGHLVLYPCFSVTANLLGETRVSIPSDLDISVTEIARLDRKPRTTMRQIYSMEESKFPVRVKIMNVVQSESKEYPKPLKRGQLLTILKTEEVKKFVASEISQGKKGKCFLVPYTYQGLVLRRGRYFYAVSDVAAAMKHGELCFQASQDYTSYLGSFASFRANECFLALKKSVVSAEIHGELHRVEVLKCLNIATKAHVKLPLFAVGKFLELFDGARPGTLQELCQVTRLPCHVRVTSPDPSMTVDPLYGTKELRIENVIIEQCLIAKDEPTLEDIISSADMYREWPETTFEIPIEKISCEVLVVEERSWIADVRKERCRPLQSIQEVTKESLAFSNCLVIRRPPPPVPKPRSLF,,,10.0,S5,Ure_mock_IR
chr18,30336188,A,AT,PASS,60.0,6.35,130,130,"129,130","0,0","1,1",57,57,51.0,5.0,"1,1",chr18,.,A,AT,.,PASS,IC=9;IHP=8;MQ=60.00;MQ0=0;NT=ref;QSI=25;QSI_NT=25;RC=8;RU=T;SGT=ref->het;SOMATIC;SomaticEVS=6.35;TQSI=1;TQSI_NT=1;CSQ=T|splice_region_variant&intron_variant|LOW|Pik3c3|ENSMUSG00000033628|Transcript|ENSMUST00000115812.9|protein_coding||23/24|ENSMUST00000115812.9:c.2523+12dup|||||||||1||MGI||1|||MGEAEKFHYIYSCDLDINVQLKIGSLEGKREQKSYKAVLEDPMLKFSGLYQETCSDLYVTCQVFAEGKPLALPVRTSYKAFSTRWNWNEWLKLPVKYPDLPRNAQVALTIWDVYGPGSAVPVGGTTVSLFGKYGMFRQGMHDLKVWPNVEADGSEPTRTPGRTSSTLSEDQMSRLAKLTKAHRQGHMVKVDWLDRLTFREIEMINESEKRSSNFMYLMVEFRCVKCDDKEYGIVYYEKDGDESSPILTSFELVKVPDPQMSMENLVESKHHKLARSLRSGPSDHDLKPNATTRDQLNIIVSYPPTKQLTYEEQDLVWKFRYYLTNQEKALTKFLKCVNWDLPQEAKQALELLGKWKPMDVEDSLELLSSHYTNPTVRRYAVARLRQADDEDLLMYLLQLVQALKYENFDDIKNGLEPTKKDSQTSASESLSNSGVSSGDIDSSQIITNPLPPVASPPPASKAKEVSDGENLEQDLCTFLISRACKNSTLANYLYWYVIVECEDQDTQQRDPKTHEMYLNVMRRFSQALLKGDKSVRVMRSLLAAQQTFVDRLVHLMKAVQRESGNRKKKNERLQALLGDNEKMNLSDVELIPLPLEPQVKIRGIIPETATLFKSALMPAQLFFKTEDGGKYPVIFKHGDDLRQDQLILQIISLMDKLLRKENLDLKLTPYKVLATSTKHGFMQFIQSVPVAEVLDTEGSIQNFFRKYAPSETGPYGISAEVMDTYVKSCAGYCVITYILGVGDRHLDNLLLTKTGKLFHIDFGYILGRDPKPLPPPMKLNKEMVEGMGGTQSEQYQEFRKQCYTAFLHLRRYSNLILNLFSLMVDANIPDIALEPDKTVKKVQDKFRLDLSDEEAVHYMQSLIDESVHALFAAVVEQIHKFAQYWRK|0.481|,BCN50:DP:DP2:DP50:FDP50:SUBDP50:TAR:TIR:TOR,"0.00:130:130:131.12:0.00:0.00:129,130:0,0:1,1","0.00:57:57:70.58:0.00:0.00:51,51:5,5:1,1",9,8,60.0,0,ref,,25,25,8,T,ref->het,True,6.35,1,1,T,splice_region_variant&intron_variant,LOW,Pik3c3,ENSMUSG00000033628,Transcript,ENSMUST00000115812.9,protein_coding,,23/24,ENSMUST00000115812.9:c.2523+12dup,,,,,,,,,1,,MGI,,1,,,MGEAEKFHYIYSCDLDINVQLKIGSLEGKREQKSYKAVLEDPMLKFSGLYQETCSDLYVTCQVFAEGKPLALPVRTSYKAFSTRWNWNEWLKLPVKYPDLPRNAQVALTIWDVYGPGSAVPVGGTTVSLFGKYGMFRQGMHDLKVWPNVEADGSEPTRTPGRTSSTLSEDQMSRLAKLTKAHRQGHMVKVDWLDRLTFREIEMINESEKRSSNFMYLMVEFRCVKCDDKEYGIVYYEKDGDESSPILTSFELVKVPDPQMSMENLVESKHHKLARSLRSGPSDHDLKPNATTRDQLNIIVSYPPTKQLTYEEQDLVWKFRYYLTNQEKALTKFLKCVNWDLPQEAKQALELLGKWKPMDVEDSLELLSSHYTNPTVRRYAVARLRQADDEDLLMYLLQLVQALKYENFDDIKNGLEPTKKDSQTSASESLSNSGVSSGDIDSSQIITNPLPPVASPPPASKAKEVSDGENLEQDLCTFLISRACKNSTLANYLYWYVIVECEDQDTQQRDPKTHEMYLNVMRRFSQALLKGDKSVRVMRSLLAAQQTFVDRLVHLMKAVQRESGNRKKKNERLQALLGDNEKMNLSDVELIPLPLEPQVKIRGIIPETATLFKSALMPAQLFFKTEDGGKYPVIFKHGDDLRQDQLILQIISLMDKLLRKENLDLKLTPYKVLATSTKHGFMQFIQSVPVAEVLDTEGSIQNFFRKYAPSETGPYGISAEVMDTYVKSCAGYCVITYILGVGDRHLDNLLLTKTGKLFHIDFGYILGRDPKPLPPPMKLNKEMVEGMGGTQSEQYQEFRKQCYTAFLHLRRYSNLILNLFSLMVDANIPDIALEPDKTVKKVQDKFRLDLSDEEAVHYMQSLIDESVHALFAAVVEQIHKFAQYWRK,0.481,,8.928571428571429,S5,Ure_mock_IR
chr1,51757279,GA,G,PASS,60.0,9.02,164,164,"156,156","1,1","9,9",94,94,79.0,8.0,"7,7",chr1,.,GA,G,.,PASS,IC=8;IHP=10;MQ=60.00;MQ0=0;NT=ref;QSI=43;QSI_NT=43;RC=9;RU=A;SGT=ref->het;SOMATIC;SomaticEVS=9.02;TQSI=1;TQSI_NT=1;CSQ=-|intron_variant|MODIFIER|Myo1b|ENSMUSG00000018417|Transcript|ENSMUST00000018561.13|protein_coding||28/30|ENSMUST00000018561.13:c.3007-23del|||||||||-1||MGI||1|||MAKMEVKSSLLDNMIGVGDMVLLEPLNEETFIDNLKKRFDHNEIYTYIGSVVISVNPYRSLPIYSPEKVEDYRNRNFYELSPHIFALSDEAYRSLRDQDKDQCILITGESGAGKTEASKLVMSYVAAVCGKGAEVNQVKEQLLQSNPVLEAFGNAKTVRNDNSSRFGKYMDIEFDFKGDPLGGVISNYLLEKSRVVKQPRGERNFHVFYQLLSGASEELLYKLKLERDFSRYNYLSLDSAKVNGVDDAANFRTVRNAMQIVGFLDHEAEAVLEVVAAVLKLGNIEFKPESRVNGLDESKIKDKNELKEICELTSIDQVVLERAFSFRTVEAKQEKVSTTLNVAQAYYARDALAKNLYSRLFSWLVNRINESIKAQTKVRKKVMGVLDIYGFEIFEDNSFEQFIINYCNEKLQQIFIELTLKEEQEEYIREDIEWTHIDYFNNAIICDLIENNTNGILAMLDEECLRPGTVTDETFLEKLNQVCATHQHFESRMSKCSRFLNDTTLPHSCFRIQHYAGKVLYQVEGFVDKNNDLLYRDLSQAMWKAGHSLIKSLFPEGNPAKVNLKRPPTAGSQFKASVATLMRNLQTKNPNYIRCIKPNDKKAAHIFNESLVCHQIRYLGLLENVRVRRAGYAFRQAYEPCLERYKMLCKQTWPHWKGPARSGVEVLFNELEIPVEEHSFGRSKIFIRNPRTLFQLEDLRKQRLEDLATLIQKIYRGWKCRTHFLLMKRSQVVIAAWYRRYAQQKRYQQIKSSALVIQSYIRGWKARKILRELKHQKRCKEAATTIAAYWHGTQARRELRRLKDEARNKHAIAVIWAYWLGSKARRELKRLKEEARRKHAVAVIWAYWLGLKVRREYRKFFRANAGKKIYEFTLQRIVQKYLLEMKNKMPSLSPIDKNWPSRPYLFLDSTHKELKRIFHLWRCKKYRDQFTDQQKLIYEEKLEASELFKDKKALYPSSVGQPFQGAYLEINKNPKYKKLKDAIEEKIIIAEVVNKINRANGKSTSRIFLLTNNNLLLADQKSGQIKSEVPLVDVTKVSMSSQNDGFFAVHLKEGSEAASKGDFLFSSDHLIEMATKLYRTTLSQTKQKLNIEISDEFLVQFRQDKVCVKFIQGNQKNGSVPTCKRKNNRLLEVAVP|0.0721|,BCN50:DP:DP2:DP50:FDP50:SUBDP50:TAR:TIR:TOR,"0.00:164:164:167.08:0.55:0.00:156,156:1,1:9,9","0.00:94:94:92.91:0.00:0.00:79,79:8,8:7,7",8,10,60.0,0,ref,,43,43,9,A,ref->het,True,9.02,1,1,-,intron_variant,MODIFIER,Myo1b,ENSMUSG00000018417,Transcript,ENSMUST00000018561.13,protein_coding,,28/30,ENSMUST00000018561.13:c.3007-23del,,,,,,,,,-1,,MGI,,1,,,MAKMEVKSSLLDNMIGVGDMVLLEPLNEETFIDNLKKRFDHNEIYTYIGSVVISVNPYRSLPIYSPEKVEDYRNRNFYELSPHIFALSDEAYRSLRDQDKDQCILITGESGAGKTEASKLVMSYVAAVCGKGAEVNQVKEQLLQSNPVLEAFGNAKTVRNDNSSRFGKYMDIEFDFKGDPLGGVISNYLLEKSRVVKQPRGERNFHVFYQLLSGASEELLYKLKLERDFSRYNYLSLDSAKVNGVDDAANFRTVRNAMQIVGFLDHEAEAVLEVVAAVLKLGNIEFKPESRVNGLDESKIKDKNELKEICELTSIDQVVLERAFSFRTVEAKQEKVSTTLNVAQAYYARDALAKNLYSRLFSWLVNRINESIKAQTKVRKKVMGVLDIYGFEIFEDNSFEQFIINYCNEKLQQIFIELTLKEEQEEYIREDIEWTHIDYFNNAIICDLIENNTNGILAMLDEECLRPGTVTDETFLEKLNQVCATHQHFESRMSKCSRFLNDTTLPHSCFRIQHYAGKVLYQVEGFVDKNNDLLYRDLSQAMWKAGHSLIKSLFPEGNPAKVNLKRPPTAGSQFKASVATLMRNLQTKNPNYIRCIKPNDKKAAHIFNESLVCHQIRYLGLLENVRVRRAGYAFRQAYEPCLERYKMLCKQTWPHWKGPARSGVEVLFNELEIPVEEHSFGRSKIFIRNPRTLFQLEDLRKQRLEDLATLIQKIYRGWKCRTHFLLMKRSQVVIAAWYRRYAQQKRYQQIKSSALVIQSYIRGWKARKILRELKHQKRCKEAATTIAAYWHGTQARRELRRLKDEARNKHAIAVIWAYWLGSKARRELKRLKEEARRKHAVAVIWAYWLGLKVRREYRKFFRANAGKKIYEFTLQRIVQKYLLEMKNKMPSLSPIDKNWPSRPYLFLDSTHKELKRIFHLWRCKKYRDQFTDQQKLIYEEKLEASELFKDKKALYPSSVGQPFQGAYLEINKNPKYKKLKDAIEEKIIIAEVVNKINRANGKSTSRIFLLTNNNLLLADQKSGQIKSEVPLVDVTKVSMSSQNDGFFAVHLKEGSEAASKGDFLFSSDHLIEMATKLYRTTLSQTKQKLNIEISDEFLVQFRQDKVCVKFIQGNQKNGSVPTCKRKNNRLLEVAVP,0.0721,,9.195402298850574,S5,Ure_mock_IR
chr2,58026179,TTTA,T,PASS,60.0,6.76,94,94,"76,76","1,1","17,17",45,45,29.0,6.0,"10,10",chr2,.,TTTA,T,.,PASS,IC=5;IHP=5;MQ=60.00;MQ0=0;NT=ref;QSI=41;QSI_NT=41;RC=6;RU=TTA;SGT=ref->het;SOMATIC;SomaticEVS=6.76;TQSI=1;TQSI_NT=1;CSQ=-|intron_variant|MODIFIER|Galnt5|ENSMUSG00000026828|Transcript|ENSMUST00000112616.7|protein_coding||6/9|ENSMUST00000112616.7:c.2085+34_2085+36del|||||||||1||MGI||1|||MNKIRKFFRGSGRVLAFIFAASVIWLLFDMAALRLSFSEINAGLLKEDIIRREHTGFRVEPDQVKVLYTSIRGMGLPRNGAWGKENFRKAENHELKVEENMDQVQRKGKMQNLLGRRKAVPLWHLAHLQTLPVTIPMQKTQGRDSKPEVSSQYMMSKWMTVLESEKTPFTASRGVPLTKIAGRTETFDKKQEAPQNYNVSSDTSKQASERTLNMTISVKTDRSKQKSQTVTKLRMHFASPPILKSEEVTVIKKAEAQSKDLKHEALKALPLLKFIADMGHLKNQSTNETQLGRLPEDDAAKVAPGKKLNFSESHVVIITKEEELKTDTKEVPNSKTQTVFPKLLGGSPHKQIPRNQSKTSSSPPALKKAVSQSKPTISGGLHTARSNLTAKAPTVGYQQSHANIPENPGMHHVFRIDVTLSPRDLNAPGQFGRPVVVPPEKKKEAEQRWKEGNFNVYLSDLIPVDRAIEDTRPAGCAEQLVHNDLPTTSIIMCFVDEVWSALLRSVHSVLNRSPPHLIKEILLVDDFSTKEYLKADLDKYMSQFPKVRILRLKERHGLIRARLAGAQNATGDVLTFLDSHVECNVGWLEPLLERVYLNRKKVACPVIEVINDKDMSYMTVDNFQRGVFTWPMNFGWKTIPPDVVAKNGIKETDIIRCPVMAGGLFSIDKSYFYELGTYDPGLDVWGGENMELSFKVWMCGGEIEIIPCSRVGHIFRNDNPYSFPKDRMKTVERNLVRVAEVWLDDYRELFYGHGDHLIDQGLDVGNLTQQRELRKKLKCKSFKWYLDNVFPDLKAPVVRASGVLINMALGKCVSIENITVTLEDCDGSSQLQQFNYTWVRLIKHGEWCVAPIPEKGSLTLYHCDNRNNRLKWLHKSASAFHPELVDHIVFENYQQLLCMEGNFSQKTLKLAACNPMELQQKWKFEKYYEV|0.861|,BCN50:DP:DP2:DP50:FDP50:SUBDP50:TAR:TIR:TOR,"0.00:94:94:109.72:0.00:0.00:76,76:1,1:17,17","0.00:45:45:53.68:0.00:0.00:29,29:6,6:10,10",5,5,60.0,0,ref,,41,41,6,TTA,ref->het,True,6.76,1,1,-,intron_variant,MODIFIER,Galnt5,ENSMUSG00000026828,Transcript,ENSMUST00000112616.7,protein_coding,,6/9,ENSMUST00000112616.7:c.2085+34_2085+36del,,,,,,,,,1,,MGI,,1,,,MNKIRKFFRGSGRVLAFIFAASVIWLLFDMAALRLSFSEINAGLLKEDIIRREHTGFRVEPDQVKVLYTSIRGMGLPRNGAWGKENFRKAENHELKVEENMDQVQRKGKMQNLLGRRKAVPLWHLAHLQTLPVTIPMQKTQGRDSKPEVSSQYMMSKWMTVLESEKTPFTASRGVPLTKIAGRTETFDKKQEAPQNYNVSSDTSKQASERTLNMTISVKTDRSKQKSQTVTKLRMHFASPPILKSEEVTVIKKAEAQSKDLKHEALKALPLLKFIADMGHLKNQSTNETQLGRLPEDDAAKVAPGKKLNFSESHVVIITKEEELKTDTKEVPNSKTQTVFPKLLGGSPHKQIPRNQSKTSSSPPALKKAVSQSKPTISGGLHTARSNLTAKAPTVGYQQSHANIPENPGMHHVFRIDVTLSPRDLNAPGQFGRPVVVPPEKKKEAEQRWKEGNFNVYLSDLIPVDRAIEDTRPAGCAEQLVHNDLPTTSIIMCFVDEVWSALLRSVHSVLNRSPPHLIKEILLVDDFSTKEYLKADLDKYMSQFPKVRILRLKERHGLIRARLAGAQNATGDVLTFLDSHVECNVGWLEPLLERVYLNRKKVACPVIEVINDKDMSYMTVDNFQRGVFTWPMNFGWKTIPPDVVAKNGIKETDIIRCPVMAGGLFSIDKSYFYELGTYDPGLDVWGGENMELSFKVWMCGGEIEIIPCSRVGHIFRNDNPYSFPKDRMKTVERNLVRVAEVWLDDYRELFYGHGDHLIDQGLDVGNLTQQRELRKKLKCKSFKWYLDNVFPDLKAPVVRASGVLINMALGKCVSIENITVTLEDCDGSSQLQQFNYTWVRLIKHGEWCVAPIPEKGSLTLYHCDNRNNRLKWLHKSASAFHPELVDHIVFENYQQLLCMEGNFSQKTLKLAACNPMELQQKWKFEKYYEV,0.861,,17.142857142857142,S5,Ure_mock_IR
chr2,180038195,GA,G,PASS,60.0,7.86,157,157,"148,148","0,0","10,10",64,64,54.0,5.0,"6,6",chr2,.,GA,G,.,PASS,IC=8;IHP=9;MQ=60.00;MQ0=0;NT=ref;QSI=49;QSI_NT=49;RC=9;RU=A;SGT=ref->het;SOMATIC;SomaticEVS=7.86;TQSI=1;TQSI_NT=1;CSQ=-|intron_variant|MODIFIER|Psma7|ENSMUSG00000027566|Transcript|ENSMUST00000029082.8|protein_coding||3/6|ENSMUST00000029082.8:c.349-9del|||||||||-1||MGI||1|||MSYDRAITVFSPDGHLFQVEYAQEAVKKGSTAVGVRGKDIVVLGVEKKSVAKLQDERTVRKICALDDNVCMAFAGLTADARIVINRARVECQSHRLTVEDPVTVEYITRYIASLKQRYTQSNGRRPFGISALIVGFDFDGTPRLYQTDPSGTYHAWKANAIGRGAKSVREFLEKNYTDDAIETDDLTIKLVIKALLEVVQSGGKNIELAVMRRDQPLKILNPEEIEKYVAEIEKEKEENEKKKQKKAS||,BCN50:DP:DP2:DP50:FDP50:SUBDP50:TAR:TIR:TOR,"0.00:157:157:153.36:0.37:0.00:148,148:0,0:10,10","0.00:64:64:65.08:0.00:0.00:54,54:5,5:6,6",8,9,60.0,0,ref,,49,49,9,A,ref->het,True,7.86,1,1,-,intron_variant,MODIFIER,Psma7,ENSMUSG00000027566,Transcript,ENSMUST00000029082.8,protein_coding,,3/6,ENSMUST00000029082.8:c.349-9del,,,,,,,,,-1,,MGI,,1,,,MSYDRAITVFSPDGHLFQVEYAQEAVKKGSTAVGVRGKDIVVLGVEKKSVAKLQDERTVRKICALDDNVCMAFAGLTADARIVINRARVECQSHRLTVEDPVTVEYITRYIASLKQRYTQSNGRRPFGISALIVGFDFDGTPRLYQTDPSGTYHAWKANAIGRGAKSVREFLEKNYTDDAIETDDLTIKLVIKALLEVVQSGGKNIELAVMRRDQPLKILNPEEIEKYVAEIEKEKEENEKKKQKKAS,,,8.47457627118644,S5,Ure_mock_IR
chr3,69032880,TA,T,PASS,60.0,10.79,114,114,"103,103","0,0","9,9",60,60,48.0,5.0,"4,4",chr3,.,TA,T,.,PASS,IC=7;IHP=9;MQ=60.00;MQ0=0;NT=ref;QSI=53;QSI_NT=53;RC=8;RU=A;SGT=ref->het;SOMATIC;SomaticEVS=10.79;TQSI=1;TQSI_NT=1;CSQ=-|frameshift_variant|HIGH|Smc4|ENSMUSG00000034349|Transcript|ENSMUST00000042901.14|protein_coding|21/24||ENSMUST00000042901.14:c.3290del|ENSMUSP00000047872.8:p.Lys1097ArgfsTer9|3641|3283|1095|K/X|Aaa/aa|||1||MGI||1|7|MRRKGTKPSTACHQEEGPPPSQDGAHSDEEMEQPAGEAESAAPAKPPGEELDNRSLEEILNSIPPPPPPAMASEAGAPRLMITHIVNQNFKSYAGEKVLGPFHKRFSCIIGPNGSGKSNVIDSMLFVFGYRAQKIRSKKLSVLIHNSDEHKDIQSCTVEVHFQKIIDKEGDDYEVLPNSNFYVSRTAYRDSTSVYHISGKKKTFKDVGNLLRSHGIDLDHNRFLILQGEVEQIAMMKPKGQTEHDEGMLEYLEDIIGCGRLNEPIKVLCRRVEILNEHRGEKLNRVKMVEKEKDALEGEKNIAIEFLTLENEMFKKKNHICQYYIYDLQNRIAEITTQKEKIHEDTKEITEKSNVLSNEMKAKNSAVKDVEKKLNKVTKFIEQNKEKFTQLDLEDVQVREKLKHATSKAKKLEKQLQKDKEKVEELKSVPAKSKTVINETTTRNNSLEKEREKEEKKLKEVMDSLKQETQGLQKEKEIQEKELMGFNKSVNEARSKMEVAQSELDIYLSRHNTAVSQLSKAKEALITASETLKERKAAIKDINTKLPQTQQELKEKEKELQKLTQEEINLKSLVHDLFQKVEEAKSSLAMNRSRGKVLDAIIQEKKSGRIPGIYGRLGDLGAIDEKYDIAISSCCHALDYIVVDSIDTAQECVNFLKKHNIGIATFIGLDKMTVWAKKMSKIQTPENTPRLFDLVKVKNEEIRQAFYFALRDTLVANNLDQATRVAYQRDRRWRVVTLQGQIIEQSGTMSGGGSKVMRGRMGSSVIDEISVEEVNKMESQLERHSKQAMQIQEQKVQHEEAVVKLRHSERDMRNTLEKFAASIQGLSEQEEYLCVQIKELEANVLTTAPDRKQQKLLEENVSVFKKEYDAVAEKAGKVEAEIKRLHNTIIDINNRKLKAQQNKLDTINKQLDECASAITKAQVAIKTADRNLKKAQDSVCRTEKEIKDTEKEINDLKTELKNIEDKAEEVINNTKTAETSLPEIQKEHRNLLQELKVIQENEHALQKDALSIKLKLEQIDGHISEHNSKIKYWQKEISKIKLHPVEDNPVETVAVLSQEELEAIKNPESITNEIALLEAQCREMKPNLGAIAEYKKRKIYICKE|MRRKGTKPSTACHQEEGPPPSQDGAHSDEEMEQPAGEAESAAPAKPPGEELDNRSLEEILNSIPPPPPPAMASEAGAPRLMITHIVNQNFKSYAGEKVLGPFHKRFSCIIGPNGSGKSNVIDSMLFVFGYRAQKIRSKKLSVLIHNSDEHKDIQSCTVEVHFQKIIDKEGDDYEVLPNSNFYVSRTAYRDSTSVYHISGKKKTFKDVGNLLRSHGIDLDHNRFLILQGEVEQIAMMKPKGQTEHDEGMLEYLEDIIGCGRLNEPIKVLCRRVEILNEHRGEKLNRVKMVEKEKDALEGEKNIAIEFLTLENEMFKKKNHICQYYIYDLQNRIAEITTQKEKIHEDTKEITEKSNVLSNEMKAKNSAVKDVEKKLNKVTKFIEQNKEKFTQLDLEDVQVREKLKHATSKAKKLEKQLQKDKEKVEELKSVPAKSKTVINETTTRNNSLEKEREKEEKKLKEVMDSLKQETQGLQKEKEIQEKELMGFNKSVNEARSKMEVAQSELDIYLSRHNTAVSQLSKAKEALITASETLKERKAAIKDINTKLPQTQQELKEKEKELQKLTQEEINLKSLVHDLFQKVEEAKSSLAMNRSRGKVLDAIIQEKKSGRIPGIYGRLGDLGAIDEKYDIAISSCCHALDYIVVDSIDTAQECVNFLKKHNIGIATFIGLDKMTVWAKKMSKIQTPENTPRLFDLVKVKNEEIRQAFYFALRDTLVANNLDQATRVAYQRDRRWRVVTLQGQIIEQSGTMSGGGSKVMRGRMGSSVIDEISVEEVNKMESQLERHSKQAMQIQEQKVQHEEAVVKLRHSERDMRNTLEKFAASIQGLSEQEEYLCVQIKELEANVLTTAPDRKQQKLLEENVSVFKKEYDAVAEKAGKVEAEIKRLHNTIIDINNRKLKAQQNKLDTINKQLDECASAITKAQVAIKTADRNLKKAQDSVCRTEKEIKDTEKEINDLKTELKNIEDKAEEVINNTKTAETSLPEIQKEHRNLLQELKVIQENEHALQKDALSIKLKLEQIDGHISEHNSKIKYWQKEISKIKLHPVEDNPVETVAVLSQEELEAIKNPESITNEIALLEAQCREMKPNLGAIAEYKKKEDLYLQRVAELDKITSERDNFRQAYEDLRKQRLNEFMAGFYVITNKLKENYQMLTLGGDAELELVDSLDPFSEGIMFSVRPPKKSWKKIFNLSGGEKTLSSLALVFALHHYKPTPLYFMDEIDAALDFKNVSIVAFYIYEQTKNAQFIIISLRNNMFEISDRLIGIYKTYNSTKSVAVNPKQIASKGLC|0.385|,BCN50:DP:DP2:DP50:FDP50:SUBDP50:TAR:TIR:TOR,"0.00:114:114:120.45:0.00:0.00:103,103:0,0:9,9","0.00:60:60:62.87:0.00:0.00:48,48:5,5:4,4",7,9,60.0,0,ref,,53,53,8,A,ref->het,True,10.79,1,1,-,frameshift_variant,HIGH,Smc4,ENSMUSG00000034349,Transcript,ENSMUST00000042901.14,protein_coding,21/24,,ENSMUST00000042901.14:c.3290del,ENSMUSP00000047872.8:p.Lys1097ArgfsTer9,3641.0,3283.0,1095.0,K/X,Aaa/aa,,,1,,MGI,,1,7.0,MRRKGTKPSTACHQEEGPPPSQDGAHSDEEMEQPAGEAESAAPAKPPGEELDNRSLEEILNSIPPPPPPAMASEAGAPRLMITHIVNQNFKSYAGEKVLGPFHKRFSCIIGPNGSGKSNVIDSMLFVFGYRAQKIRSKKLSVLIHNSDEHKDIQSCTVEVHFQKIIDKEGDDYEVLPNSNFYVSRTAYRDSTSVYHISGKKKTFKDVGNLLRSHGIDLDHNRFLILQGEVEQIAMMKPKGQTEHDEGMLEYLEDIIGCGRLNEPIKVLCRRVEILNEHRGEKLNRVKMVEKEKDALEGEKNIAIEFLTLENEMFKKKNHICQYYIYDLQNRIAEITTQKEKIHEDTKEITEKSNVLSNEMKAKNSAVKDVEKKLNKVTKFIEQNKEKFTQLDLEDVQVREKLKHATSKAKKLEKQLQKDKEKVEELKSVPAKSKTVINETTTRNNSLEKEREKEEKKLKEVMDSLKQETQGLQKEKEIQEKELMGFNKSVNEARSKMEVAQSELDIYLSRHNTAVSQLSKAKEALITASETLKERKAAIKDINTKLPQTQQELKEKEKELQKLTQEEINLKSLVHDLFQKVEEAKSSLAMNRSRGKVLDAIIQEKKSGRIPGIYGRLGDLGAIDEKYDIAISSCCHALDYIVVDSIDTAQECVNFLKKHNIGIATFIGLDKMTVWAKKMSKIQTPENTPRLFDLVKVKNEEIRQAFYFALRDTLVANNLDQATRVAYQRDRRWRVVTLQGQIIEQSGTMSGGGSKVMRGRMGSSVIDEISVEEVNKMESQLERHSKQAMQIQEQKVQHEEAVVKLRHSERDMRNTLEKFAASIQGLSEQEEYLCVQIKELEANVLTTAPDRKQQKLLEENVSVFKKEYDAVAEKAGKVEAEIKRLHNTIIDINNRKLKAQQNKLDTINKQLDECASAITKAQVAIKTADRNLKKAQDSVCRTEKEIKDTEKEINDLKTELKNIEDKAEEVINNTKTAETSLPEIQKEHRNLLQELKVIQENEHALQKDALSIKLKLEQIDGHISEHNSKIKYWQKEISKIKLHPVEDNPVETVAVLSQEELEAIKNPESITNEIALLEAQCREMKPNLGAIAEYKKRKIYICKE,MRRKGTKPSTACHQEEGPPPSQDGAHSDEEMEQPAGEAESAAPAKPPGEELDNRSLEEILNSIPPPPPPAMASEAGAPRLMITHIVNQNFKSYAGEKVLGPFHKRFSCIIGPNGSGKSNVIDSMLFVFGYRAQKIRSKKLSVLIHNSDEHKDIQSCTVEVHFQKIIDKEGDDYEVLPNSNFYVSRTAYRDSTSVYHISGKKKTFKDVGNLLRSHGIDLDHNRFLILQGEVEQIAMMKPKGQTEHDEGMLEYLEDIIGCGRLNEPIKVLCRRVEILNEHRGEKLNRVKMVEKEKDALEGEKNIAIEFLTLENEMFKKKNHICQYYIYDLQNRIAEITTQKEKIHEDTKEITEKSNVLSNEMKAKNSAVKDVEKKLNKVTKFIEQNKEKFTQLDLEDVQVREKLKHATSKAKKLEKQLQKDKEKVEELKSVPAKSKTVINETTTRNNSLEKEREKEEKKLKEVMDSLKQETQGLQKEKEIQEKELMGFNKSVNEARSKMEVAQSELDIYLSRHNTAVSQLSKAKEALITASETLKERKAAIKDINTKLPQTQQELKEKEKELQKLTQEEINLKSLVHDLFQKVEEAKSSLAMNRSRGKVLDAIIQEKKSGRIPGIYGRLGDLGAIDEKYDIAISSCCHALDYIVVDSIDTAQECVNFLKKHNIGIATFIGLDKMTVWAKKMSKIQTPENTPRLFDLVKVKNEEIRQAFYFALRDTLVANNLDQATRVAYQRDRRWRVVTLQGQIIEQSGTMSGGGSKVMRGRMGSSVIDEISVEEVNKMESQLERHSKQAMQIQEQKVQHEEAVVKLRHSERDMRNTLEKFAASIQGLSEQEEYLCVQIKELEANVLTTAPDRKQQKLLEENVSVFKKEYDAVAEKAGKVEAEIKRLHNTIIDINNRKLKAQQNKLDTINKQLDECASAITKAQVAIKTADRNLKKAQDSVCRTEKEIKDTEKEINDLKTELKNIEDKAEEVINNTKTAETSLPEIQKEHRNLLQELKVIQENEHALQKDALSIKLKLEQIDGHISEHNSKIKYWQKEISKIKLHPVEDNPVETVAVLSQEELEAIKNPESITNEIALLEAQCREMKPNLGAIAEYKKKEDLYLQRVAELDKITSERDNFRQAYEDLRKQRLNEFMAGFYVITNKLKENYQMLTLGGDAELELVDSLDPFSEGIMFSVRPPKKSWKKIFNLSGGEKTLSSLALVFALHHYKPTPLYFMDEIDAALDFKNVSIVAFYIYEQTKNAQFIIISLRNNMFEISDRLIGIYKTYNSTKSVAVNPKQIASKGLC,0.385,,9.433962264150944,S5,Ure_mock_IR
chr3,133072165,AG,A,PASS,60.0,10.27,9,9,"4,5","0,0","5,4",5,5,1.0,4.0,"0,0",chr3,.,AG,A,.,PASS,IC=9;IHP=10;MQ=60.00;MQ0=0;NT=ref;QSI=1;QSI_NT=1;RC=10;RU=G;SGT=het->het;SOMATIC;SomaticEVS=10.27;TQSI=1;TQSI_NT=1;CSQ=-|intron_variant|MODIFIER|Gstcd|ENSMUSG00000028018|Transcript|ENSMUST00000029651.10|protein_coding||3/11|ENSMUST00000029651.10:c.898-15del|||||||||-1||MGI||1|||MKGIKKSPTEESLYLEYSHQTEGCIFPLHTSVTLFLLSYCECKVFNVCLVLTEESTDTSDTSFLKEALPQDLEIQVISKQALPPIVQNCCLPAVVDQPDVFCRAGLAVVLRHIIQKSYEAEPSRKEILELLGFKKTCLKACAEVSQWTRLCELTIPLAVENFLQESSEHPPTIPEEILELERKLSEPVRVHNDDKLRRQKLKQQKAAGSEPPSGKGKAKSKASAQKTPKDLAAPSKSLELKVAFSKLTVQEDAAASNREPSHIRKAKAADLPPLEHVFAEGLYFTLADIVLLPCIHHFLVIICKKFSEKLEQFPLLTSWYQRIQEVPKVKTAASKCGIYFLYLPELLNSARKQPVNSDEVAAVDEQSDPLFIGGPRPTMTKLMEKGIEAMFSPHPCPAWTLDWSSLPAAVSPKEGKMSTDRALRKQQQLNNLVYLVLNQAKPGDRIVDFCSGGGHVGIVLAHMLPSCQVTLIENKELSLIRAKKRSDELGLSNIWFIQANMEYFTGMFNIGVALHACGVATDMVIEHCIQTRASFITCPCCYGFIQNTSKFNFPKSEKFKKTLSYKEHMLLCRFADQTAVQLPPERRLIGKQCMGLVDLDRAAAAGEHGYSVQVISMEPESCSPKNNMIVGVPL|0.202|,BCN50:DP:DP2:DP50:FDP50:SUBDP50:TAR:TIR:TOR,"0.00:9:9:18.10:0.00:0.00:4,5:0,0:5,4","0.00:5:5:13.45:0.00:0.00:1,1:4,4:0,0",9,10,60.0,0,ref,,1,1,10,G,het->het,True,10.27,1,1,-,intron_variant,MODIFIER,Gstcd,ENSMUSG00000028018,Transcript,ENSMUST00000029651.10,protein_coding,,3/11,ENSMUST00000029651.10:c.898-15del,,,,,,,,,-1,,MGI,,1,,,MKGIKKSPTEESLYLEYSHQTEGCIFPLHTSVTLFLLSYCECKVFNVCLVLTEESTDTSDTSFLKEALPQDLEIQVISKQALPPIVQNCCLPAVVDQPDVFCRAGLAVVLRHIIQKSYEAEPSRKEILELLGFKKTCLKACAEVSQWTRLCELTIPLAVENFLQESSEHPPTIPEEILELERKLSEPVRVHNDDKLRRQKLKQQKAAGSEPPSGKGKAKSKASAQKTPKDLAAPSKSLELKVAFSKLTVQEDAAASNREPSHIRKAKAADLPPLEHVFAEGLYFTLADIVLLPCIHHFLVIICKKFSEKLEQFPLLTSWYQRIQEVPKVKTAASKCGIYFLYLPELLNSARKQPVNSDEVAAVDEQSDPLFIGGPRPTMTKLMEKGIEAMFSPHPCPAWTLDWSSLPAAVSPKEGKMSTDRALRKQQQLNNLVYLVLNQAKPGDRIVDFCSGGGHVGIVLAHMLPSCQVTLIENKELSLIRAKKRSDELGLSNIWFIQANMEYFTGMFNIGVALHACGVATDMVIEHCIQTRASFITCPCCYGFIQNTSKFNFPKSEKFKKTLSYKEHMLLCRFADQTAVQLPPERRLIGKQCMGLVDLDRAAAAGEHGYSVQVISMEPESCSPKNNMIVGVPL,0.202,,80.0,S5,Ure_mock_IR
chr4,44149059,TG,T,PASS,60.0,14.49,101,101,"98,99","0,0","6,5",40,40,34.0,5.0,"3,3",chr4,.,TG,T,.,PASS,IC=6;IHP=7;MQ=60.00;MQ0=0;NT=ref;QSI=61;QSI_NT=61;RC=7;RU=G;SGT=ref->het;SOMATIC;SomaticEVS=14.49;TQSI=1;TQSI_NT=1;CSQ=-|frameshift_variant|HIGH|Rnf38|ENSMUSG00000035696|Transcript|ENSMUST00000098098.8|protein_coding|3/11||ENSMUST00000098098.8:c.382del|ENSMUSP00000095702.2:p.Gln128SerfsTer24|664|382|128|Q/X|Cag/ag|||-1||MGI||1||MRESEDSPSPKRQRLSHSVFDYTSASPAPSPPMRPWEMTSNRQPPSVRPNQHHFSGERCNTPARNRRSPPVRRQRGRRERLSRHNSISQDENYHHLPYAQQQAIEEPRAFHPPNVSPRLLHPAAHPPSRMQSWLTYMISSIKEQFLSPTR|MRESEDSPSPKRQRLSHSVFDYTSASPAPSPPMRPWEMTSNRQPPSVRPNQHHFSGERCNTPARNRRSPPVRRQRGRRERLSRHNSISQDENYHHLPYAQQQAIEEPRAFHPPNVSPRLLHPAAHPPQQNAVMVDIHDQLHQGTVPVSYTVTTVAPHGLPLCTGQHIPACSTQQVPGCSVVFSGQHLPVCSVPPPMLQACSVQHLPVPYAAFPPLISSDPFLIHPPHLSPHHPPHLPPPGQFVPFQTQQSRSPLQRIENEVELLGEHLQVGSFTYPPSAHPPTLPPSAPLQFLTHDPLHQEVSFGVPYPPFMPRRLTGRSRYRSQQPMPPPPYHPSLLPYVLSMLPVPPAVGPTFSFELDVEDGEVENYEALLNLAERLGEAKPRGLTKADIEQLPSYRFNPSNHQSEQTLCVVCMCDFESRQLLRVLPCNHEFHAKCVDKWLKGNRTCPICRADASEVHRDSE|0.384|,BCN50:DP:DP2:DP50:FDP50:SUBDP50:TAR:TIR:TOR,"0.00:101:101:95.87:0.27:0.00:98,99:0,0:6,5","0.00:40:40:42.26:0.00:0.00:34,34:5,5:3,3",6,7,60.0,0,ref,,61,61,7,G,ref->het,True,14.49,1,1,-,frameshift_variant,HIGH,Rnf38,ENSMUSG00000035696,Transcript,ENSMUST00000098098.8,protein_coding,3/11,,ENSMUST00000098098.8:c.382del,ENSMUSP00000095702.2:p.Gln128SerfsTer24,664.0,382.0,128.0,Q/X,Cag/ag,,,-1,,MGI,,1,,MRESEDSPSPKRQRLSHSVFDYTSASPAPSPPMRPWEMTSNRQPPSVRPNQHHFSGERCNTPARNRRSPPVRRQRGRRERLSRHNSISQDENYHHLPYAQQQAIEEPRAFHPPNVSPRLLHPAAHPPSRMQSWLTYMISSIKEQFLSPTR,MRESEDSPSPKRQRLSHSVFDYTSASPAPSPPMRPWEMTSNRQPPSVRPNQHHFSGERCNTPARNRRSPPVRRQRGRRERLSRHNSISQDENYHHLPYAQQQAIEEPRAFHPPNVSPRLLHPAAHPPQQNAVMVDIHDQLHQGTVPVSYTVTTVAPHGLPLCTGQHIPACSTQQVPGCSVVFSGQHLPVCSVPPPMLQACSVQHLPVPYAAFPPLISSDPFLIHPPHLSPHHPPHLPPPGQFVPFQTQQSRSPLQRIENEVELLGEHLQVGSFTYPPSAHPPTLPPSAPLQFLTHDPLHQEVSFGVPYPPFMPRRLTGRSRYRSQQPMPPPPYHPSLLPYVLSMLPVPPAVGPTFSFELDVEDGEVENYEALLNLAERLGEAKPRGLTKADIEQLPSYRFNPSNHQSEQTLCVVCMCDFESRQLLRVLPCNHEFHAKCVDKWLKGNRTCPICRADASEVHRDSE,0.384,,12.82051282051282,S5,Ure_mock_IR
chr4,127054187,TA,T,PASS,60.0,8.04,155,155,"146,146","1,1","10,10",69,69,64.0,5.0,"0,0",chr4,.,TA,T,.,PASS,IC=8;IHP=9;MQ=60.00;MQ0=0;NT=ref;QSI=36;QSI_NT=36;RC=9;RU=A;SGT=ref->het;SOMATIC;SomaticEVS=8.04;TQSI=1;TQSI_NT=1;CSQ=-|intron_variant|MODIFIER|Zmym1|ENSMUSG00000043872|Transcript|ENSMUST00000106102.8|protein_coding||4/7|ENSMUST00000106102.8:c.369+20del|||||||||-1||MGI||1|||MLPAVPGTAVRLSCAKCKRVFQEGQTAFQRKGSAELFCSRLCIDGYPSPAVSPAPLKRMCLNCSRDILSLKDMKSVQLEDSSCDKNFCSQSCLTSYEEKRKPGVTIYTDSSLPKCSMCQKTSTKPPRILRSSPCKSLQLSDEMIAITNDLGNVEVYCSACSSSYNSAVMESPSVNVSMVHSSSKENLCPKKYPVISNIMSLVNNHVDLVVNTDLLQGTLSSLPTDVIMSNSASESSSGVGNSADQPGLLPPCSVLCEDTAAPGEGVENNSEKSMEGNDRLCLSKSTLTEQNIKTEPPGEPWSPALQHLHPSPADNIAFCYSCYLFFQKKFSCRREAFATQGTADWEKMLGNFRKHEESDVHLKSLQFWRQYQFLDAIPCDNSSVYSKQIEGNKKYLRLIIENILFLGKQCLLLKGNDQSVSPMNKGSFLELLELRARDRGEVFQLMSSHVDFYSSTLVQEEIIEMIKDEMLQDIVSEINASSAFSIICEEIAGSAAERQLSVCVRYPQKTPSAVLVKERFLGFVTAEEVTGVHVHGRIKAYLQQVGVDFNKICGQAYDSATNFTVKLNEVVAEFKKEEPRALYVHCHAHFLELAVISFCKEVKELREALHTLCSLFNTVHVSEEMLASLQTMCKLSLNKTCKKHTSQSCWPAHDHLLLAVTDCLPEVVEVLASVSRRCAGTAVAAELEDLLAMVTKFEFIFCLKFLYRVLSITGILSREFQSETVDIFSLFSKIEAILECLSSERNDTYFKNIWDGADEICKKITSKGFDVEKPSFQKRRKVQRTVDPGNSEHMFFPTSADEQYKFNIYYQGLDTVLKHLKLYFSEFDYCKMKQISELLLKWNEPLNEATAKHIQEFYKLDADIIPELRFYRQYAGFNFIAEDGSLSFIDLGSLFIQHALHNNIPCITKLLHIALSWPITSANNEKSFSTLSHLKTYLLRTMGQEKLSSLALIAVEQELVNKLMEPERLGGIVEKFISQMKDT||,BCN50:DP:DP2:DP50:FDP50:SUBDP50:TAR:TIR:TOR,"0.00:155:155:112.51:0.00:0.00:146,146:1,1:10,10","0.00:69:69:56.76:0.00:0.00:64,64:5,5:0,0",8,9,60.0,0,ref,,36,36,9,A,ref->het,True,8.04,1,1,-,intron_variant,MODIFIER,Zmym1,ENSMUSG00000043872,Transcript,ENSMUST00000106102.8,protein_coding,,4/7,ENSMUST00000106102.8:c.369+20del,,,,,,,,,-1,,MGI,,1,,,MLPAVPGTAVRLSCAKCKRVFQEGQTAFQRKGSAELFCSRLCIDGYPSPAVSPAPLKRMCLNCSRDILSLKDMKSVQLEDSSCDKNFCSQSCLTSYEEKRKPGVTIYTDSSLPKCSMCQKTSTKPPRILRSSPCKSLQLSDEMIAITNDLGNVEVYCSACSSSYNSAVMESPSVNVSMVHSSSKENLCPKKYPVISNIMSLVNNHVDLVVNTDLLQGTLSSLPTDVIMSNSASESSSGVGNSADQPGLLPPCSVLCEDTAAPGEGVENNSEKSMEGNDRLCLSKSTLTEQNIKTEPPGEPWSPALQHLHPSPADNIAFCYSCYLFFQKKFSCRREAFATQGTADWEKMLGNFRKHEESDVHLKSLQFWRQYQFLDAIPCDNSSVYSKQIEGNKKYLRLIIENILFLGKQCLLLKGNDQSVSPMNKGSFLELLELRARDRGEVFQLMSSHVDFYSSTLVQEEIIEMIKDEMLQDIVSEINASSAFSIICEEIAGSAAERQLSVCVRYPQKTPSAVLVKERFLGFVTAEEVTGVHVHGRIKAYLQQVGVDFNKICGQAYDSATNFTVKLNEVVAEFKKEEPRALYVHCHAHFLELAVISFCKEVKELREALHTLCSLFNTVHVSEEMLASLQTMCKLSLNKTCKKHTSQSCWPAHDHLLLAVTDCLPEVVEVLASVSRRCAGTAVAAELEDLLAMVTKFEFIFCLKFLYRVLSITGILSREFQSETVDIFSLFSKIEAILECLSSERNDTYFKNIWDGADEICKKITSKGFDVEKPSFQKRRKVQRTVDPGNSEHMFFPTSADEQYKFNIYYQGLDTVLKHLKLYFSEFDYCKMKQISELLLKWNEPLNEATAKHIQEFYKLDADIIPELRFYRQYAGFNFIAEDGSLSFIDLGSLFIQHALHNNIPCITKLLHIALSWPITSANNEKSFSTLSHLKTYLLRTMGQEKLSSLALIAVEQELVNKLMEPERLGGIVEKFISQMKDT,,,7.246376811594203,S5,Ure_mock_IR
chr4,133295333,CT,C,PASS,60.0,17.23,38,38,"38,38","0,0","0,0",19,19,15.0,4.0,"0,0",chr4,.,CT,C,.,PASS,IC=3;IHP=4;MQ=60.00;MQ0=0;NT=ref;QSI=54;QSI_NT=54;RC=4;RU=T;SGT=ref->het;SOMATIC;SomaticEVS=17.23;TQSI=1;TQSI_NT=1;CSQ=-|frameshift_variant|HIGH|Wdtc1|ENSMUSG00000037622|Transcript|ENSMUST00000043305.13|protein_coding|15/16||ENSMUST00000043305.13:c.1700del|ENSMUSP00000040647.7:p.Lys567ArgfsTer69|2128|1700|567|K/X|aAg/ag|||-1||MGI||1||MAKVNITRDLIRRQVKERGALSFERRYHVTDPFIRRLGLEAELQGHSGCVNCLEWNEKGDLLASGSDDQHTIVWDPLHHKKLLSMHTGHTANIFSVKFLPHAGDRILITGAADSKVHVHDLTVKETIHMFGDHTNRVKRIATAPMWPNTFWSAAEDGLIRQYDLRENSKHSEVLIDLTEYCGPMVEAKCLTVNPQDNNCLAVGASGPFVRLYDIRMIHNHRKSMRQSPSAGVHTFCDRQKPLPDGAAQYYVAGHLPVKLPDYNSRLRVLVATYVTFSPNGTELLVNMGGEQVYLFDLTYKQRPYTFLLPRKCHSVEVQNGKMSTNGVSNGVSNGLHLHSNGFRLPESKGCISPQVELPPYLERVKQQANEAFACQQWTQAIQLYSQAVQKAPHNAMLYGNRAAAYMKRKWDGDHYDALRDCLKAISLNPCHLKAHFRLARCLFELKYVAEALECLDDFKGKFPEQAHSSACDALGRDITAALFSKSDGEEKKAAGGGGGPVRLRSTSRKDSISEDEMVLRERSYDYQFRYCGHCNTTTDIKEANFFGSNAQYIVSGSDDGSFFIWERRPPTSSECCRGMSPLSTACSPIPATASWPPVASTLLCDCGTHDQRVKTSQAELWKIWRVHLRPTSGA|MAKVNITRDLIRRQVKERGALSFERRYHVTDPFIRRLGLEAELQGHSGCVNCLEWNEKGDLLASGSDDQHTIVWDPLHHKKLLSMHTGHTANIFSVKFLPHAGDRILITGAADSKVHVHDLTVKETIHMFGDHTNRVKRIATAPMWPNTFWSAAEDGLIRQYDLRENSKHSEVLIDLTEYCGPMVEAKCLTVNPQDNNCLAVGASGPFVRLYDIRMIHNHRKSMRQSPSAGVHTFCDRQKPLPDGAAQYYVAGHLPVKLPDYNSRLRVLVATYVTFSPNGTELLVNMGGEQVYLFDLTYKQRPYTFLLPRKCHSVEVQNGKMSTNGVSNGVSNGLHLHSNGFRLPESKGCISPQVELPPYLERVKQQANEAFACQQWTQAIQLYSQAVQKAPHNAMLYGNRAAAYMKRKWDGDHYDALRDCLKAISLNPCHLKAHFRLARCLFELKYVAEALECLDDFKGKFPEQAHSSACDALGRDITAALFSKSDGEEKKAAGGGGGPVRLRSTSRKDSISEDEMVLRERSYDYQFRYCGHCNTTTDIKEANFFGSNAQYIVSGSDDGSFFIWEKETTNLVRVLQGDESIVNCLQPHPSYCFLATSGIDPVVRLWNPRPESEDLTGRVVEDMEGASQANQRRMNANPLEAMLLDMGYRITGLSSGGAGASDDEDSAEGQVQCRPS|0.0872|,BCN50:DP:DP2:DP50:FDP50:SUBDP50:TAR:TIR:TOR,"0.00:38:38:38.23:0.00:0.00:38,38:0,0:0,0","0.00:19:19:18.45:0.00:0.00:15,15:4,4:0,0",3,4,60.0,0,ref,,54,54,4,T,ref->het,True,17.23,1,1,-,frameshift_variant,HIGH,Wdtc1,ENSMUSG00000037622,Transcript,ENSMUST00000043305.13,protein_coding,15/16,,ENSMUST00000043305.13:c.1700del,ENSMUSP00000040647.7:p.Lys567ArgfsTer69,2128.0,1700.0,567.0,K/X,aAg/ag,,,-1,,MGI,,1,,MAKVNITRDLIRRQVKERGALSFERRYHVTDPFIRRLGLEAELQGHSGCVNCLEWNEKGDLLASGSDDQHTIVWDPLHHKKLLSMHTGHTANIFSVKFLPHAGDRILITGAADSKVHVHDLTVKETIHMFGDHTNRVKRIATAPMWPNTFWSAAEDGLIRQYDLRENSKHSEVLIDLTEYCGPMVEAKCLTVNPQDNNCLAVGASGPFVRLYDIRMIHNHRKSMRQSPSAGVHTFCDRQKPLPDGAAQYYVAGHLPVKLPDYNSRLRVLVATYVTFSPNGTELLVNMGGEQVYLFDLTYKQRPYTFLLPRKCHSVEVQNGKMSTNGVSNGVSNGLHLHSNGFRLPESKGCISPQVELPPYLERVKQQANEAFACQQWTQAIQLYSQAVQKAPHNAMLYGNRAAAYMKRKWDGDHYDALRDCLKAISLNPCHLKAHFRLARCLFELKYVAEALECLDDFKGKFPEQAHSSACDALGRDITAALFSKSDGEEKKAAGGGGGPVRLRSTSRKDSISEDEMVLRERSYDYQFRYCGHCNTTTDIKEANFFGSNAQYIVSGSDDGSFFIWERRPPTSSECCRGMSPLSTACSPIPATASWPPVASTLLCDCGTHDQRVKTSQAELWKIWRVHLRPTSGA,MAKVNITRDLIRRQVKERGALSFERRYHVTDPFIRRLGLEAELQGHSGCVNCLEWNEKGDLLASGSDDQHTIVWDPLHHKKLLSMHTGHTANIFSVKFLPHAGDRILITGAADSKVHVHDLTVKETIHMFGDHTNRVKRIATAPMWPNTFWSAAEDGLIRQYDLRENSKHSEVLIDLTEYCGPMVEAKCLTVNPQDNNCLAVGASGPFVRLYDIRMIHNHRKSMRQSPSAGVHTFCDRQKPLPDGAAQYYVAGHLPVKLPDYNSRLRVLVATYVTFSPNGTELLVNMGGEQVYLFDLTYKQRPYTFLLPRKCHSVEVQNGKMSTNGVSNGVSNGLHLHSNGFRLPESKGCISPQVELPPYLERVKQQANEAFACQQWTQAIQLYSQAVQKAPHNAMLYGNRAAAYMKRKWDGDHYDALRDCLKAISLNPCHLKAHFRLARCLFELKYVAEALECLDDFKGKFPEQAHSSACDALGRDITAALFSKSDGEEKKAAGGGGGPVRLRSTSRKDSISEDEMVLRERSYDYQFRYCGHCNTTTDIKEANFFGSNAQYIVSGSDDGSFFIWEKETTNLVRVLQGDESIVNCLQPHPSYCFLATSGIDPVVRLWNPRPESEDLTGRVVEDMEGASQANQRRMNANPLEAMLLDMGYRITGLSSGGAGASDDEDSAEGQVQCRPS,0.0872,,21.052631578947366,S5,Ure_mock_IR
chr5,88743286,C,CT,PASS,60.0,8.44,60,60,"58,58","0,0","2,2",36,36,31.0,4.0,"1,1",chr5,.,C,CT,.,PASS,IC=10;IHP=10;MQ=60.00;MQ0=0;NT=ref;QSI=33;QSI_NT=33;RC=9;RU=T;SGT=ref->het;SOMATIC;SomaticEVS=8.44;TQSI=1;TQSI_NT=1;CSQ=T|intron_variant|MODIFIER|Mob1b|ENSMUSG00000006262|Transcript|ENSMUST00000006424.7|protein_coding||1/5|ENSMUST00000006424.7:c.15-9dup|||||||||1||MGI||1|||MSFLFGSRSSKTFKPKKNIPEGSHQYELLKHAEATLGSGNLRMAVMLPEGEDLNEWVAVNTVDFFNQINMLYGTITDFCTEESCPVMSAGPKYEYHWADGTNIKKPIKCSAPKYIDYLMTWVQDQLDDETLFPSKIGVPFPKNFMSVAKTILKRLFRVYAHIYHQHFDPVIQLQEEAHLNTSFKHFIFFVQEFNLIDRRELAPLQELIEKLTSKDR||,BCN50:DP:DP2:DP50:FDP50:SUBDP50:TAR:TIR:TOR,"0.00:60:60:70.64:0.00:0.00:58,58:0,0:2,2","0.00:36:36:40.03:0.00:0.00:31,31:4,4:1,1",10,10,60.0,0,ref,,33,33,9,T,ref->het,True,8.44,1,1,T,intron_variant,MODIFIER,Mob1b,ENSMUSG00000006262,Transcript,ENSMUST00000006424.7,protein_coding,,1/5,ENSMUST00000006424.7:c.15-9dup,,,,,,,,,1,,MGI,,1,,,MSFLFGSRSSKTFKPKKNIPEGSHQYELLKHAEATLGSGNLRMAVMLPEGEDLNEWVAVNTVDFFNQINMLYGTITDFCTEESCPVMSAGPKYEYHWADGTNIKKPIKCSAPKYIDYLMTWVQDQLDDETLFPSKIGVPFPKNFMSVAKTILKRLFRVYAHIYHQHFDPVIQLQEEAHLNTSFKHFIFFVQEFNLIDRRELAPLQELIEKLTSKDR,,,11.428571428571429,S5,Ure_mock_IR
chr5,135133287,CT,C,PASS,60.0,14.83,70,70,"68,70","0,0","2,3",26,26,21.0,4.0,"1,1",chr5,.,CT,C,.,PASS,IC=4;IHP=5;MQ=60.00;MQ0=0;NT=ref;QSI=48;QSI_NT=48;RC=5;RU=T;SGT=ref->het;SOMATIC;SomaticEVS=14.83;TQSI=1;TQSI_NT=1;CSQ=-|frameshift_variant|HIGH|Mlxipl|ENSMUSG00000005373|Transcript|ENSMUST00000005507.9|protein_coding|11/17||ENSMUST00000005507.9:c.1742del|ENSMUSP00000005507.3:p.Phe581SerfsTer58|1743|1738|580|F/X|Ttt/tt|||1||MGI||1|4|MARALADLSVNLQVPRVVPSPDSDSDTDLEDPSPRRSAGGLHRSQVIHSGHFMVSSPHSDSLTRRRDQEGPVGLADFGPRSIDPTLTHLFECLSLAYSGKLVSPKWKNFKGLKLLCRDKIRLNNAIWRAWYIQYVQRRKSPVCGFVTPLQGSEADEHRKPEAVILEGNYWKRRIEVVMREYHKWRIYYKKRLRKSSREGDFLAPKQVEGGWPPPERWCEQLFSSVVPVLLGGSEEEPGGRQLLDLDCFLSDISDTLFTMTQPSPSSLQLPPEDAYVGNADMIQPDLTPLQPSLDDFMEISDFFTNYRPPQTPTSSNYIESPSFGPMADSLFSSGILAPEMPSPASSSSSSGMTPHSGNTRLQARNSCSGPLDPNPFLSSEFLLPEDPKTKIPPAPGPTPLLPFPTPVKVHGLEPCTPSPFPTMAPPPSLLPEESLLSARFPFTSAPPAPGVSTLPAPTTFVPTPQPGPGPVPFSVDHLPHGYLEPVFGPHFTVPQGMQPRCKPSSPSPGGQKASPPTLASATASPTATATARDNNPCLTQLLRAAKPEQALEPPTMPGTLLRPPESPQDTVSEIPRARAFSPQSRPLHHPGHLQAQPHWLLPGPWLSPKQSGSRLQPPAAVSGDYQGISTPYNPRGH|MARALADLSVNLQVPRVVPSPDSDSDTDLEDPSPRRSAGGLHRSQVIHSGHFMVSSPHSDSLTRRRDQEGPVGLADFGPRSIDPTLTHLFECLSLAYSGKLVSPKWKNFKGLKLLCRDKIRLNNAIWRAWYIQYVQRRKSPVCGFVTPLQGSEADEHRKPEAVILEGNYWKRRIEVVMREYHKWRIYYKKRLRKSSREGDFLAPKQVEGGWPPPERWCEQLFSSVVPVLLGGSEEEPGGRQLLDLDCFLSDISDTLFTMTQPSPSSLQLPPEDAYVGNADMIQPDLTPLQPSLDDFMEISDFFTNYRPPQTPTSSNYIESPSFGPMADSLFSSGILAPEMPSPASSSSSSGMTPHSGNTRLQARNSCSGPLDPNPFLSSEFLLPEDPKTKIPPAPGPTPLLPFPTPVKVHGLEPCTPSPFPTMAPPPSLLPEESLLSARFPFTSAPPAPGVSTLPAPTTFVPTPQPGPGPVPFSVDHLPHGYLEPVFGPHFTVPQGMQPRCKPSSPSPGGQKASPPTLASATASPTATATARDNNPCLTQLLRAAKPEQALEPPTMPGTLLRPPESPQDTVSEIPRARAFFPPIPAPTPPRPPPGPATLAPPRSLVVPKAERLSPPASSGSERRLSGDLNSIQPSGALSVHLSPPQTVLSRGRVDNNKMENRRITHISAEQKRRFNIKLGFDTLHGLVSTLSAQPSLKVSKATTLQKTAEYILMLQQERAAMQEEAQQLRDEIEELNAAINLCQQQLPATGVPITHQRFDQMRDMFDDYVRTRTLHNWKFWVFSILIRPLFESFNGMVSTASLHSLRQTSLAWLEQYCSLPALRPTVLNSLRQLSTSTSILTDPSLVPEQATRAVTEGTLGRPL|0.427|,BCN50:DP:DP2:DP50:FDP50:SUBDP50:TAR:TIR:TOR,"0.00:70:70:74.97:0.29:0.00:68,70:0,0:2,3","0.00:26:26:27.20:0.00:0.00:21,21:4,4:1,1",4,5,60.0,0,ref,,48,48,5,T,ref->het,True,14.83,1,1,-,frameshift_variant,HIGH,Mlxipl,ENSMUSG00000005373,Transcript,ENSMUST00000005507.9,protein_coding,11/17,,ENSMUST00000005507.9:c.1742del,ENSMUSP00000005507.3:p.Phe581SerfsTer58,1743.0,1738.0,580.0,F/X,Ttt/tt,,,1,,MGI,,1,4.0,MARALADLSVNLQVPRVVPSPDSDSDTDLEDPSPRRSAGGLHRSQVIHSGHFMVSSPHSDSLTRRRDQEGPVGLADFGPRSIDPTLTHLFECLSLAYSGKLVSPKWKNFKGLKLLCRDKIRLNNAIWRAWYIQYVQRRKSPVCGFVTPLQGSEADEHRKPEAVILEGNYWKRRIEVVMREYHKWRIYYKKRLRKSSREGDFLAPKQVEGGWPPPERWCEQLFSSVVPVLLGGSEEEPGGRQLLDLDCFLSDISDTLFTMTQPSPSSLQLPPEDAYVGNADMIQPDLTPLQPSLDDFMEISDFFTNYRPPQTPTSSNYIESPSFGPMADSLFSSGILAPEMPSPASSSSSSGMTPHSGNTRLQARNSCSGPLDPNPFLSSEFLLPEDPKTKIPPAPGPTPLLPFPTPVKVHGLEPCTPSPFPTMAPPPSLLPEESLLSARFPFTSAPPAPGVSTLPAPTTFVPTPQPGPGPVPFSVDHLPHGYLEPVFGPHFTVPQGMQPRCKPSSPSPGGQKASPPTLASATASPTATATARDNNPCLTQLLRAAKPEQALEPPTMPGTLLRPPESPQDTVSEIPRARAFSPQSRPLHHPGHLQAQPHWLLPGPWLSPKQSGSRLQPPAAVSGDYQGISTPYNPRGH,MARALADLSVNLQVPRVVPSPDSDSDTDLEDPSPRRSAGGLHRSQVIHSGHFMVSSPHSDSLTRRRDQEGPVGLADFGPRSIDPTLTHLFECLSLAYSGKLVSPKWKNFKGLKLLCRDKIRLNNAIWRAWYIQYVQRRKSPVCGFVTPLQGSEADEHRKPEAVILEGNYWKRRIEVVMREYHKWRIYYKKRLRKSSREGDFLAPKQVEGGWPPPERWCEQLFSSVVPVLLGGSEEEPGGRQLLDLDCFLSDISDTLFTMTQPSPSSLQLPPEDAYVGNADMIQPDLTPLQPSLDDFMEISDFFTNYRPPQTPTSSNYIESPSFGPMADSLFSSGILAPEMPSPASSSSSSGMTPHSGNTRLQARNSCSGPLDPNPFLSSEFLLPEDPKTKIPPAPGPTPLLPFPTPVKVHGLEPCTPSPFPTMAPPPSLLPEESLLSARFPFTSAPPAPGVSTLPAPTTFVPTPQPGPGPVPFSVDHLPHGYLEPVFGPHFTVPQGMQPRCKPSSPSPGGQKASPPTLASATASPTATATARDNNPCLTQLLRAAKPEQALEPPTMPGTLLRPPESPQDTVSEIPRARAFFPPIPAPTPPRPPPGPATLAPPRSLVVPKAERLSPPASSGSERRLSGDLNSIQPSGALSVHLSPPQTVLSRGRVDNNKMENRRITHISAEQKRRFNIKLGFDTLHGLVSTLSAQPSLKVSKATTLQKTAEYILMLQQERAAMQEEAQQLRDEIEELNAAINLCQQQLPATGVPITHQRFDQMRDMFDDYVRTRTLHNWKFWVFSILIRPLFESFNGMVSTASLHSLRQTSLAWLEQYCSLPALRPTVLNSLRQLSTSTSILTDPSLVPEQATRAVTEGTLGRPL,0.427,,16.0,S5,Ure_mock_IR
chr6,47956139,TC,T,PASS,60.0,6.55,86,86,"84,84","0,0","2,2",47,47,42.0,4.0,"1,1",chr6,.,TC,T,.,PASS,IC=6;IHP=8;MQ=60.00;MQ0=0;NT=ref;QSI=31;QSI_NT=31;RC=7;RU=C;SGT=ref->het;SOMATIC;SomaticEVS=6.55;TQSI=1;TQSI_NT=1;CSQ=-|frameshift_variant|HIGH|Zfp956|ENSMUSG00000045466|Transcript|ENSMUST00000101445.10|protein_coding|2/5||ENSMUST00000101445.10:c.354del|ENSMUSP00000098989.4:p.Ser119AlafsTer11|517|348|116|L/X|ctC/ct|||1||MGI||1|6|MTEAAAAPDWHMGTDLQQQTQIQSAEISLLAILSAVQAVEKKTESQAVHLQNLEVRTGSAEKKLADFEKTAMELSSQLEGKWAVLGTLLQEYGLLQRRLENLENQMQNRNPWVLRLPPAAGMKPPRFL|MTEAAAAPDWHMGTDLQQQTQIQSAEISLLAILSAVQAVEKKTESQAVHLQNLEVRTGSAEKKLADFEKTAMELSSQLEGKWAVLGTLLQEYGLLQRRLENLENQMQNRNPWVLRLPPSSRDEAPKVSVTTEEVAGCFPEQQEGSPEDWQKELCKRVAKERREVLGSLETGQLESAPSVLPWIKQEEEVCEKSLQETASASLCSETWLANKKRTLEGMSMAPEPSWATEGGPGKEDFEQGSCVDLLPVCREREAAPLPRGSQSQPVPAAEATEDDQNFSVRELSTQPEYSHHGSQPFASLQCPQSATQQVTLTRNRRAPTAQRAYTCVQCGKSFVHQSTLTTHYRTHTGEKPYKCAECEKRFGRLSTLLEHQRTHTGERPFPCAQCGRRFGRLSTLVEHRRTHTGEKPFPCTQCDKRFTRLANLTVHQSVHSGEHAFQCTQCGSCFTHKPSFLRHLRSHSQEKRFSCGQCGKSFTCRSWLVRHQSSHAHLASSAYVACERSSPSHVSPTGLFKGAARGKFSSDPPVSPISKDTVVSQDHKAYGGGQQLSDHGQESLVGSLHSCLSVKMENAG||,BCN50:DP:DP2:DP50:FDP50:SUBDP50:TAR:TIR:TOR,"0.00:86:86:104.12:0.26:0.00:84,84:0,0:2,2","0.00:47:47:55.62:0.00:0.00:42,42:4,4:1,1",6,8,60.0,0,ref,,31,31,7,C,ref->het,True,6.55,1,1,-,frameshift_variant,HIGH,Zfp956,ENSMUSG00000045466,Transcript,ENSMUST00000101445.10,protein_coding,2/5,,ENSMUST00000101445.10:c.354del,ENSMUSP00000098989.4:p.Ser119AlafsTer11,517.0,348.0,116.0,L/X,ctC/ct,,,1,,MGI,,1,6.0,MTEAAAAPDWHMGTDLQQQTQIQSAEISLLAILSAVQAVEKKTESQAVHLQNLEVRTGSAEKKLADFEKTAMELSSQLEGKWAVLGTLLQEYGLLQRRLENLENQMQNRNPWVLRLPPAAGMKPPRFL,MTEAAAAPDWHMGTDLQQQTQIQSAEISLLAILSAVQAVEKKTESQAVHLQNLEVRTGSAEKKLADFEKTAMELSSQLEGKWAVLGTLLQEYGLLQRRLENLENQMQNRNPWVLRLPPSSRDEAPKVSVTTEEVAGCFPEQQEGSPEDWQKELCKRVAKERREVLGSLETGQLESAPSVLPWIKQEEEVCEKSLQETASASLCSETWLANKKRTLEGMSMAPEPSWATEGGPGKEDFEQGSCVDLLPVCREREAAPLPRGSQSQPVPAAEATEDDQNFSVRELSTQPEYSHHGSQPFASLQCPQSATQQVTLTRNRRAPTAQRAYTCVQCGKSFVHQSTLTTHYRTHTGEKPYKCAECEKRFGRLSTLLEHQRTHTGERPFPCAQCGRRFGRLSTLVEHRRTHTGEKPFPCTQCDKRFTRLANLTVHQSVHSGEHAFQCTQCGSCFTHKPSFLRHLRSHSQEKRFSCGQCGKSFTCRSWLVRHQSSHAHLASSAYVACERSSPSHVSPTGLFKGAARGKFSSDPPVSPISKDTVVSQDHKAYGGGQQLSDHGQESLVGSLHSCLSVKMENAG,,,8.695652173913043,S5,Ure_mock_IR
chr6,121641276,CA,C,PASS,60.0,9.11,166,166,"163,163","1,1","7,7",72,72,62.0,5.0,"3,3",chr6,.,CA,C,.,PASS,IC=8;IHP=9;MQ=60.00;MQ0=0;NT=ref;QSI=39;QSI_NT=39;RC=9;RU=A;SGT=ref->het;SOMATIC;SomaticEVS=9.11;TQSI=1;TQSI_NT=1;CSQ=-|frameshift_variant|HIGH|A2m|ENSMUSG00000030111|Transcript|ENSMUST00000032203.8|protein_coding|6/36||ENSMUST00000032203.8:c.536del|ENSMUSP00000032203.7:p.Asn179IlefsTer11|589|528|176|S/X|tcA/tc|||1||MGI||1|8|MGKRWLPSLALLPLPPPLLLLLLLLLPTNASAPQKPIYMVMVPSLLHAGTPEKGCLLFNHLNETVTVKVSMESVRGNQSLFTDLVVDKDLFHCASFIVPQSSSNEVMFLTVQVKGPTHEFRRRSTVLIKTKESLVFAQTDKPIYKPGQMVRFRVVSLDENFHPLNELIPLLYIQDSKKIALHSGRISA|MGKRWLPSLALLPLPPPLLLLLLLLLPTNASAPQKPIYMVMVPSLLHAGTPEKGCLLFNHLNETVTVKVSMESVRGNQSLFTDLVVDKDLFHCASFIVPQSSSNEVMFLTVQVKGPTHEFRRRSTVLIKTKESLVFAQTDKPIYKPGQMVRFRVVSLDENFHPLNELIPLLYIQDSKKNRIAQWQNFRLEGGLKQLSFPLSSEPTQGSYKVVIRTESGRTVEHPFSVKEFVLPKFEVKVAVPETITILEEEMNVSVCGIYTYGKPVPGHVTVNICRKYSNPSSCFGEESLAFCEKFSQQLDGRGCFSQLVKTKSFQLKRQEYEMQLDVNAKIQEEGTGVEETGKGLTKITRTITKLSFVNVDTHFRQGIPFVGQVLLVDGRGTPIPYEMIFIGADEANQNINTTTDKNGLARFSINTDDIMGTSLTVRAKYKDSNVCYGFRWLTEENVEAWHTANAVFSPSRSFVHLESLPYKLRCEQTLAVQAHYILNDEAVLERKELVFYYLMMAKGGIVRAGTHVLPVTQGHKKGHFSILISMETDLAPVARLVLYTILPNGEVVGDTVKYEIEKCLANKVDLVFHPNIGLPATRAFLSVMASPQSLCGLRAVDQSVLLTKPEAELSASLVYDLLPVKDLTGFPKGVNQQEEDTNGCLKQNDTYINGILYSPVQNTNEEDMYGFLKDMGLKVFTNLNIRKPKVCERLGVNKIPAAYHLVSQGHMDAFLESSESPTETTRSYFPETWIWDLVIVDSTGVAEMEVTVPDTITEWKAGAFCLSNDTGLGLSPVIDFQAFQPFFVDLTMPYSVIRGEAFTLKATVLNYLQTCIRVGVQLEASPDFLATPEEKEQKSHCICMNERHTMSWAVIPKSLGNVNFTVSAEALDSKELCRNEVPVVPERGKKDTIIKSLLVEPEGLENEVTFNSLLCPTGAEVSEQISLKLPSDVVEESARASVTVLGDILGSAMQNTQDLLKMPYGCGEQNMVLFAPNIYVLDYLNETEQLTQEIKTKAITYLNTGYQRQLNYKHRDGSYSTFGDKPGRSHANTWLTAFVLKSFAQARRYIFIDESHITQALTWLSQQQKDNGCFRSSGSLLNNAMKGGVEDEVTLSAYITIALLEMSLPVTHPVVRNALFCLDTAWKSARRGASGNHVYTKALLAYAFALAGNQDTKKEILKSLDEEAVKEDNSVHWTRAQKPRVPADLWYQPQAPSAEVEMTAYVLLAYLTTELVPTREDLTAAMLIVKWLTKQQNSHGGFSSTQDTVVALHALSKYGAATFTRAKKAAHVTIQSSGAFYTKFQVNNDNQLLLQRVTLPTVPGDYTAKVAGEGCVYLQTSLKYSVLPREKEFPFALVVQTLPGTCEDLKAHTTFQISLNISYIGSRSDSNMAIADVKMVSGFIPLKPTVKMLERSVHVSRTEVSNNHVLIYLDKVSNQMLTLFFMVQQDIPVRDLKPAIVKVYDYYEKDEFAVAKYSAPCSAGYGNA|0.944|,BCN50:DP:DP2:DP50:FDP50:SUBDP50:TAR:TIR:TOR,"0.00:166:166:149.29:0.00:0.00:163,163:1,1:7,7","0.00:72:72:62.70:0.38:0.00:62,62:5,5:3,3",8,9,60.0,0,ref,,39,39,9,A,ref->het,True,9.11,1,1,-,frameshift_variant,HIGH,A2m,ENSMUSG00000030111,Transcript,ENSMUST00000032203.8,protein_coding,6/36,,ENSMUST00000032203.8:c.536del,ENSMUSP00000032203.7:p.Asn179IlefsTer11,589.0,528.0,176.0,S/X,tcA/tc,,,1,,MGI,,1,8.0,MGKRWLPSLALLPLPPPLLLLLLLLLPTNASAPQKPIYMVMVPSLLHAGTPEKGCLLFNHLNETVTVKVSMESVRGNQSLFTDLVVDKDLFHCASFIVPQSSSNEVMFLTVQVKGPTHEFRRRSTVLIKTKESLVFAQTDKPIYKPGQMVRFRVVSLDENFHPLNELIPLLYIQDSKKIALHSGRISA,MGKRWLPSLALLPLPPPLLLLLLLLLPTNASAPQKPIYMVMVPSLLHAGTPEKGCLLFNHLNETVTVKVSMESVRGNQSLFTDLVVDKDLFHCASFIVPQSSSNEVMFLTVQVKGPTHEFRRRSTVLIKTKESLVFAQTDKPIYKPGQMVRFRVVSLDENFHPLNELIPLLYIQDSKKNRIAQWQNFRLEGGLKQLSFPLSSEPTQGSYKVVIRTESGRTVEHPFSVKEFVLPKFEVKVAVPETITILEEEMNVSVCGIYTYGKPVPGHVTVNICRKYSNPSSCFGEESLAFCEKFSQQLDGRGCFSQLVKTKSFQLKRQEYEMQLDVNAKIQEEGTGVEETGKGLTKITRTITKLSFVNVDTHFRQGIPFVGQVLLVDGRGTPIPYEMIFIGADEANQNINTTTDKNGLARFSINTDDIMGTSLTVRAKYKDSNVCYGFRWLTEENVEAWHTANAVFSPSRSFVHLESLPYKLRCEQTLAVQAHYILNDEAVLERKELVFYYLMMAKGGIVRAGTHVLPVTQGHKKGHFSILISMETDLAPVARLVLYTILPNGEVVGDTVKYEIEKCLANKVDLVFHPNIGLPATRAFLSVMASPQSLCGLRAVDQSVLLTKPEAELSASLVYDLLPVKDLTGFPKGVNQQEEDTNGCLKQNDTYINGILYSPVQNTNEEDMYGFLKDMGLKVFTNLNIRKPKVCERLGVNKIPAAYHLVSQGHMDAFLESSESPTETTRSYFPETWIWDLVIVDSTGVAEMEVTVPDTITEWKAGAFCLSNDTGLGLSPVIDFQAFQPFFVDLTMPYSVIRGEAFTLKATVLNYLQTCIRVGVQLEASPDFLATPEEKEQKSHCICMNERHTMSWAVIPKSLGNVNFTVSAEALDSKELCRNEVPVVPERGKKDTIIKSLLVEPEGLENEVTFNSLLCPTGAEVSEQISLKLPSDVVEESARASVTVLGDILGSAMQNTQDLLKMPYGCGEQNMVLFAPNIYVLDYLNETEQLTQEIKTKAITYLNTGYQRQLNYKHRDGSYSTFGDKPGRSHANTWLTAFVLKSFAQARRYIFIDESHITQALTWLSQQQKDNGCFRSSGSLLNNAMKGGVEDEVTLSAYITIALLEMSLPVTHPVVRNALFCLDTAWKSARRGASGNHVYTKALLAYAFALAGNQDTKKEILKSLDEEAVKEDNSVHWTRAQKPRVPADLWYQPQAPSAEVEMTAYVLLAYLTTELVPTREDLTAAMLIVKWLTKQQNSHGGFSSTQDTVVALHALSKYGAATFTRAKKAAHVTIQSSGAFYTKFQVNNDNQLLLQRVTLPTVPGDYTAKVAGEGCVYLQTSLKYSVLPREKEFPFALVVQTLPGTCEDLKAHTTFQISLNISYIGSRSDSNMAIADVKMVSGFIPLKPTVKMLERSVHVSRTEVSNNHVLIYLDKVSNQMLTLFFMVQQDIPVRDLKPAIVKVYDYYEKDEFAVAKYSAPCSAGYGNA,0.944,,7.462686567164178,S5,Ure_mock_IR
chr7,100629632,T,TTTG,PASS,60.0,6.81,28,28,"27,27","1,1","2,2",9,9,6.0,3.0,"0,0",chr7,.,T,TTTG,.,PASS,IC=1;IHP=16;MQ=60.00;MQ0=0;NT=ref;QSI=38;QSI_NT=38;RC=0;RU=TTG;SGT=ref->het;SOMATIC;SomaticEVS=6.81;TQSI=1;TQSI_NT=1;CSQ=TTG|intron_variant|MODIFIER|Rab6a|ENSMUSG00000030704|Transcript|ENSMUST00000032946.9|protein_coding||3/7|ENSMUST00000032946.9:c.184-204_184-203insGTT|||||||||1||MGI||1|||MSAGGDFGNPLRKFKLVFLGEQSVGKTSLITRFMYDSFDNTYQATIGIDFLSKTMYLEDRTVRLQLWDTAGQERFRSLIPSYIRDSTVAVVVYDITNVNSFQQTTKWIDDVRTERGSDVIIMLVGNKTDLADKRQVSIEEGERKAKELNVMFIETSAKAGYNVKQLFRRVAAALPGMESTQDRSREDMIDIKLEKPQEQPVNEGGCSC|0.286|,BCN50:DP:DP2:DP50:FDP50:SUBDP50:TAR:TIR:TOR,"0.00:28:28:25.86:0.08:0.00:27,27:1,1:2,2","0.00:9:9:8.21:0.00:0.00:6,6:3,3:0,0",1,16,60.0,0,ref,,38,38,0,TTG,ref->het,True,6.81,1,1,TTG,intron_variant,MODIFIER,Rab6a,ENSMUSG00000030704,Transcript,ENSMUST00000032946.9,protein_coding,,3/7,ENSMUST00000032946.9:c.184-204_184-203insGTT,,,,,,,,,1,,MGI,,1,,,MSAGGDFGNPLRKFKLVFLGEQSVGKTSLITRFMYDSFDNTYQATIGIDFLSKTMYLEDRTVRLQLWDTAGQERFRSLIPSYIRDSTVAVVVYDITNVNSFQQTTKWIDDVRTERGSDVIIMLVGNKTDLADKRQVSIEEGERKAKELNVMFIETSAKAGYNVKQLFRRVAAALPGMESTQDRSREDMIDIKLEKPQEQPVNEGGCSC,0.286,,33.33333333333333,S5,Ure_mock_IR
chr8,31968189,GA,G,PASS,60.0,6.99,43,43,"43,43","0,0","1,1",25,25,21.0,3.0,"1,1",chr8,.,GA,G,.,PASS,IC=4;IHP=8;MQ=60.00;MQ0=0;NT=ref;QSI=16;QSI_NT=16;RC=5;RU=A;SGT=ref->het;SOMATIC;SomaticEVS=6.99;TQSI=1;TQSI_NT=1;CSQ=-|splice_region_variant&intron_variant|LOW|Nrg1|ENSMUSG00000062991|Transcript|ENSMUST00000207470.2|protein_coding||1/12|ENSMUST00000207470.2:c.101-5del|||||||||-1||MGI||1|||MSERKEGRGKGKGKKKDRGSRGKPAPAEGDPSPALPPRLKEMKSQESAAGSKLVLRCETSSEYSSLRFKWFKNGNELNRRNKPQNVKIQKKPGKSELRINKASLADSGEYMCKVISKLGNDSASANITIVESNDLTTGMSASTERPYVSSESPIRISVSTEGANTSSSTSTSTTGTSHLIKCAEKEKTFCVNGGECFMVKDLSNPSRYLCKCPNEFTGDRCQNYVMASFYKHLGIEFMEAEELYQKRVLTITGICIALLVVGIMCVVAYCKTKKQRQKLHDRLRQSLRSERNNMVNIANGPHHPNPPPENVQLVNQYVSKNVISSEHIVEREVETSFSTSHYTSTAHHSTTVTQTPSHSWSNGHTESIISESHSVIMMSSVENSRHSSPAGGPRGRLHGLGGPRECNSFLRHARETPDSYRDSPHSERYVSAMTTPARMSPVDFHTPSSPKSPPSEMSPPVSSMTVSMPSVAVSPFVEEERPLLLVTPPRLREKKYDHHPQQLNSFHHNPAHQSTSLPPSPLRIVEDEEYETTQEYEPIQEPIKKVTNSRRAKRTKPNGHIANRLEMDSNPSSVSSNSESETEDERVGEDTPFLGIQNPLAASLEVAPAFRLAESRTNPAGRFSTQEELQARLSSVIANQDPIAV|0.325|,BCN50:DP:DP2:DP50:FDP50:SUBDP50:TAR:TIR:TOR,"0.00:43:43:70.42:0.00:0.00:43,43:0,0:1,1","0.00:25:25:32.68:0.00:0.00:21,21:3,3:1,1",4,8,60.0,0,ref,,16,16,5,A,ref->het,True,6.99,1,1,-,splice_region_variant&intron_variant,LOW,Nrg1,ENSMUSG00000062991,Transcript,ENSMUST00000207470.2,protein_coding,,1/12,ENSMUST00000207470.2:c.101-5del,,,,,,,,,-1,,MGI,,1,,,MSERKEGRGKGKGKKKDRGSRGKPAPAEGDPSPALPPRLKEMKSQESAAGSKLVLRCETSSEYSSLRFKWFKNGNELNRRNKPQNVKIQKKPGKSELRINKASLADSGEYMCKVISKLGNDSASANITIVESNDLTTGMSASTERPYVSSESPIRISVSTEGANTSSSTSTSTTGTSHLIKCAEKEKTFCVNGGECFMVKDLSNPSRYLCKCPNEFTGDRCQNYVMASFYKHLGIEFMEAEELYQKRVLTITGICIALLVVGIMCVVAYCKTKKQRQKLHDRLRQSLRSERNNMVNIANGPHHPNPPPENVQLVNQYVSKNVISSEHIVEREVETSFSTSHYTSTAHHSTTVTQTPSHSWSNGHTESIISESHSVIMMSSVENSRHSSPAGGPRGRLHGLGGPRECNSFLRHARETPDSYRDSPHSERYVSAMTTPARMSPVDFHTPSSPKSPPSEMSPPVSSMTVSMPSVAVSPFVEEERPLLLVTPPRLREKKYDHHPQQLNSFHHNPAHQSTSLPPSPLRIVEDEEYETTQEYEPIQEPIKKVTNSRRAKRTKPNGHIANRLEMDSNPSSVSSNSESETEDERVGEDTPFLGIQNPLAASLEVAPAFRLAESRTNPAGRFSTQEELQARLSSVIANQDPIAV,0.325,,12.5,S5,Ure_mock_IR
chr8,110841736,AAGG,A,PASS,60.0,6.12,87,87,"92,93","0,0","3,3",29,29,25.0,3.0,"1,1",chr8,.,AAGG,A,.,PASS,IC=4;IHP=4;MQ=60.00;MQ0=0;NT=ref;QSI=19;QSI_NT=19;RC=5;RU=AGG;SGT=ref->het;SOMATIC;SomaticEVS=6.12;TQSI=1;TQSI_NT=1;CSQ=-|intron_variant|MODIFIER|Sf3b3|ENSMUSG00000033732|Transcript|ENSMUST00000042012.6|protein_coding||4/25|ENSMUST00000042012.6:c.570+32_570+34del|||||||||-1||MGI||1|||MFLYNLTLQRATGISFAIHGNFSGTKQQEIVVSRGKILELLRPDPNTGKVHTLLTVEVFGVIRSLMAFRLTGGTKDYIVVGSDSGRIVILEYQPSKNMFEKIHQETFGKSGCRRIVPGQFLAVDPKGRAVMISAIEKQKLVYILNRDAAARLTISSPLEAHKANTLVYHVVGVDVGFENPMFACLEMDYEEADNDPTGEAAANTQQTLTFYELDLGLNHVVRKYSEPLEEHGNFLITVPGGSDGPSGVLICSENYITYKNFGDQPDIRCPIPRRRNDLDDPERGMIFVCSATHKTKSMFFFLAQTEQGDIFKITLETDEDMVTEIRLKYFDTVPVAAAMCVLKTGFLFVASEFGNHYLYQIAHLGDDDEEPEFSSAMPLEEGDTFFFQPRPLKNLVLVDELDSLSPILFCQIADLANEDTPQLYVACGRGPRSSLRVLRHGLEVSEMAVSELPGNPNAVWTVRRHIEDEFDAYIIVSFVNATLVLSIGETVEEVTDSGFLGTTPTLSCSLLGDDALVQVYPDGIRHIRADKRVNEWKTPGKKTIVKCAVNQRQVVIALTGGELVYFEMDPSGQLNEYTERKEMSADVVCMSLANVPPGEQRSRFLAVGLVDNTVRIISLDPSDCLQPLSMQALPAQPESLCIVEMGGTEKQDELGERGSIGFLYLNIGLQNGVLLRTVLDPVTGDLSDTRTRYLGSRPVKLFRVRMQGQEAVLAMSSRSWLSYSYQSRFHLTPLSYETLEFASGFASEQCPEGIVAISTNTLRILALEKLGAVFNQVAFPLQYTPRKFVIHPESNNLIIIETDHNAYTEATKAQRKQQMAEEMVEAAGEDERELAAEMAAAFLNENLPESIFGAPKAGNGQWASVIRVMNPIQGNTLDLVQLEQNEAAFSVAVCRFSNTGEDWYVLVGVAKDLILSPRSVAGGFVYTYKLVNNGEKLEFLHKTPVEEVPAAIAPFQGRVLIGVGKLLRVYDLGKKKLLRKCENKHIANYISGIQTIGHRVIVSDVQESFIWVRYKRNENQLIIFADDTYPRWVTTASLLDYDTVAGADKFGNICVVRLPPNTNDEVDEDPTGNKALWDRGLLNGASQKAEVIMNYHVGETVLSLQKTTLIPGGSESLVYTTLSGGIGILVPFTSHEDHDFFQHVEMHLRSEHPPLCGRDHLSFRSYYFPVKNVIDGDLCEQFNSMEPNKQKNVSEELDRTPPEVSKKLEDIRTRYAF|0.274|,BCN50:DP:DP2:DP50:FDP50:SUBDP50:TAR:TIR:TOR,"0.00:87:87:59.24:0.00:0.00:92,93:0,0:3,3","0.00:29:29:21.43:0.00:0.00:25,25:3,3:1,1",4,4,60.0,0,ref,,19,19,5,AGG,ref->het,True,6.12,1,1,-,intron_variant,MODIFIER,Sf3b3,ENSMUSG00000033732,Transcript,ENSMUST00000042012.6,protein_coding,,4/25,ENSMUST00000042012.6:c.570+32_570+34del,,,,,,,,,-1,,MGI,,1,,,MFLYNLTLQRATGISFAIHGNFSGTKQQEIVVSRGKILELLRPDPNTGKVHTLLTVEVFGVIRSLMAFRLTGGTKDYIVVGSDSGRIVILEYQPSKNMFEKIHQETFGKSGCRRIVPGQFLAVDPKGRAVMISAIEKQKLVYILNRDAAARLTISSPLEAHKANTLVYHVVGVDVGFENPMFACLEMDYEEADNDPTGEAAANTQQTLTFYELDLGLNHVVRKYSEPLEEHGNFLITVPGGSDGPSGVLICSENYITYKNFGDQPDIRCPIPRRRNDLDDPERGMIFVCSATHKTKSMFFFLAQTEQGDIFKITLETDEDMVTEIRLKYFDTVPVAAAMCVLKTGFLFVASEFGNHYLYQIAHLGDDDEEPEFSSAMPLEEGDTFFFQPRPLKNLVLVDELDSLSPILFCQIADLANEDTPQLYVACGRGPRSSLRVLRHGLEVSEMAVSELPGNPNAVWTVRRHIEDEFDAYIIVSFVNATLVLSIGETVEEVTDSGFLGTTPTLSCSLLGDDALVQVYPDGIRHIRADKRVNEWKTPGKKTIVKCAVNQRQVVIALTGGELVYFEMDPSGQLNEYTERKEMSADVVCMSLANVPPGEQRSRFLAVGLVDNTVRIISLDPSDCLQPLSMQALPAQPESLCIVEMGGTEKQDELGERGSIGFLYLNIGLQNGVLLRTVLDPVTGDLSDTRTRYLGSRPVKLFRVRMQGQEAVLAMSSRSWLSYSYQSRFHLTPLSYETLEFASGFASEQCPEGIVAISTNTLRILALEKLGAVFNQVAFPLQYTPRKFVIHPESNNLIIIETDHNAYTEATKAQRKQQMAEEMVEAAGEDERELAAEMAAAFLNENLPESIFGAPKAGNGQWASVIRVMNPIQGNTLDLVQLEQNEAAFSVAVCRFSNTGEDWYVLVGVAKDLILSPRSVAGGFVYTYKLVNNGEKLEFLHKTPVEEVPAAIAPFQGRVLIGVGKLLRVYDLGKKKLLRKCENKHIANYISGIQTIGHRVIVSDVQESFIWVRYKRNENQLIIFADDTYPRWVTTASLLDYDTVAGADKFGNICVVRLPPNTNDEVDEDPTGNKALWDRGLLNGASQKAEVIMNYHVGETVLSLQKTTLIPGGSESLVYTTLSGGIGILVPFTSHEDHDFFQHVEMHLRSEHPPLCGRDHLSFRSYYFPVKNVIDGDLCEQFNSMEPNKQKNVSEELDRTPPEVSKKLEDIRTRYAF,0.274,,10.714285714285714,S5,Ure_mock_IR
chr9,7573689,TA,T,PASS,60.0,15.08,34,34,"32,35","0,0","2,2",24,24,17.0,4.0,"1,1",chr9,.,TA,T,.,PASS,IC=9;IHP=10;MQ=60.00;MQ0=0;NT=ref;QSI=41;QSI_NT=41;RC=10;RU=A;SGT=ref->het;SOMATIC;SomaticEVS=15.08;TQSI=1;TQSI_NT=1;CSQ=-|intron_variant|MODIFIER|Mmp27|ENSMUSG00000070323|Transcript|ENSMUST00000120900.7|protein_coding||4/9|ENSMUST00000120900.7:c.664+49del|||||||||1||MGI||1|||MPYKQKQALTEETGMKCLLSLMVNFITLSAAFPPDRKDKNEENNQLAQAYLNQFYSLEIEGSHFVQSKNRSLFDGKLREMQAFFGLTVTGKLDSDTLAIMKVPRCGVPDVGQYGYTLPGWRKYSLTYRIMNYTPDMTPADVDEAIQKALQVWSKVTPLTFTRISKGVADIMIAFRTGVHGWCPRHFDGPLGVLGHAFPPGLGLGGDTHFDEDETWIAKDGEGFNLFLVAAHEFGHSLGLSHSNDQTALMFPNYISLDPSKYPLSQDDIDGIQSIYGSPPKVTTKPSGNSEPHACDPTLTFDAITTFRREVMFFKGRHLWRVYSDIAGAEFEFIDSFWPSLPADLQAAYESPRDELLVFKDENFWVIRGYSVLPGYPKSIHTLGFPRRVKKIDAAVCDHDTRKTFFFVGIWCWRYDEMAQAMDRGFPQRIIKCFPGIRLRVDAVFQHNGFLYFFHGSRQFEYDMKAKNITQVIKTNSWFLCNEPLNASFNVSVKGKANSIGTVILHHKRLSLLTFSIVHVLTKTYN|0.927|,BCN50:DP:DP2:DP50:FDP50:SUBDP50:TAR:TIR:TOR,"0.00:34:34:54.07:0.00:0.00:32,35:0,0:2,2","0.00:24:24:29.83:0.00:0.00:17,17:4,4:1,1",9,10,60.0,0,ref,,41,41,10,A,ref->het,True,15.08,1,1,-,intron_variant,MODIFIER,Mmp27,ENSMUSG00000070323,Transcript,ENSMUST00000120900.7,protein_coding,,4/9,ENSMUST00000120900.7:c.664+49del,,,,,,,,,1,,MGI,,1,,,MPYKQKQALTEETGMKCLLSLMVNFITLSAAFPPDRKDKNEENNQLAQAYLNQFYSLEIEGSHFVQSKNRSLFDGKLREMQAFFGLTVTGKLDSDTLAIMKVPRCGVPDVGQYGYTLPGWRKYSLTYRIMNYTPDMTPADVDEAIQKALQVWSKVTPLTFTRISKGVADIMIAFRTGVHGWCPRHFDGPLGVLGHAFPPGLGLGGDTHFDEDETWIAKDGEGFNLFLVAAHEFGHSLGLSHSNDQTALMFPNYISLDPSKYPLSQDDIDGIQSIYGSPPKVTTKPSGNSEPHACDPTLTFDAITTFRREVMFFKGRHLWRVYSDIAGAEFEFIDSFWPSLPADLQAAYESPRDELLVFKDENFWVIRGYSVLPGYPKSIHTLGFPRRVKKIDAAVCDHDTRKTFFFVGIWCWRYDEMAQAMDRGFPQRIIKCFPGIRLRVDAVFQHNGFLYFFHGSRQFEYDMKAKNITQVIKTNSWFLCNEPLNASFNVSVKGKANSIGTVILHHKRLSLLTFSIVHVLTKTYN,0.927,,19.047619047619047,S5,Ure_mock_IR
chr9,86535884,CT,C,PASS,60.0,6.59,87,87,"90,90","0,0","0,0",42,42,36.0,4.0,"2,2",chr9,.,CT,C,.,PASS,IC=8;IHP=9;MQ=60.00;MQ0=0;NT=ref;QSI=30;QSI_NT=30;RC=9;RU=T;SGT=ref->het;SOMATIC;SomaticEVS=6.59;TQSI=1;TQSI_NT=1;CSQ=-|intron_variant|MODIFIER|Dop1a|ENSMUSG00000034973|Transcript|ENSMUST00000190957.6|protein_coding||26/37|ENSMUST00000190957.6:c.5829-15del|||||||||1||MGI||5|||MNTEELELLSDSKYRNYVAAIDKALKNFEYSSEWADLISALGKLNKVLQNNAKYQVVPKKLTIGKRLAQCLHPALPGGVHRKALETYEIIFKIIGPKRLAKDLFLYSSGLFPLLANAAMSVKPALLGLYEMYYLPLGKTLKPGLQGLLTGILPGLEEGSEYYERTNTLLEKVAAAVEQSAFYSALWGSLLTSPAVRLPGITYVLAHLNRKLSMEDQLYIIGSDIELMVEAVSTSVQDSSVLVQRSTLDLILFCFPFHMSQATRPDMIRILSAALHVVLRRDMSLNRRLYAWLLGFDNNGAIIGPRSTRHSNPEEHATYYFTTFSKELLVQAMVGILQVNGFGEESTLMQDLKPFRILISLLDKPELGPVILEDVLIEVFRTLYSQCKAELDLQMEPPFSKDHAQLSSKLRENKKTAELIKTANLLFNSFEPYYMWDYIARWFEECCRRTLHARLQVGPGDSSDSSELQLTNFCLLVDFLLDIVSLPTRSMRVLCQETYIEIQTEHLPQLLLRMISALTSHLQTLRLSELTDSLRLCSKILSKVQPPLLSAGNGGVVQFPSGQNSTVKEWEDKKVSSVSMENPAEVFEDGENPPSSRSSESGFTEFIQYQADRPDDLDRELNGQGAATIPIGSTSSETETASTVGSEETVIQPPSTFTQGAAGRSGKAVQKTAMQCCLEYVQQFLSRLINLYIIHSDSFPQALAADHQGDFSRIQRETSKWDRDSQGDAKERNIHTPKTSKEYLSAFLAACQLFLECSSFPVYIAEGNHTSESHSEKPDTDCEHAHPPQWLRTLMSACSQARDFRVQSAAVSLVMDLVGLTQSVAMVTGENINSMEPAQPLSPNQGRVAVVIRPPLTQGNLKYIAEKTEFFKHVALTLWDQLGDGTPQHHQKSVELFYQLHNLVPSSSICEDVVSQQLTHKDKKIRMEAHAKFAVLWHLTRDLHINKSSFARSFDRSLFIMLDSLTSLDGSTSSVGQAWLNQVLQRHDIARVLEPLLLLLLHPKTQRVSVQRVQAERYWSKTSCYPGEENDKHFMQNFTCNNVSQVHLIASKGNGEKPLTMDEMENFSLTVNPLSDRLSLLSTSSETIPMVVSDFDLPDQQMEILQSSDSGCSQSSAGDNFSYEVDPENANAHEDSHMAKASSPDDDVQQVVFDLICKVVSGLEAESESVTSELEIESLQTKSSDLDPGKEATKIEDQAPQHSQHVLLSDDSPRFLSVSTEEGCECLANGISRNSSSPCISGTAQTLNDSSVPSETKSRQRSHSSIQFSFKEKLSEKVSEKETIVKESGKQPGAKPKVKLARKKDEDKKKAASEKLKQANVFFSEGLDLENWYSCGEGEISEIESDMGSPGSRKSPNFNIHPLYQHVLLYLQLYDSSRTLYAFSAIKSILKTNPIAFVNAISTTSVNNAYTPQLSLLQNLLARHRISVMGKDFYSHIPVDSNHNFRSSMYIEILISLCLYYMRSHYPTHVKVTTQDLIGNRNMQMMSIEILTLLFTELAKVIESSAKGFPSFISDMLSKCKVQKVILHCLLSSIFSVQKWHSEKTAGKSMVAVEEGFSEDSLINFSEDELDNGSTLQSQLLRVLQRLIVLEHHVMTIPEENEAGFDFVVSDLEHISPHQPMTSLQYLHAQPITCQGMFLCAVIRALHQHCACKMHPQWIGLITSTLPYMGKVLQRVVVSVTLQLCRNLDNLIQQYKYETGLSDSRPLWVASIIPPDMILTLLEGITAIIHYCLLDPTTQYHQLLVNVDQKHLVEARSGILSILHMIMSSVTLLWSILHQADASEKMAVAASASVTTINLGATKNLRQQILELLGPISMNHGVHFMAAIAFVWNERRQNKTPSRTKVIPAASEEQLLLVELVRSISVMRAETVIQTVKEVLKQPPAIAKDKKHLSLEVCMLQFFYAYIQRIPVPNIVDSWTSLLVLLKDSIQLSLPAPGQFLILGVLNEFIMKNPSLENKKDQRDLQDVTHKIVDAIGAIAGSSLEQTTWLRRNLEVKPSPKIMVDGTNLESDVEDMLSPAMETSNITPSVYSVHALTLLSEVLAHLLDMVFYSDEKERVIPLLVNIMHYVVPYLRNHSAHNAPSYRACVQLLSSLSGYQYTRRAWKKEAFDLFMDPSFFQMDASCVSHWRAIMDNLMTHDKTTFRDLMTRVAVAQSSSLNLFANRDVELEQRAMLLKRLAFAVLSSESDQYQKYLPDIQERLVESLRLPQVPTLHSQVFLFFRVLLLRMSPQHLTSLWPTMITELVQVFLLMEQELTADEDISRTSGPSAAGLETTYTGGNGFSTSYNSQRWLNLYLSACKFLDLALALPSENLPQFQMYRWAFIPEASDDSGLEVRRQGIHQREFKPYVVRLAKLLRKRAKKNPEEDCSGRTLGWEPGHLLLTLCTMRNMEQLLPFFNVLSQVFNSKVTSRCGGHSGSPVLYPNSFPNKDMKLENHKAFSSKARQKIEEMIEKDFLEGVIKT||,BCN50:DP:DP2:DP50:FDP50:SUBDP50:TAR:TIR:TOR,"0.00:87:87:66.75:0.00:0.00:90,90:0,0:0,0","0.00:42:42:29.43:0.00:0.00:36,36:4,4:2,2",8,9,60.0,0,ref,,30,30,9,T,ref->het,True,6.59,1,1,-,intron_variant,MODIFIER,Dop1a,ENSMUSG00000034973,Transcript,ENSMUST00000190957.6,protein_coding,,26/37,ENSMUST00000190957.6:c.5829-15del,,,,,,,,,1,,MGI,,5,,,MNTEELELLSDSKYRNYVAAIDKALKNFEYSSEWADLISALGKLNKVLQNNAKYQVVPKKLTIGKRLAQCLHPALPGGVHRKALETYEIIFKIIGPKRLAKDLFLYSSGLFPLLANAAMSVKPALLGLYEMYYLPLGKTLKPGLQGLLTGILPGLEEGSEYYERTNTLLEKVAAAVEQSAFYSALWGSLLTSPAVRLPGITYVLAHLNRKLSMEDQLYIIGSDIELMVEAVSTSVQDSSVLVQRSTLDLILFCFPFHMSQATRPDMIRILSAALHVVLRRDMSLNRRLYAWLLGFDNNGAIIGPRSTRHSNPEEHATYYFTTFSKELLVQAMVGILQVNGFGEESTLMQDLKPFRILISLLDKPELGPVILEDVLIEVFRTLYSQCKAELDLQMEPPFSKDHAQLSSKLRENKKTAELIKTANLLFNSFEPYYMWDYIARWFEECCRRTLHARLQVGPGDSSDSSELQLTNFCLLVDFLLDIVSLPTRSMRVLCQETYIEIQTEHLPQLLLRMISALTSHLQTLRLSELTDSLRLCSKILSKVQPPLLSAGNGGVVQFPSGQNSTVKEWEDKKVSSVSMENPAEVFEDGENPPSSRSSESGFTEFIQYQADRPDDLDRELNGQGAATIPIGSTSSETETASTVGSEETVIQPPSTFTQGAAGRSGKAVQKTAMQCCLEYVQQFLSRLINLYIIHSDSFPQALAADHQGDFSRIQRETSKWDRDSQGDAKERNIHTPKTSKEYLSAFLAACQLFLECSSFPVYIAEGNHTSESHSEKPDTDCEHAHPPQWLRTLMSACSQARDFRVQSAAVSLVMDLVGLTQSVAMVTGENINSMEPAQPLSPNQGRVAVVIRPPLTQGNLKYIAEKTEFFKHVALTLWDQLGDGTPQHHQKSVELFYQLHNLVPSSSICEDVVSQQLTHKDKKIRMEAHAKFAVLWHLTRDLHINKSSFARSFDRSLFIMLDSLTSLDGSTSSVGQAWLNQVLQRHDIARVLEPLLLLLLHPKTQRVSVQRVQAERYWSKTSCYPGEENDKHFMQNFTCNNVSQVHLIASKGNGEKPLTMDEMENFSLTVNPLSDRLSLLSTSSETIPMVVSDFDLPDQQMEILQSSDSGCSQSSAGDNFSYEVDPENANAHEDSHMAKASSPDDDVQQVVFDLICKVVSGLEAESESVTSELEIESLQTKSSDLDPGKEATKIEDQAPQHSQHVLLSDDSPRFLSVSTEEGCECLANGISRNSSSPCISGTAQTLNDSSVPSETKSRQRSHSSIQFSFKEKLSEKVSEKETIVKESGKQPGAKPKVKLARKKDEDKKKAASEKLKQANVFFSEGLDLENWYSCGEGEISEIESDMGSPGSRKSPNFNIHPLYQHVLLYLQLYDSSRTLYAFSAIKSILKTNPIAFVNAISTTSVNNAYTPQLSLLQNLLARHRISVMGKDFYSHIPVDSNHNFRSSMYIEILISLCLYYMRSHYPTHVKVTTQDLIGNRNMQMMSIEILTLLFTELAKVIESSAKGFPSFISDMLSKCKVQKVILHCLLSSIFSVQKWHSEKTAGKSMVAVEEGFSEDSLINFSEDELDNGSTLQSQLLRVLQRLIVLEHHVMTIPEENEAGFDFVVSDLEHISPHQPMTSLQYLHAQPITCQGMFLCAVIRALHQHCACKMHPQWIGLITSTLPYMGKVLQRVVVSVTLQLCRNLDNLIQQYKYETGLSDSRPLWVASIIPPDMILTLLEGITAIIHYCLLDPTTQYHQLLVNVDQKHLVEARSGILSILHMIMSSVTLLWSILHQADASEKMAVAASASVTTINLGATKNLRQQILELLGPISMNHGVHFMAAIAFVWNERRQNKTPSRTKVIPAASEEQLLLVELVRSISVMRAETVIQTVKEVLKQPPAIAKDKKHLSLEVCMLQFFYAYIQRIPVPNIVDSWTSLLVLLKDSIQLSLPAPGQFLILGVLNEFIMKNPSLENKKDQRDLQDVTHKIVDAIGAIAGSSLEQTTWLRRNLEVKPSPKIMVDGTNLESDVEDMLSPAMETSNITPSVYSVHALTLLSEVLAHLLDMVFYSDEKERVIPLLVNIMHYVVPYLRNHSAHNAPSYRACVQLLSSLSGYQYTRRAWKKEAFDLFMDPSFFQMDASCVSHWRAIMDNLMTHDKTTFRDLMTRVAVAQSSSLNLFANRDVELEQRAMLLKRLAFAVLSSESDQYQKYLPDIQERLVESLRLPQVPTLHSQVFLFFRVLLLRMSPQHLTSLWPTMITELVQVFLLMEQELTADEDISRTSGPSAAGLETTYTGGNGFSTSYNSQRWLNLYLSACKFLDLALALPSENLPQFQMYRWAFIPEASDDSGLEVRRQGIHQREFKPYVVRLAKLLRKRAKKNPEEDCSGRTLGWEPGHLLLTLCTMRNMEQLLPFFNVLSQVFNSKVTSRCGGHSGSPVLYPNSFPNKDMKLENHKAFSSKARQKIEEMIEKDFLEGVIKT,,,10.0,S5,Ure_mock_IR
chrX,147481674,TA,T,PASS,60.0,6.88,89,89,"81,81","3,3","4,4",51,51,35.0,10.0,"7,7",chrX,.,TA,T,.,PASS,IC=9;IHP=13;MQ=60.00;MQ0=0;NT=ref;QSI=41;QSI_NT=41;RC=10;RU=A;SGT=ref->het;SOMATIC;SomaticEVS=6.88;TQSI=1;TQSI_NT=1;CSQ=-|splice_region_variant&intron_variant|LOW|Lrch2|ENSMUSG00000031290|Transcript|ENSMUST00000112819.8|protein_coding||16/20|ENSMUST00000112819.8:c.1816-3del|||||||||-1||MGI||5|||MAASQGGGGNSGGGGCSGGGSGGGGGAAGGGGGGGGGGGGGAGAGGGGGCGGTVAVPIPVPTLFGQPFPNGPQWHPGSLQPQHTVRSLDRALEEAGNSGILSLSGRKLREFPGSGYDLTDTTQADLSRNRFTEIPSDVWLFAPLETLNLYHNCIKTIPEAIKNLQMLTYLNISRNLLSTLPKYLFDLPLKVLVVSNNKLVSIPEEIGKLKDLMELDVSCNEIQVLPQQMGKLHSLKELNIRRNNLHVLPDELGDLPLVKLDFSCNKVTEIPVCYRKLHHLQVIILDNNPLQVPPAQICLKGKVHIFKYLNIQACCRMDKKPDSLDLPSLNKRMPSQPLTDSMEDFYPNKNHGPDSGIGSDNGEKRLSTTEPSDDDTISLHSQVSESNREQTSRNDSHITGSKPDSQKDQEVYDFIDPNTEDVAVPEEGDTHIGSFVSFLKGKEKSSEKSQKNEEPPNEKKVDKEQLLPEEEDDDLKEVTDLRKIAAQLLKQEQKNRILNHSTSVMRNKLKQTVECEKSVPADEGNSPLSPLAWQPLENQKDQIVDQQWPESQPIIWQNEERRRSKQIRKEYFKYKSTRKNSSGNENEEQESDNAHMSAQSPVSSEEYDRSDGFSHGPFGLKPRSAFSRASRQEYGAADPGFTMRRKMEHLREEREQIRQLRNNLESRLKVILPDDIGAALMDGVVLCHLANHIRPRSVASIHVPSPAVPKLSMAKCRRNVENFLDACKKLGVSQERLCLPHHILEERGLVKVGVTVQALLELPTTKASQLSMA||,BCN50:DP:DP2:DP50:FDP50:SUBDP50:TAR:TIR:TOR,"0.00:89:89:118.58:0.00:0.00:81,81:3,3:4,4","0.00:51:51:52.49:0.00:0.00:35,35:10,10:7,7",9,13,60.0,0,ref,,41,41,10,A,ref->het,True,6.88,1,1,-,splice_region_variant&intron_variant,LOW,Lrch2,ENSMUSG00000031290,Transcript,ENSMUST00000112819.8,protein_coding,,16/20,ENSMUST00000112819.8:c.1816-3del,,,,,,,,,-1,,MGI,,5,,,MAASQGGGGNSGGGGCSGGGSGGGGGAAGGGGGGGGGGGGGAGAGGGGGCGGTVAVPIPVPTLFGQPFPNGPQWHPGSLQPQHTVRSLDRALEEAGNSGILSLSGRKLREFPGSGYDLTDTTQADLSRNRFTEIPSDVWLFAPLETLNLYHNCIKTIPEAIKNLQMLTYLNISRNLLSTLPKYLFDLPLKVLVVSNNKLVSIPEEIGKLKDLMELDVSCNEIQVLPQQMGKLHSLKELNIRRNNLHVLPDELGDLPLVKLDFSCNKVTEIPVCYRKLHHLQVIILDNNPLQVPPAQICLKGKVHIFKYLNIQACCRMDKKPDSLDLPSLNKRMPSQPLTDSMEDFYPNKNHGPDSGIGSDNGEKRLSTTEPSDDDTISLHSQVSESNREQTSRNDSHITGSKPDSQKDQEVYDFIDPNTEDVAVPEEGDTHIGSFVSFLKGKEKSSEKSQKNEEPPNEKKVDKEQLLPEEEDDDLKEVTDLRKIAAQLLKQEQKNRILNHSTSVMRNKLKQTVECEKSVPADEGNSPLSPLAWQPLENQKDQIVDQQWPESQPIIWQNEERRRSKQIRKEYFKYKSTRKNSSGNENEEQESDNAHMSAQSPVSSEEYDRSDGFSHGPFGLKPRSAFSRASRQEYGAADPGFTMRRKMEHLREEREQIRQLRNNLESRLKVILPDDIGAALMDGVVLCHLANHIRPRSVASIHVPSPAVPKLSMAKCRRNVENFLDACKKLGVSQERLCLPHHILEERGLVKVGVTVQALLELPTTKASQLSMA,,,22.22222222222222,S5,Ure_mock_IR
