Chromosome,Position,ID,Ref,Alt,Quality,Filter,Allele,Consequence,IMPACT,SYMBOL,Gene,Feature_type,Feature,BIOTYPE,EXON,INTRON,HGVSc,HGVSp,cDNA_position,CDS_position,Protein_position,Amino_acids,Codons,Existing_variation,DISTANCE,STRAND,FLAGS,SYMBOL_SOURCE,HGNC_ID,WildtypeProtein,DownstreamProtein,ProteinLengthChange
chr1,89047264,.,TG,T,.,PASS,-,upstream_gene_variant,MODIFIER,Col6a3,MGP_AJ_G0016277,Transcript,MGP_AJ_T0021232,protein_coding,,,,,,,,,,,4934,-1,,MGI,,MRKHRHLPLVAVFSLLLSGIATTHAQQHGVMEVNKRDIVFLVDGSSSLGPSNFNAIRDFVTRVIQRLEIGQDLVQVSVAQYADTVKPEFYLNSYTNKRDAITAVRKMRALNGSALYTGSSLDFVRNNLFTSSAGHRAAEGVPKLLVLITGGKSLDEVSQPAQELKRGSIMALAVGSKAADEDELKEIAFDSSLVFIPAEFRPAPLQNMLPSLMAPLRTLTGTTEESKRDILFLFDGSVNVLGQFPAVRDFLYRIIEELDVKPDGTRVAIAQFSDDVRLESRFSEHQTKAEILNLVKKMKLKTGKALNLGYALDYALRNIFVRSAGSRIEDNVQQFLVLLVAGRSSDAVAGPASSLKQRGVVPFIFQAKNANPSELEQIVLSPAFILAAESLPKIGDLQSQIVSLLKAEQGSGPVSGEKDVVFLIDGSEGVRSGFPLLKDFVQRVVESLDVGPDRVRVALVQYSDRTRPEFYLNSHMDQQGVISAIRRLTLLGGPTPNTGAALEFVLRNILTSSTGSRIAEGVPQLLIVLTAEPSGDDVRGPSVVLKQGGAVPIGIGIGNADISEMQTISFIPDFAVAIPTFRELGTIQQVISERVIQLNREELSSLKPILTPSTGAGVGSKKDVVFLIDGSRNAGPEFQYIRTLIERIVEYLDIGFDTTRVAVIQFSEDSKMEFPLNAHFSKDEVQNAVRRLRPKGGSQVYIGNALEYVLKNIFQRPLGSRIEEGVPQFLVLISSGKSDDEVDDSAVELKQFGVAPLTIARHTDQEELVKISLSPEYVYSVSTFRELPRLEQKLLTPITTLTSQQIHQILASTRYPPSVVESDAADIVFLIDSSDAVKPDGIAHIRDFVSRIVRRLNIGPSKVRIGVVQFSNDVFPEFYLKTHKSQSSVLEAIRRLRFKGGSPLNTGRALEFVARNLFVKSAGSRIEDGVPQHLVLFLGGKSQDDVARHAQVISSSGIVSLGIGDRNIDRTDLQTITNDPRLVFTVREFRELPNIEERVMLSFGPSGATPQPPGVDLPSPSRPEKKKADIVFLLDGSINFRRDSFQEVLRFASEIVDTVYEDGDSIRVGLVQYNSDPTDEFFLRDFSTKRQIIDAINKVVYKGGRHANTRVGIEHLLRNHFVPEAGSRLDERVPQIAFVITGGKSVEDAQDVSLALTQKGVKVFAVGVRNIDSEEVGKIASNSATAFRVGSVQELSELSETVLETLHDAMHETLCPGVTDVSKACNLEVILGFDGSRDQNVFVSQKGLESKVDIILNRISQIQRISCSGNQLPTVRVSVMANTPSGPVEAFDFAEYQPELFEKFRNMRSQRPYVLTADTLKLYQNKFRQSSPDTVKVVIHFTDGADGDMADLYRASEELRQAGAQALILVGLERVANLERLMHLEFGRGFMYDRPLRLNLLDLDYELAEQLDNIAEKACCGVPCKCSGERGDRGPIGSIGPKGISGEDGYRGYPGDEGGPGERGPPGVNGTQGFQGCPGQRGVKGSRGFPGEKGELGEIGLDGLDGEEGDKGLPGSSGEKGSPGRRGDKGPKGDKGERGDVGIRGDPGDSGRDSQQRGPKGETGDIGPMGLPGRDGIPGSPGDPGKDGGSGRRGPAGAKGNRGGPGQPGFEGEQGTRGSQGPPGPIGPPGLIGEQGIPGPRGGGGTAGAPGERGRTGPLGRKGEPGEPGPKGSIGNRGPRGETGDDGRDGVGSEGRRGKKGERGFPGYPGPKGTPGEPGADGPPGPKGIRGRRGNSGPPGATGQKGDPGYPGPSGHKGNRGDSVDQCALIQSIRDKCPCCYGPLECPVFPTELAFALDTSEGVTQDTFSRMREVLLGIVGDLTIAESNCPRGARVAVVTYNNEVTTEIRFADSKKKSALLDSIQNLQVALTSKQQSLETAMSFVARNTFKRVRSGFLMRKVAVFFSNKPTRASPQLREAVLKLSDAGITPLFLTSQEDRQLINALQINNTAVGHALVLPARRDLTDFLKNVLTCHVCLDICNIDPSCGFGSWRPSFRDRRAAGSDVDIDLAFILDSSEATTLFQFNEMKKYIGYVIRQLDLSPDPKASQHFARVAVVQQSTYESVDNASVPPVKVEFSLTDYGAKEKLLDFLSRRMTQLQGTMGLGNAIEYTIENIFESAPNPRDLKIMVLMLTGDMQRQQLEEAQRAILQAKCKGYFFVVLGIGRKVNIKEVYSFASEPNDVFFKFVDKSTELNEEPLMRFGRLLPSFVSSENAFYLPPDLRKQCDWFQGDQPVKNGVKFGHKQINPPHTANSSLTSKVVTTMKPVTTTKPTAIVNLPPAKPAPARPAPAQPVLAKPDPAKPAQARPAPAKPASAKLVPPQPVHVQPAPAQTASVRPAPAKPAPPQPAAAKPVPAKPAVPAQPAPPQPAAAKPVPAKPAVPAQPAAAQPMPAQPVLTKSAAVKPASANKPVAAKPVATNTATATARPALAAKPAAAKPAATRPLAAAIRPVATKPEAPRQQAKPAATKPATTKPLARVSREVQVSEVTENSARLHWERPEPSSSFFYDLTVTSAHDQSLVLRQNLTVTDRVIGGLLAGQLYHVVVVSYLQSQVRAIYQGSFNTKKTQPPPLQAAHRASSSTINLMVNTEPLFLTKTDICKLSRDAGTCVDFKLLWHYDLESKSCKRFWYGGCGGNENRFHSQEECEKMCSPDLLVDL,,
chr1,89047264,.,TG,T,.,PASS,-,upstream_gene_variant,MODIFIER,Col6a3,MGP_AJ_G0016277,Transcript,MGP_AJ_T0021233,protein_coding,,,,,,,,,,,4934,-1,,MGI,,MRKHRHLPLVAVFSLLLSGIATTHAQQHGDVKNGAAADIVFLVDSSWSAGKDRFLLVQEFLSDVVESLAVGDNDFHFALVRLNGNPHTEFLLNTYHSKQEVLSHIVNMSYIGGSNQTGKGLEYVIHSHLTEASGSRAADGVPQVIIVLTDGQSEDGFALPSAELKSADVNVFAVGVEGADERALGEVASEPLSMHVFNLENVTSLHGLVGNLVSCIHSSVNPERAGDKESLKDITAQDSADIIFLIDGSQNTGNANFDVIRDFLVNVLERLSVGNQQVQVGVVQYSEEPITMFSLNSYPSKAAVLDAVKGLSLVGGESANIGQALDFVVENHFTRAGGSRVEEGVPQVLVLISAGPSSDEIRDSVVALKQASVFSFGLGAQAASRAELQHIATDDSLVFTVPEFRSFGDLQEQILPYLVGVAQRHIVLQPPAIVTQVMEVNKRDIVFLVDGSSSLGPSNFNAIRDFVTRVIQRLEIGQDLVQVSVAQYADTVKPEFYLNSYTNKRDAITAVRKMRALNGSALYTGSSLDFVRNNLFTSSAGHRAAEGVPKLLVLITGGKSLDEVSQPAQELKRGSIMALAVGSKAADEDELKEIAFDSSLVFIPAEFRPAPLQNMLPSLMAPLRTLTGTTEVHVNKRDIIFLLDGSDNVGKNNFPYVRDFVTNLVNSLDVGSDNIRVGLVQFSDTPVTEFSLDTYQTKSELLAHLRRLQLKGGSGLNAGSALSYIHANHFTEAGGSRTREHVPQLLLLLMAGPSEDAYLQAANALVRSGVLTFCVGTNRADKAELEHIAFNPSLVYLMDDFRSLPSLPQQLIQPLTTYVSGGVQEVPLSQPESKRDILFLFDGSVNVLGQFPAVRDFLYRIIEELDVKPDGTRVAIAQFSDDVRLESRFSEHQTKAEILNLVKKMKLKTGKALNLGYALDYALRNIFVRSAGSRIEDNVQQFLVLLVAGRSSDAVAGPASSLKQRGVVPFIFQAKNANPSELEQIVLSPAFILAAESLPKIGDLQSQIVSLLKAEQGSGPVSGEKDVVFLIDGSEGVRSGFPLLKDFVQRVVESLDVGPDRVRVALVQYSDRTRPEFYLNSHMDQQGVISAIRRLTLLGGPTPNTGAALEFVLRNILTSSTGSRIAEGVPQLLIVLTAEPSGDDVRGPSVVLKQGGAVPIGIGIGNADISEMQTISFIPDFAVAIPTFRELGTIQQVISERVIQLNREELSSLKPILTPSTGAGVGSKKDVVFLIDGSRNAGPEFQYIRTLIERIVEYLDIGFDTTRVAVIQFSEDSKMEFPLNAHFSKDEVQNAVRRLRPKGGSQVYIGNALEYVLKNIFQRPLGSRIEEGVPQFLVLISSGKSDDEVDDSAVELKQFGVAPLTIARHTDQEELVKISLSPEYVYSVSTFRELPRLEQKLLTPITTLTSQQIHQILASTRYPPSVVESDAADIVFLIDSSDAVKPDGIAHIRDFVSRIVRRLNIGPSKVRIGVVQFSNDVFPEFYLKTHKSQSSVLEAIRRLRFKGGSPLNTGRALEFVARNLFVKSAGSRIEDGVPQHLVLFLGGKSQDDVARHAQVISSSGIVSLGIGDRNIDRTDLQTITNDPRLVFTVREFRELPNIEERVMLSFGPSGATPQPPGVDLPSPSRPEKKKADIVFLLDGSINFRRDSFQEVLRFASEIVDTVYEDGDSIRVGLVQYNSDPTDEFFLRDFSTKRQIIDAINKVVYKGGRHANTRVGIEHLLRNHFVPEAGSRLDERVPQIAFVITGGKSVEDAQDVSLALTQKGVKVFAVGVRNIDSEEVGKIASNSATAFRVGSVQELSELSETVLETLHDAMHETLCPGVTDVSKACNLEVILGFDGSRDQNVFVSQKGLESKVDIILNRISQIQRISCSGNQLPTVRVSVMANTPSGPVEAFDFAEYQPELFEKFRNMRSQRPYVLTADTLKLYQNKFRQSSPDTVKVVIHFTDGADGDMADLYRASEELRQAGAQALILVGLERVANLERLMHLEFGRGFMYDRPLRLNLLDLDYELAEQLDNIAEKACCGVPCKCSGERGDRGPIGSIGPKGISGEDGYRGYPGDEGGPGERGPPGVNGTQGFQGCPGQRGVKGSRGFPGEKGELGEIGLDGLDGEEGDKGLPGSSGEKGSPGRRGDKGPKGDKGERGDVGIRGDPGDSGRDSQQRGPKGETGDIGPMGLPGRDGIPGSPGDPGKDGGSGRRGPAGAKGNRGGPGQPGFEGEQGTRGSQGPPGPIGPPGLIGEQGIPGPRGGGGTAGAPGERGRTGPLGRKGEPGEPGPKGSIGNRGPRGETGDDGRDGVGSEGRRGKKGERGFPGYPGPKGTPGEPGADGPPGPKGIRGRRGNSGPPGATGQKGDPGYPGPSGHKGNRGDSVDQCALIQSIRDKCPCCYGPLECPVFPTELAFALDTSEGVTQDTFSRMREVLLGIVGDLTIAESNCPRGARVAVVTYNNEVTTEIRFADSKKKSALLDSIQNLQVALTSKQQSLETAMSFVARNTFKRVRSGFLMRKVAVFFSNKPTRASPQLREAVLKLSDAGITPLFLTSQEDRQLINALQINNTAVGHALVLPARRDLTDFLKNVLTCHVCLDICNIDPSCGFGSWRPSFRDRRAAGSDVDIDLAFILDSSEATTLFQFNEMKKYIGYVIRQLDLSPDPKASQHFARVAVVQQSTYESVDNASVPPVKVEFSLTDYGAKEKLLDFLSRRMTQLQGTMGLGNAIEYTIENIFESAPNPRDLKIMVLMLTGDMQRQQLEEAQRAILQAKCKGYFFVVLGIGRKVNIKEVYSFASEPNDVFFKFVDKSTELNEEPLMRFGRLLPSFVSSENAFYLPPDLRKQCDWFQGDQPVKNGVKFGHKQINPPHTANSSLTSKVVTTMKPVTTTKPTAIVNLPPAKPAPARPAPAQPVLAKPDPAKPAQARPAPAKPASAKLVPPQPVHVQPAPAQTASVRPAPAKPAPPQPAAAKPVPAKPAVPAQPAPPQPAAAKPVPAKPAVPAQPAAAQPMPAQPVLTKSAAVKPASANKPVAAKPVATNTATATARPALAAKPAAAKPAATRPLAAAIRPVATKPEAPRQQAKPAATKPATTKPLARVSREVQVSEVTENSARLHWERPEPSSSFFYDLTVTSAHDQSLVLRQNLTVTDRVIGGLLAGQLYHVVVVSYLQSQVRAIYQGSFNTKKTQPPPLQAAHRASSSTINLMVNTEPLFLTKTDICKLSRDAGTCVDFKLLWHYDLESKSCKRFWYGGCGGNENRFHSQEECEKMCSPDLLVDL,,
chr1,89047264,.,TG,T,.,PASS,-,upstream_gene_variant,MODIFIER,Col6a3,MGP_AJ_G0016277,Transcript,MGP_AJ_T0021234,protein_coding,,,,,,,,,,,4953,-1,,MGI,,MRKHRHLPLVAVFSLLLSGIATTHAQQHGVMEVNKRDIVFLVDGSSSLGPSNFNAIRDFVTRVIQRLEIGQDLVQVSVAQYADTVKPEFYLNSYTNKRDAITAVRKMRALNGSALYTGSSLDFVRNNLFTSSAGHRAAEGVPKLLVLITGGKSLDEVSQPAQELKRGSIMALAVGSKAADEDELKEIAFDSSLVFIPAEFRPAPLQNMLPSLMAPLRTLTGTTEESKRDILFLFDGSVNVLGQFPAVRDFLYRIIEELDVKPDGTRVAIAQFSDDVRLESRFSEHQTKAEILNLVKKMKLKTGKALNLGYALDYALRNIFVRSAGSRIEDNVQQFLVLLVAGRSSDAVAGPASSLKQRGVVPFIFQAKNANPSELEQIVLSPAFILAAESLPKIGDLQSQIVSLLKAEQGSGPVSGEKDVVFLIDGSEGVRSGFPLLKDFVQRVVESLDVGPDRVRVALVQYSDRTRPEFYLNSHMDQQGVISAIRRLTLLGGPTPNTGAALEFVLRNILTSSTGSRIAEGVPQLLIVLTAEPSGDDVRGPSVVLKQGGAVPIGIGIGNADISEMQTISFIPDFAVAIPTFRELGTIQQVISERVIQLNREELSSLKPILTPSTGAGVGSKKDVVFLIDGSRNAGPEFQYIRTLIERIVEYLDIGFDTTRVAVIQFSEDSKMEFPLNAHFSKDEVQNAVRRLRPKGGSQVYIGNALEYVLKNIFQRPLGSRIEEGVPQFLVLISSGKSDDEVDDSAVELKQFGVAPLTIARHTDQEELVKISLSPEYVYSVSTFRELPRLEQKLLTPITTLTSQQIHQILASTRYPPSVVESDAADIVFLIDSSDAVKPDGIAHIRDFVSRIVRRLNIGPSKVRIGVVQFSNDVFPEFYLKTHKSQSSVLEAIRRLRFKGGSPLNTGRALEFVARNLFVKSAGSRIEDGVPQHLVLFLGGKSQDDVARHAQVISSSGIVSLGIGDRNIDRTDLQTITNDPRLVFTVREFRELPNIEERVMLSFGPSGATPQPPGVDLPSPSRPEKKKADIVFLLDGSINFRRDSFQEVLRFASEIVDTVYEDGDSIRVGLVQYNSDPTDEFFLRDFSTKRQIIDAINKVVYKGGRHANTRVGIEHLLRNHFVPEAGSRLDERVPQIAFVITGGKSVEDAQDVSLALTQKGVKVFAVGVRNIDSEEVGKIASNSATAFRVGSVQELSELSETVLETLHDAMHETLCPGVTDVSKACNLEVILGFDGSRDQNVFVSQKGLESKVDIILNRISQIQRISCSGNQLPTVRVSVMANTPSGPVEAFDFAEYQPELFEKFRNMRSQRPYVLTADTLKLYQNKFRQSSPDTVKVVIHFTDGADGDMADLYRASEELRQAGAQALILVGLERVANLERLMHLEFGRGFMYDRPLRLNLLDLDYELAEQLDNIAEKACCGVPCKCSGERGDRGPIGSIGPKGISGEDGYRGYPGDEGGPGERGPPGVNGTQGFQGCPGQRGVKGSRGFPGEKGELGEIGLDGLDGEEGDKGLPGSSGEKGSPGRRGDKGPKGDKGERGDVGIRGDPGDSGRDSQQRGPKGETGDIGPMGLPGRDGIPGSPGDPGKDGGSGRRGPAGAKGNRGGPGQPGFEGEQGTRGSQGPPGPIGPPGLIGEQGIPGPRGGGGTAGAPGERGRTGPLGRKGEPGEPGPKGSIGNRGPRGETGDDGRDGVGSEGRRGKKGERGFPGYPGPKGTPGEPGADGPPGPKGIRGRRGNSGPPGATGQKGDPGYPGPSGHKGNRGDSVDQCALIQSIRDKCPCCYGPLECPVFPTELAFALDTSEGVTQDTFSRMREVLLGIVGDLTIAESNCPRGARVAVVTYNNEVTTEIRFADSKKKSALLDSIQNLQVALTSKQQSLETAMSFVARNTFKRVRSGFLMRKVAVFFSNKPTRASPQLREAVLKLSDAGITPLFLTSQEDRQLINALQINNTAVGHALVLPARRDLTDFLKNVLTCHVCLDICNIDPSCGFGSWRPSFRDRRAAGSDVDIDLAFILDSSEATTLFQFNEMKKYIGYVIRQLDLSPDPKASQHFARVAVVQQSTYESVDNASVPPVKVEFSLTDYGAKEKLLDFLSRRMTQLQGTMGLGNAIEYTIENIFESAPNPRDLKIMVLMLTGDMQRQQLEEAQRAILQAKCKGYFFVVLGIGRKVNIKEVYSFASEPNDVFFKFVDKSTELNEEPLMRFGRLLPSFVSSENAFYLPPDLRKQCDWFQGDQPVKNGVKFGHKQINPPHTANSSLTSKVVTTMKPVTTTKPTAIVNLPPAKPAPARPAPAQPVLAKPDPAKPAQARPAPAKPASAKLVPPQPVHVQPAPAQTASVRPAPAKPAPPQPAAAKPVPAKPAVPAQPAPPQPAAAKPVPAKPAVPAQPAAAQPMPAQPVLTKSAAVKPASANKPVAAKPVATNTATATARPALAAKPAAAKPAATRPLAAAIRPVATKPEAPRQQAKPAATKPATTKPLARVSREVQVSEVTENSARLHWERPEPSSSFFYDLTVTSAHDQSLVLRQNLTVTDRVIGGLLAGQLYHVVVVSYLQSQVRAIYQGSFNTKKTQPPPLQAAHRASSSTINLMVNTEPLFLTKTDICKLSRDAGTCVDFKLLWHYDLESKSCKRFWYGGCGGNENRFHSQEECEKMCSPELTV,,
chr1,89047264,.,TG,T,.,PASS,-,upstream_gene_variant,MODIFIER,Col6a3,MGP_AJ_G0016277,Transcript,MGP_AJ_T0021238,protein_coding,,,,,,,,,,,4977,-1,,MGI,,MRKHRHLPLVAVFSLLLSGIATTHAQQHGDVKNGAAADIVFLVDSSWSAGKDRFLLVQEFLSDVVESLAVGDNDFHFALVRLNGNPHTEFLLNTYHSKQEVLSHIVNMSYIGGSNQTGKGLEYVIHSHLTEASGSRAADGVPQVIIVLTDGQSEDGFALPSAELKSADVNVFAVGVEGADERALGEVASEPLSMHVFNLENVTSLHGLVGNLVSCIHSSVNPERAGDKESLKDITAQDSADIIFLIDGSQNTGNANFDVIRDFLVNVLERLSVGNQQVQVGVVQYSEEPITMFSLNSYPSKAAVLDAVKGLSLVGGESANIGQALDFVVENHFTRAGGSRVEEGVPQVLVLISAGPSSDEIRDSVVALKQASVFSFGLGAQAASRAELQHIATDDSLVFTVPEFRSFGDLQEQILPYLVGVAQRHIVLQPPAIVTQVMEVNKRDIVFLVDGSSSLGPSNFNAIRDFVTRVIQRLEIGQDLVQVSVAQYADTVKPEFYLNSYTNKRDAITAVRKMRALNGSALYTGSSLDFVRNNLFTSSAGHRAAEGVPKLLVLITGGKSLDEVSQPAQELKRGSIMALAVGSKAADEDELKEIAFDSSLVFIPAEFRPAPLQNMLPSLMAPLRTLTGTTEVHVNKRDIIFLLDGSDNVGKNNFPYVRDFVTNLVNSLDVGSDNIRVGLVQFSDTPVTEFSLDTYQTKSELLAHLRRLQLKGGSGLNAGSALSYIHANHFTEAGGSRTREHVPQLLLLLMAGPSEDAYLQAANALVRSGVLTFCVGTNRADKAELEHIAFNPSLVYLMDDFRSLPSLPQQLIQPLTTYVSGGVQEVPLSQPESKRDILFLFDGSVNVLGQFPAVRDFLYRIIEELDVKPDGTRVAIAQFSDDVRLESRFSEHQTKAEILNLVKKMKLKTGKALNLGYALDYALRNIFVRSAGSRIEDNVQQFLVLLVAGRSSDAVAGPASSLKQRGVVPFIFQAKNANPSELEQIVLSPAFILAAESLPKIGDLQSQIVSLLKAEQGSGPVSGEKDVVFLIDGSEGVRSGFPLLKDFVQRVVESLDVGPDRVRVALVQYSDRTRPEFYLNSHMDQQGVISAIRRLTLLGGPTPNTGAALEFVLRNILTSSTGSRIAEGVPQLLIVLTAEPSGDDVRGPSVVLKQGGAVPIGIGIGNADISEMQTISFIPDFAVAIPTFRELGTIQQVISERVIQLNREELSSLKPILTPSTGAGVGSKKDVVFLIDGSRNAGPEFQYIRTLIERIVEYLDIGFDTTRVAVIQFSEDSKMEFPLNAHFSKDEVQNAVRRLRPKGGSQVYIGNALEYVLKNIFQRPLGSRIEEGVPQFLVLISSGKSDDEVDDSAVELKQFGVAPLTIARHTDQEELVKISLSPEYVYSVSTFRELPRLEQKLLTPITTLTSQQIHQILASTRYPPSVVESDAADIVFLIDSSDAVKPDGIAHIRDFVSRIVRRLNIGPSKVRIGVVQFSNDVFPEFYLKTHKSQSSVLEAIRRLRFKGGSPLNTGRALEFVARNLFVKSAGSRIEDGVPQHLVLFLGGKSQDDVARHAQVISSSGIVSLGIGDRNIDRTDLQTITNDPRLVFTVREFRELPNIEERVMLSFGPSGATPQPPGVDLPSPSRPEKKKADIVFLLDGSINFRRDSFQEVLRFASEIVDTVYEDGDSIRVGLVQYNSDPTDEFFLRDFSTKRQIIDAI,,
chr1,89047264,.,TG,T,.,PASS,-,upstream_gene_variant,MODIFIER,Col6a3,MGP_AJ_G0016277,Transcript,MGP_AJ_T0021239,protein_coding,,,,,,,,,,,4934,-1,,MGI,,MRKHRHLPLVAVFSLLLSGIATTHAQQHGAQDSADIIFLIDGSQNTGNANFDVIRDFLVNVLERLSVGNQQVQV,,
chr10,23530576,.,GT,G,.,PASS,-,upstream_gene_variant,MODIFIER,Samd3,MGP_AJ_G0017079,Transcript,MGP_AJ_T0024816,protein_coding,,,,,,,,,,,1221,1,,MGI,,METWSVDQVCKWLVEKNLGELVPRFQEEEVSGATLLALNDRMVQQLVKKIGHQAVLMDFIKKYKQGNQELKPTGGPADTSTLTPAQAAPEHEQNPSPTSHGDQTSLYPAVLDNRLIDQRVLKQRRNVKHVLARHKALQWTKSYILPEFPYDVKCMLVEQKRPDHSMRIRIIEFLQADMTKYLEGSLYPTTQQYNDVVNALLQAHPFLDEDGCGFFLWKRALKDRFKYIRRPIEDDEQVMRNKCKFGHRRGQTRKSLADIQSNEIKIVQIKEESAHLDSEVDEHISWFQQEYMKTERDWREVDKRMSQTLEIRRKMIGGQTPLKDILKMFPFLKCPYQMFREVQILTKTDIYKKTRHILESYSENILTAFSVLDNPINTALQEKMKHYTDEGVLKYMKMTATCLLLPHVFGDEPSLFVVVNGKVHVSTPVLEVKNPFHINGCEFSLYLNKEKLTKVDDCVTALAALVSAFRVFGIECPRRLSQTFNFLETLIFDMQSPQFPSLKEKEIRSQPPIT,,
chr10,23530576,.,GT,G,.,PASS,-,upstream_gene_variant,MODIFIER,Samd3,MGP_AJ_G0017079,Transcript,MGP_AJ_T0024817,protein_coding,,,,,,,,,,,1221,1,,MGI,,METWSVDQVCKWLVEKNLGELVPRFQEEEVSGATLLALNDRMVQQLVKKIGHQAVLMDFIKKYKQGNQELKPTGGPADTSTLTPAQAAPEHEQNPSPTSHGDQTSLYPAVLDNRLIDQRVLKQRRNVKHVLARHKALQWTKSYILPEFPYDVKCMLVEQKRPDHSMRIRIIEFLQADMTKYLEGSLYPTTQQYNDVVNALLQAHPFLDEDGCGFFLWKRALKDRFKYIRRPIEDDEQVMRNKCKFGHRRGQTRKSLADIQSNEIKIVQIKPSA,,
chr11,29102852,.,AT,A,.,PASS,-,downstream_gene_variant,MODIFIER,Nsg2,MGP_AJ_G0018098,Transcript,MGP_AJ_T0028406,protein_coding,,,,,,,,,,,562,1,,MGI,,MVKLNSNPGEKGAKPPSVEDGFQTVPLITPLEVNHLQLAAPEKVIVKTRTEYQPEQRNKGKFRVPKIAEFTVTILVSLALAFLACIVFLVVYKAFTYDHSCPEGFVYKHKRCIPASLDAYYSSQDPSSRSRFYTVISHYSVAKQSTARAIGPWLSAAAVIHEPKPPKTQGH,,
chr11,84850158,.,TA,T,.,PASS,-,intron_variant,MODIFIER,Vmp1,MGP_AJ_G0018859,Transcript,MGP_AJ_T0031401,protein_coding,,1/11,,,,,,,,,,-1,,MGI,,MAENGKNCDQRRIAMSKDQHNGSLTDPSSVHEKKRRDREERQNIVLWRQPLITLQYFSLETLVVLKEWTSKLWHRQSIVVSFLLLLAALVATYYVEGAHQQYVQRIEKQFLLYAYWIGLGILSSVGLGTGLHTFLLYLGPHIASVTLAAYECNSVNFPEPPYPDQIICPEEEGAEGAISLWSIISKVRIEACMWGIGTAIGELPPYFMARAARLSGAEPDDEEYQEFEEMLEHAEAAQDFASRAKLAVQKLVQKVGFFGILACASIPNPLFDLAGITCGHFLVPFWTFFGATLIGKAIIKMHIQKIFVIVTFSKHIVEQMVTFIGAVPGIGPSLQKPFQEYLEAQRQKLHHRSEAGTPQGENWLSWMFEKLVVAMVCYFVLSIINSMAQNYAKRIQQRLNSEEKTK,,
chr11,84850158,.,TA,T,.,PASS,-,intron_variant&non_coding_transcript_variant,MODIFIER,Vmp1,MGP_AJ_G0018859,Transcript,MGP_AJ_T0031407,processed_transcript,,1/2,,,,,,,,,,-1,,MGI,,,,
chr11,84850158,.,TA,T,.,PASS,-,intron_variant,MODIFIER,Vmp1,MGP_AJ_G0018859,Transcript,MGP_AJ_T0031408,protein_coding,,1/2,,,,,,,,,,-1,,MGI,,MAENGKNCDQRRIAMSKDQHNGSLTDPSSVHEKKRRDREERQNIVLWRQPLITLQYFSLETLVVLKEWTS,,
chr11,96669478,.,CT,C,.,PASS,-,downstream_gene_variant,MODIFIER,Neurod2,MGP_AJ_G0019021,Transcript,MGP_AJ_T0032055,protein_coding,,,,,,,,,,,2763,-1,,MGI,,MLTRLFSEPGLLSDVPKFASWGDGDDDEPRSDKGDAPPQPPPAPGSGAPGPARAAKPVSLRGGEEIPEPTLAEVKEEGELGGEEEEEEEEEEGLDEAEGERPKKRGPKKRKMTKARLERSKLRRQKANARERNRMHDLNAALDNLRKVVPCYSKTQKLSKIETLRLAKNYIWALSEILRSGKRPDLVSYVQTLCKGLSQPTTNLVAGCLQLNSRNFLTEQGADGAGRFHGSGGPFAMHPYPYPCSRLAGAQCQAAGGLGGGAAHALRTHGYCAAYETLYAAAGGGGASPDYNSSEYEGPLSPPLCLNGNFSLKQDSSPDHEKSYHYSMHYSALPGSRPTGHGLVFGSSAVRGGVHSENLLSYDMHLHHDRGPMYEELNAFFHN,,
chr11,103199080,.,AAG,A,.,PASS,-,intron_variant,MODIFIER,Itgb3,MGP_AJ_G0019246,Transcript,MGP_AJ_T0032913,protein_coding,,1/14,,,,,,,,,,1,,MGI,,MRAQWPGQLWAALLALGALAGVVVGESNICTTRGVNSCQQCLAVSPVCAWCSDETLSQGSPRCNLKENLLKDNCAPESIEFPVSEAQILEARPLSSKGSGSSAQITQVSPQRIALRLRPDDSKIFSLQVRQVEDYPVDIYYLMDLSFSMKDDLSSIQTLGTKLASQMRKLTSNLRIGFGAFVDKPVSPYMYISPPQAIKNPCYNMKNACLPMFGYKHVLTLTDQVSRFNEEVKKQSVSRNRDAPEGGFDAIMQATVCDEKIGWRNDASHLLVFTTDAKTHIALDGRLAGIVLPNDGHCHIGTDNHYSASTTMDYPSLGLMTEKLSQKNINLIFAVTENVVSLYQNYSELIPGTTVGVLSDDSSNVLQLIVDAYGKIRSKVELEVRDLPEELSLSFNATCLNNEVIPGLKSCVGLKIGDTVSFSIEAKVRGCPQEKEQSFTIKPVGFKDSLTVQVTFDCDCACQAFAQPSSPRCNNGNGTFECGVCRCDQGWLGSMCECSEEDYRPSQQEECSPKEGQPICSQRGECLCGQCVCHSSDFGKITGKYCECDDFSCVRYKGEMCSGHGQCNCGDCVCDSDWTGYYCNCTTRTDTCMSTNGLLCSGRGNCECGSCVCVQPGSYGDTCEKCPTCPDACSFKKECVECKKFNRGTLHEENTCSRYCRDDIEQVKELTDTGKNAVNCTYKNEDDCVVRFQYYEDTSGRAVLYVVEEPECPKGPDILVVLLSVMGAILLIGLATLLIWKLLITIHDRKEFAKFEEERARAKWDTANNPLYKEATSTFTNITYRGT,,
chr12,3981924,.,AC,A,.,PASS,-,intergenic_variant,MODIFIER,,,,,,,,,,,,,,,,,,,,,,,
chr12,32176352,.,T,TA,.,PASS,A,intergenic_variant,MODIFIER,,,,,,,,,,,,,,,,,,,,,,,
chr13,30788083,.,AT,A,.,PASS,-,intergenic_variant,MODIFIER,,,,,,,,,,,,,,,,,,,,,,,
chr15,12753296,.,T,TA,.,PASS,A,intergenic_variant,MODIFIER,,,,,,,,,,,,,,,,,,,,,,,
chr15,71667830,.,T,TA,.,PASS,A,stop_gained&frameshift_variant,HIGH,Adgrb1,MGP_AJ_G0021886,Transcript,MGP_AJ_T0041146,protein_coding,12/31,,,,3083-3084,2183-2184,728,W/*,tgg/tgAg,,,1,,MGI,,MRGQAAAPGPIWILAPLLLLLLLLGRWARAASGADIGPGTEQCTTLVQGKFFGYFSAAAVFPANASRCSWTLRNPDPRRYTLYMKVAKAPAPCSGPGRVRTYQFDSFLESTRTYLGVESFDEVLRLCDSSAPLAFLQASKQFLQMQRQQPPQDGDLGPQGEFPSSSDDFSVEYLVVGNRNPSHAACQMLCRWLDACLAGSRSSHPCGIMQTPCACLGGDVGDPASSPLVPRGDVCLRDGVAGGPENCLTSLTQDRGGHGSAGGWKLWSLWGECTRDCGGGLQTRTRTCLPTLGVEGGGCEGVLEEGRLCNRKACGPTGRSSSRSQSLRSTDARRREEFGDELQQFGFPSPQTGDPAAEEWSPWSVCSSTCGEGWQTRTHFCVSSSYSTQCSGPLREQRLCNNSAVCPVHGAWDEWSPWSLCSSTCGRGFRDRTRTCRPPQFGGNPCEGPEKQTKFCNIALCPGRAVDGNWNEWSSWSTCSASCSQGRQQRTRECNGPSYGGAECQGHWVETRDCFLQQCPVDGKWQAWASWGSCSVTCGGGSQRRERVCSGPFFGGAACQGPQDEYRQCGAQRCPEPHEICDEDNFGAVVWKETPAGEVAAVRCPRNATGLILRRCELDEEGIAFWEPPTYIRCVSIDYRNIQMMTREHLAKAQRGLPGEGVSEVIQTLLEISQDGTSYSGDLLSTIDVLRNMTEIFRRAYYSPTPGDVQNFVQIISNLLAEENRDKWEEAQLMGPNAKELFRLVEDFVDVIGFRMKDLRDAYQVTDNLVLSIHKLPASGATDISFPMKGWRATGDWAKVPEDRVTVSKSVFSTGLAEADDSSVFVVGTVLYRNLGSFLALQRNTTVLNSKVISVTVKPPPRSLLTPLEIEFAHMYNGTTNQTCILWDETDGPSSSAPPQLGPWSWRGCRTVPLDALRTRCLCDRLSTFAILAQLSADATMDKVTVPSVTLIVGCGVSSLTLLMLVIIYVSVWRYIRSERSVILINFCLSIISSNALILIGQTQTRNKVVCTLVAAFLHFFFLSSFCWVLTEAWQSYMAVTGRLRSRLVRKRFLCLGWGLPALVVAISVGFTKAKGYSTMNYCWLSLEGGLLYAFVGPAAAVVLVNMVIGILVFNKLVSKDGITDKKLKERAGASLWSSCVVLPLLALTWMSAVLAVTDRRSALFQILFAVFDSLEGFVIVMVHCILRREVQDAVKCRVVDRQEEGNGDSGGSFQNGHAQLMTDFEKDVDLACRSVLNKDIAACRTATITGTFKRPSLPEEEKMKLAKGPPPTFNSLPANVSKLHLHGSPRYPGGPLPDFPNHSLTLKKDKAPKSSFIGDGDIFKKLDSELSRAQEKALDTSYVILPTATATLRPKPKEEPKYSINIDQMPQTRLIHLSMAPDASFPTRSPPAREPPGGAPPEVPPVQPPPPPPPPPPPPQQPIPPPPTLEPAPPSLGDTGEPAAHPGPSSGAGAKNENVATLSVSSLERRKSRYAELDFEKIMHTRKRHQDMFQDLNRKLQHAAEKEKEVPGADSKPEKQQTPNKRAWESLRKPHGTPAWVKKELEPLPPSPLELRSVEWEKAGATIPLVGQDIIDLQTEV,,-854
chr15,71667830,.,T,TA,.,PASS,A,stop_gained&frameshift_variant&NMD_transcript_variant,HIGH,Adgrb1,MGP_AJ_G0021886,Transcript,MGP_AJ_T0041147,nonsense_mediated_decay,12/30,,,,2839-2840,2183-2184,728,W/*,tgg/tgAg,,,1,,MGI,,MRGQAAAPGPIWILAPLLLLLLLLGRWARAASGADIGPGTEQCTTLVQGKFFGYFSAAAVFPANASRCSWTLRNPDPRRYTLYMKVAKAPAPCSGPGRVRTYQFDSFLESTRTYLGVESFDEVLRLCDSSAPLAFLQASKQFLQMQRQQPPQDGDLGPQGEFPSSSDDFSVEYLVVGNRNPSHAACQMLCRWLDACLAGSRSSHPCGIMQTPCACLGGDVGDPASSPLVPRGDVCLRDGVAGGPENCLTSLTQDRGGHGSAGGWKLWSLWGECTRDCGGGLQTRTRTCLPTLGVEGGGCEGVLEEGRLCNRKACGPTGRSSSRSQSLRSTDARRREEFGDELQQFGFPSPQTGDPAAEEWSPWSVCSSTCGEGWQTRTHFCVSSSYSTQCSGPLREQRLCNNSAVCPVHGAWDEWSPWSLCSSTCGRGFRDRTRTCRPPQFGGNPCEGPEKQTKFCNIALCPGRAVDGNWNEWSSWSTCSASCSQGRQQRTRECNGPSYGGAECQGHWVETRDCFLQQCPVDGKWQAWASWGSCSVTCGGGSQRRERVCSGPFFGGAACQGPQDEYRQCGAQRCPEPHEICDEDNFGAVVWKETPAGEVAAVRCPRNATGLILRRCELDEEGIAFWEPPTYIRCVSIDYRNIQMMTREHLAKAQRGLPGEGVSEVIQTLLEISQDGTSYSGDLLSTIDVLRNMTEIFRRAYYSPTPGDVQNFVQIISNLLAEENRDKWEEAQLMGPNAKELFRLVEDFVDVIGFRMKDLRDAYQVTDNLVLSIHKLPASGATDISFPMKGWRATGDWAKVPEDRVTVSKSVFSTGLAEADDSSVFVVGTVLYRNLGSFLALQRNTTVLNSKVISVTVKPPPRSLLTPLEIEFAHMYNGTTNQTCILWDETDGPSSSAPPQLGPWSWRGCRTVPLDALRTRCLCDRLSTFAILAQLSADATMDKVTVPSVTLIVGCGVSSLTLLMLVIIYVSVWRYIRSERSVILINFCLSIISSNALILIGQTQTRNKVVCTLVAAFLHFFFLSSFCWVLTEAWQSYMAVTGRLRSRLVRKRFLCLGWGLPALVVAISVGFTKAKGYSTMNYCWLSLEGGLLYAFVGPAAAVVLGLPVELLRGAAAAGADLDVCCACCHRPPLRPLPDPLRCL,,-415
chr15,71667830,.,T,TA,.,PASS,A,3_prime_UTR_variant&NMD_transcript_variant,MODIFIER,Adgrb1,MGP_AJ_G0021886,Transcript,MGP_AJ_T0041148,nonsense_mediated_decay,12/31,,,,2460-2461,,,,,,,1,,MGI,,MRGQAAAPGPIWILAPLLLLLLLLGRWARAASGADIGPGTEQCTTLVQGKFFGYFSAAAVFPANASRCSWTLRNPDPRRYTLYMKVAKAPAPCSGPGRVRTYQFDSFLESTRTYLGVESFDEVLRLCDSSAPLAFLQASKQFLQMQRQQPPQDGDLGPQGEFPSSSDDFSVEYLVVGNRNPSHAACQMLCRWLDACLAGSRSSHPCGIMQTPCACLGGDVGDPASSPLVPRGDVCLRDGVAGGPENCLTSLTQDRGGHGSAGGWKLWSLWGECTRDCGGGLQTRTRTCLPTLGVEGGGCEGVLEEGRLCNRKACGPTGRSSSRSQSLRSTDARRREEFGDELQQFGFPSPQTGLDPQVTQQLRSGPHGVYAPVPAVRAGRPAPTSACHPRTVLSAVDL,,
chr15,71667830,.,T,TA,.,PASS,A,downstream_gene_variant,MODIFIER,Adgrb1,MGP_AJ_G0021886,Transcript,MGP_AJ_T0041149,protein_coding,,,,,,,,,,,807,1,,MGI,,HGAWDEWSPWSLCSSTCGRGFRDRTRTCRPPQFGGNPCEGPEKQTKFCNIALCPVDGNWNEWSSWSTCSASCSQGRQQRTRECNGPSYGGAECQGHWVETRDCFLQQCPVDGKWQAWASWGSCSVTCGGGSQRRERVCSGPFFGGAACQGPQDEYRQCGAQRCPEPHEICDEDNFGAVVWKETPAGEVAAVRCPRNATGLILRRCELDEEGIAFWEPPTYIRCVSIDYRNIQMMTREHL,,
chr17,26069194,.,AG,A,.,PASS,-,intron_variant,MODIFIER,Nudt3,MGP_AJ_G0023381,Transcript,MGP_AJ_T0046421,protein_coding,,1/4,,,,,,,,,,-1,,MGI,,MMKLKSNQTRTYDGDGYKKRAACLCFRSESEEEVLLVSSSRHPDRWIVPGGGMEPEEEPSVAAVREVCEEAGVKGTLGRLVGIFENQERKHRTYVYVLIVTEVLEDWEDSVNIGRKREWFKIEDAIKVLQCHKPVQASYFETLRQGYPANNGTPVVPTTYSSSVSGIR,,
chr17,26069194,.,AG,A,.,PASS,-,intron_variant,MODIFIER,Nudt3,MGP_AJ_G0023381,Transcript,MGP_AJ_T0046422,protein_coding,,1/4,,,,,,,,,,-1,,MGI,,MSRRVLLVSSSRHPDRWIVPGGGMEPEEEPSVAAVREVCEEAGVKGTLGRLVGIFENQERKHRTYVYVLIVTEVLEDWEDSVNIGRKREWFKIEDAIKVLQCHKPVQASYFETLRQGYPANNGTPVVPTTYSSSVSGIR,,
chr17,26069194,.,AG,A,.,PASS,-,intron_variant,MODIFIER,Nudt3,MGP_AJ_G0023381,Transcript,MGP_AJ_T0046424,protein_coding,,1/4,,,,,,,,,,-1,,MGI,,MMKLKSNQTRTYDGDGYKKRAACLCFRSESEEEVLLVSSSRHPDRWIVPGGGMEPEEEPSVAAVREVCEEAGVKGTLGRLVGIFENQERKHRTYVYVLIVTEVLEDWEDSVNIEDAIKVLQCHKPVQASYFETLRQGYPANNGTPVVPTTYSSSVSGIR,,
chr17,26069194,.,AG,A,.,PASS,-,intron_variant&non_coding_transcript_variant,MODIFIER,Nudt3,MGP_AJ_G0023381,Transcript,MGP_AJ_T0046425,processed_transcript,,1/4,,,,,,,,,,-1,,MGI,,,,
chr17,26069194,.,AG,A,.,PASS,-,intron_variant&non_coding_transcript_variant,MODIFIER,Nudt3,MGP_AJ_G0023381,Transcript,MGP_AJ_T0046426,processed_transcript,,1/4,,,,,,,,,,-1,,MGI,,,,
chr17,26069194,.,AG,A,.,PASS,-,intron_variant,MODIFIER,Nudt3,MGP_AJ_G0023381,Transcript,MGP_AJ_T0046427,protein_coding,,1/3,,,,,,,,,,-1,,MGI,,MMKLKSNQTRTYDGDGYKKRAACLCFRSESEEEVLLVSSSRHPDRWIVPGGGMEPEEEPSVAAVREVCEEAGVKGTLGRLVGIFENQERKHRTYVYVLIVTEVLEDWEDSVNIGESASGLGN,,
chr17,26069194,.,AG,A,.,PASS,-,intron_variant,MODIFIER,Nudt3,MGP_AJ_G0023381,Transcript,MGP_AJ_T0046428,protein_coding,,1/2,,,,,,,,,,-1,,MGI,,MSRRVLLVSSSRHPDRWIVPGGGMEPEEEPSVAAVREVCEENQERKHRTYVYVLIVTEVL,,
chr17,26069194,.,AG,A,.,PASS,-,intron_variant&non_coding_transcript_variant,MODIFIER,Nudt3,MGP_AJ_G0023381,Transcript,MGP_AJ_T0046429,retained_intron,,1/1,,,,,,,,,,-1,,MGI,,,,
chr17,28018434,.,GGCA,G,.,PASS,-,intergenic_variant,MODIFIER,,,,,,,,,,,,,,,,,,,,,,,
chr17,46813627,.,GC,G,.,PASS,-,intergenic_variant,MODIFIER,,,,,,,,,,,,,,,,,,,,,,,
chr17,75752098,.,CTG,C,.,PASS,-,intron_variant,MODIFIER,Rasgrp3,MGP_AJ_G0023991,Transcript,MGP_AJ_T0048584,protein_coding,,1/16,,,,,,,,,,1,,MGI,,MGSNGLGKAATLDELLSTCIEMFDDNGDLNDSYLPRIVLLMHRWYLSSTELAGKLLCMYRNASGESCDEFRLKICYFMRYWILKFPAEFNLDLGLIRMTEEFREVASQLGHEKHISLMDISSVPSYDWMRRVTQRKKVSKRGKACLLFDHLEPIELAEHLTFLEHKSFRRISFTDYQSYVIHGCLENNPTLERSIALFNGISKWVQLMVLSKPSAQQRAEVITKFINVAQKLLQLKNFNTLMAVVGGLSHSSISRLKDTHSHLSSEVTKNWNEMTELVSSNGNYCNYRKAFADCDGFKIPILGVHLKDLIAVHVIFPDWMEENKVNVVKMHQLSVTLSELVSLQNASHHLEPNMDLINLLTLSLDLYHTEDDIYKLSLVLEPRNSKSQPTSPTTPNKPVVPLEWASEVVPKPDPTIINKHIRKLVESVFRNYDHDHDGYISQEDFESIAANFPFLDSFCVLDKDQDGLISKDEMMAYFLRAKSQLHCKMGPGFIHNFQEMNYLKPTFCEHCAGFLWGIIKQGYKCKDCGANCHKQCKDLLVLACRRLARAPSLSSNPGSLPGSPALPPVQDEVFEFPGVTAGHRDLDSRAITLVTGSSRKISVRLQRATTSQATQTEPVWSEAVWGDSGSHTFPKMKSKFHDKAAKDKGFAKWENEKPTVQAGVDVVDRGTAFEPDQDDGQDEAKQGGEDG,,
chr17,75752098,.,CTG,C,.,PASS,-,intron_variant,MODIFIER,Rasgrp3,MGP_AJ_G0023991,Transcript,MGP_AJ_T0048585,protein_coding,,1/17,,,,,,,,,,1,,MGI,,MGSNGLGKAATLDELLSTCIEMFDDNGDLNDSYLPRIVLLMHRWYLSSTELAGKLLCMYRNASGESCDEFRLKICYFMRYWILKFPAEFNLDLGLIRMTEEFREVASQLGHEKHISLMDISSVPSYDWMRRVTQRKKVSKRGKACLLFDHLEPIELAEHLTFLEHKSFRRISFTDYQSYVIHGCLENNPTLERSIALFNGISKWVQLMVLSKPSAQQRAEVITKFINVAQKLLQLKNFNTLMAVVGGLSHSSISRLKDTHSHLSSEVTKNWNEMTELVSSNGNYCNYRKAFADCDGFKIPILGVHLKDLIAVHVIFPDWMEENKVNVVKMHQLSVTLSELVSLQNASHHLEPNMDLINLLTLSLDLYHTEDDIYKLSLVLEPRNSKSQPTSPTTPNKPVVPLEWASEVVPKPDPTIINKHIRKLVESVFRNYDHDHDGYISQEDFESIAANFPFLDSFCVLDKDQDGLISKDEMMAYFLRAKSQLHCKMGPGFIHNFQEMNYLKPTFCEHCAGFLWGIIKQGYKCKDCGANCHKQCKDLLVLACRRLARAPSLSSNPGSLPGSPALPPVQDEVFEFPGVTAGHRDLDSRAITLVTGSSRKISVRLQRATTSQATQTEPVWSEAVWGDSGSHTFPKMKSKFHDKAAKDKGFAKWENEKPTVQAGVDVVDRGTAFEPDQDDGQDEAKQGGEDG,,
chr17,79254646,.,GA,G,.,PASS,-,intron_variant,MODIFIER,Cebpzos,MGP_AJ_G0024002,Transcript,MGP_AJ_T0048606,protein_coding,,1/5,,,,,,,,,,1,,MGI,,MARIMEPLARKIFKGVLAAELVGVAGAYCLFKKMHSSQDFRQTMSKKFPFILEVYYKSIEQSGMYGVREKDEEKWLTSKN,,
chr17,79254646,.,GA,G,.,PASS,-,intron_variant,MODIFIER,Cebpzos,MGP_AJ_G0024002,Transcript,MGP_AJ_T0048607,protein_coding,,1/5,,,,,,,,,,1,,MGI,,MARIMEPLARKIFKGVLAAELVGVAGAYCLFKKMHSSQDFRQTMSKKFPFILEVYYKSIEQSGMYGVREKDEEKWLTSKN,,
chr17,79254646,.,GA,G,.,PASS,-,intron_variant,MODIFIER,Cebpzos,MGP_AJ_G0024002,Transcript,MGP_AJ_T0048608,protein_coding,,1/1,,,,,,,,,,1,,MGI,,MARIMEPLARKIFKGVLAAELVGVAGA,,
chr17,79254646,.,GA,G,.,PASS,-,downstream_gene_variant,MODIFIER,Cebpz,MGP_AJ_G0024003,Transcript,MGP_AJ_T0048609,protein_coding,,,,,,,,,,,1091,-1,,MGI,,MSADQEPVAFLAKQPWRPKQVTEDPDEEDEEDGDEGKNGFSLEEVLRLGGTKQDYLMLATLDENEEVVDGGKKGTIDDLQQGELESFIQNLNLAKYSKSLIEEDEPEKKENASKKEAKLLKVENKKQKATEGKKTSEKKVKNKTVAEQRPESCPVSKAKKDKQPDVFEFLERQTMLLRPGGKWYDMEYSGEYSLEPQPPDVVSKYKALAQKLYEHEVSLFKSKTNNQKGGSSTWMKAIVSSGTLADRMAAMILLIQDDAVHTLQFVETLMSLVKKKGSKQQCLMALDTFKELLITDLLPDSRKLRVFSQHPFHKLEEMSSGNKDSRDRRLILWYYEHQLKHLVAEFVQVLETLSHDSLVTTKTRALVAAHELLCDKPEEEKALLVQVINKLGDPQNRIATKASHLLEVLLRKHPNMKGVVCGEIERLLFRSNISPKAQYYAICFLNQMVLSHEESELANKLITLYFCFFRTCIKKKDIESKMLSAILTGVNRAYPYSQIGDDKVREQVDTLFKVLHVVNFNTSVQALMLLFQVMNSQQTISDRYYTALYRKMLDPGLTTCSKQAMFLNLIYKSLKADIMLRRVKAFVKRLLQVTCTQMPPFICGALYLVSEILKAKPDLRSQLDDHPESDEENFVDVGDDSDDEKFTDADKGTATDAVKEVESKETEPESSAEAEKPKAASWVHFDNLKGGKQIKTYDPFSRNPLFCGAENTTLWELKKLSEHFHPSVALFAKTILEGNCIQYSGDPLQDFTLMRFLDRFVYRNPKLHKGKENTDSVVMQPKRKHFMKNVRDLAVNSKEFLAKEESQIPVDEVFFYRYYKKVAVVKDKQKRSADEESIEDIDDEEFENMIDTFEDDNCFPPGKDDIDFASNMKKTKGAKADLEDSESSDGELGDLDDDEVSLGSMNDEDFEIDEDGGTFMDVSDDESEDAPEFADANPKANTKKSKRKSEDDFDFAGSFQGQKKKKKSFNDSSLFVSAEEFGHLLDENMGSKFDTIGMNAMANRDNASFKQLKWEAERDDWLHNRDVKSIIKKKKNFRKKMKAPQKPKRQRK,,
chr18,36799907,.,CT,C,.,PASS,-,intergenic_variant,MODIFIER,,,,,,,,,,,,,,,,,,,,,,,
chr19,4985106,.,AAG,A,.,PASS,-,intron_variant,MODIFIER,,MGP_AJ_G0024767,Transcript,MGP_AJ_T0050930,protein_coding,,5/6,,,,,,,,,,-1,,,,MWDLVCESQALNSVTKFSFMIGLFIGGIICGHLSDRWLSESARWLILINKPQKGLKELRKVAHMNGMKNSGDLTMEIVRTSMKAELEAAKTKPSLRDLFHTSILRKRICVLSFIRLFFTVSIIGLAVHLQHLSSNIILLQFLISALAILVSVIGPFVLNHIGRRITYLVLMSLRGIFILIAVFVPQEMQTLRIIMATLAEGISSLCVGVSRLHTNELLPTTLRATAVGVIGFFGNSGSFLSPLFMLLATYYANMPWIFYGGFSIFNAFTVFLLPETKNQPLPDSTHDVGNE,,
chr19,17543589,.,CT,C,.,PASS,-,intergenic_variant,MODIFIER,,,,,,,,,,,,,,,,,,,,,,,
chr2,28308270,.,GT,G,.,PASS,-,intron_variant&non_coding_transcript_variant,MODIFIER,Golga2,MGP_AJ_G0025520,Transcript,MGP_AJ_T0053662,retained_intron,,1/20,,,,,,,,,,1,,MGI,,,,
chr2,28308270,.,GT,G,.,PASS,-,intron_variant,MODIFIER,Gpr107,MGP_AJ_G0025560,Transcript,MGP_AJ_T0053964,protein_coding,,14/17,,,,,,,,,,1,,MGI,,MVVMANASGSSQGLCRKSVLGGQLKSAEVVRSGPCVTRVAFCSKTISRTSEAAAAPPSRAPPGRRTLTRKWVGEEAAGDAGTNMAVPVPLGRFGSFCLRLLRLLALLELLVHPVLGRVHHLALKDDVRHKVHLNTFGFFKDGYMVVNVSSLSVNEPEGATDKDAEIGFSLDRTKNDGFSSYLDEDVNYCILKKKSMSSVTLVILDISGSIVKVRSPPEAGKQLPEIVFSKDEKILSRSQEPAVSSNPKDSEARRTLDGFKAGRSTVDSKAITERSFSIHKNDGVVSFQFFFNISTDDQEGLYSLYFHKCSGNNVKPGEQASFSLNIAITEKNPNSYLSAGEIPLPKLYVSMALFFFLSGTIWIHILRKRRNDVFKIHWLMAALPFTKSLSLVFHAIDYHYISSQGFPIEGWAVVYYITHLLKGALLFITIALIGTGWAFIKHILSDKDKKIFMIVIPLQVLANVAYIIIESTEEGTTEYGLWKDSLFLVDLLCCGAILFPVVWSIRHLQEASATDGKAAINLAKLRLFRHYYVLIVCYIYFTRIIAFLLKFAVPFQWKWLYQLLDETATLVFFVLTGYKFRPASDNPYLQLSQEDDDLEMESVVTTSGVMENMKKVKKVSNGAVEPQGSWEGTA,,
chr2,28308270,.,GT,G,.,PASS,-,downstream_gene_variant,MODIFIER,Gpr107,MGP_AJ_G0025560,Transcript,MGP_AJ_T0053966,retained_intron,,,,,,,,,,,4403,1,,MGI,,,,
chr2,28308270,.,GT,G,.,PASS,-,intron_variant&non_coding_transcript_variant,MODIFIER,Gpr107,MGP_AJ_G0025560,Transcript,MGP_AJ_T0053969,retained_intron,,3/4,,,,,,,,,,1,,MGI,,,,
chr2,28308270,.,GT,G,.,PASS,-,intron_variant&non_coding_transcript_variant,MODIFIER,Gpr107,MGP_AJ_G0025560,Transcript,MGP_AJ_T0053971,retained_intron,,2/3,,,,,,,,,,1,,MGI,,,,
chr2,28308270,.,GT,G,.,PASS,-,upstream_gene_variant,MODIFIER,Gpr107,MGP_AJ_G0025560,Transcript,MGP_AJ_T0053972,processed_transcript,,,,,,,,,,,227,1,,MGI,,,,
chr2,60317632,.,GA,G,.,PASS,-,intron_variant,MODIFIER,Kcnh7,MGP_AJ_G0025750,Transcript,MGP_AJ_T0055020,protein_coding,,2/15,,,,,,,,,,-1,,MGI,,MPVRRGHVAPQNTFLGTIIRKFEGQNKKFIIANARVQNCAIIYCNDGFCEMTGFSRPDVMQKPCTCDFLHGPETKRHDIAQIAQALLGSEERKVEVTYYHKNGSTFICNTHIIPVKNQEGVAMMFIINFEYVTDEENAATPERVNPILPVKTVNRKLFGFKFPGLRVLTYRKQSLPQEDPDVVVIDSSKHSDDSVAMKHFKSPTKESCSPSEADDTKALIQPSQCSPLVNISGPLDHSSPKRQWDRLYPDMLQSSSQLTHSRSRESLCSIRRASSVHDIEGFSVHPKNIFRDRHASEDNGRNVKGPFNHIKSSLLGSTSDSNLNKYSTINKIPQLTLNFSDVKTEKKNTSPPSSDKTIIAPKVKERTHNVTEKVTQVLSLGADVLPEYKLQTPRINKFTILHYSPFKAVWDWLILLLVIYTAIFTPYSAAFLLNDREEQKRRECGYSCSPLNVVDLIVDIMFIIDILINFRTTYVNQNEEVVSDPAKIAIHYFKGWFLIDMVAAIPFDLLIFGSGSDETTTLIGLLKTARLLRLVRVARKLDRYSEYGAAVLMLLMCIFALIAHWLACIWYAIGNVERPYLTDKIGWLDSLGTQIGKRYNDSDSSSGPSIKDKYVTALYFTFSSLTSVGFGNVSPNTNSEKIFSICVMLIGSLMYASIFGNVSAIIQRLYSGTARYHMQMLRVKEFIRFHQIPNPLRQRLEEYFQHAWTYTNGIDMNMVLKGFPECLQADICLHLNQTLLQNCKAFRGASKGCLRALAMKFKTTHAPPGDTLVHCGDVLTALYFLSRGSIEILKDDIVVAILGKNDIFGEMVHLYAKPGKSNADVRALTYCDLHKIQREDLLEVLDMYPEFSDHFLTNLELTFNLRHESAKSQSVNDSEGDTGKLRRRRLSFESEGEKDFSKENSANDADDSTDTIRRYQSSKKHFEERKSRSSSFISSIDDEQKPLFLGTVDSTPRMVKATRLHGEETMPHSGRIHTEKRSHSCRDITDTHSWEREPARAQPEECSPSGLQRAAWGVSETESDLTYGEVEQRLDLLQEQLNRLESQMTTDIQAILQLLQKQTTVVPPAYSMVTAGAEYQRPILRLLRTSHPRASIKTDRSFSPSSQCPEFLDLEKSKLQSKESLSSGRRLNTASEDNLTSLLKQDSDASSELDPRQRKTYLHPIRHPSLPDSSLSTVGILGLHRHVSDPGLPGK,,
chr2,60317632,.,GA,G,.,PASS,-,intron_variant,MODIFIER,Kcnh7,MGP_AJ_G0025750,Transcript,MGP_AJ_T0055021,protein_coding,,2/6,,,,,,,,,,-1,,MGI,,MPVRRGHVAPQNTFLGTIIRKFEGQNKKFIIANARVQNCAIIYCNDGFCEMTGFSRPDVMQKPCTCDFLHGPETKRHDIAQIAQALLGSEERKVEVTYYHKNGSTFICNTHIIPVKNQEGVAMMFIINFEYVTDEENAATPERVNPILPVKTVNRKLFGFKFPGLRVLTYRKQSLPQEDPDVVVIDSSKHSDDSVAMKHFKSPTKESCSPSEADDTKALIQPSQCSPLVNISGPLDHSSPKRQWDRLYPDMLQSSSQLTHSRSRESLCSIRRASSVHDIEGFSVHPKNIFRDRHASEDNGRNVKGPFNHIKSSLLGSTSDSNLNKYSTINKIPQLTLNFSDVKTEKKNTSPPSSDKTIIAPKVKERTHNVTEKVTQVLSLGADVLPEYKLQTPRINKFTILHYSPFKAVWDWLILLLVIYTAIFTPYSAAFLLNDREEQKRRECGYSCSPLNVVDLIVDIMFIIDILINFRTTYVNQNEEVVSDPAKIAIHYFKGWFLIDMVAAIPFDLLIFGSGSDEVRAA,,
chr2,60317632,.,GA,G,.,PASS,-,intron_variant,MODIFIER,Kcnh7,MGP_AJ_G0025750,Transcript,MGP_AJ_T0055022,protein_coding,,2/5,,,,,,,,,,-1,,MGI,,MPVRRGHVAPQNTFLGTIIRKFEGQNKKFIIANARVQNCAIIYCNDGFCEMTGFSRPDVMQKPCTCDFLHGPETKRHDIAQIAQALLGSEERKVEVTYYHKNGSTFICNTHIIPVKNQEGVAMMFIINFEYVTDEENAATPERVNPILPVKTVNRKLFGFKFPGLRVLTYRKQSLPQEDPDVVVIDSSKHSDDSVAMKHFKSPTKESCSPSEADDTKALIQPSQCSPLVNISGPLDHSSPKRQWDRLYPDMLQSSSQLTHSRSRESLCSIRRASSVHDIEGFSVHPKNIFRDRHASEGPFNHIKSSLLGSTSDSNLNKYSTINKIPQLTLNFSDVKTEKKNTSPPSSDKTIIAPKVKERTHNVTEKVTQVLSLGADVLPEYKLQTPRINKFTILHYSPFKAVWDWLILLLVIYTAIFTPYSAAFLLNDREEQKRRECGYSCSPLNVVDLIVDIMFIIDILINFRTTYVNQNEEVVSDPAKIAIHYFKGWFLIDMVAAIPFDLLIFGSGSDEVRAA,,
chr2,153219490,.,ACTC,A,.,PASS,-,intron_variant,MODIFIER,Raly,MGP_AJ_G0026691,Transcript,MGP_AJ_T0058537,protein_coding,,1/7,,,,,,,,,,1,,MGI,,MSLKIQTSNVTNKNDPKSINSRVFIGNLNTAVVKKSDVETIFSKYGRVAGCSVHKGYAFVQYANERHARAAVLGENGRVLAGQTLDINMAGEPKPNRPKGLKRAATAIYRLFDYRGRLSPVPVPRAVPVKRPRVTVPLVRRVKTTIPVKLFARSTAVTTGSAKIKLKSSELQTIKTELTQIKSNIDALLGRLEQIAEEQKANPDGKKKGDSSSGGGGGSSGGGGSSNVGGGSSGGSGSCSSSSRLPAPQEDTASEAGTPQGEVQTRDDGDEEGLLTHSEEELEHSQDTDAEDGALQ,,
chr2,153219490,.,ACTC,A,.,PASS,-,intron_variant,MODIFIER,Raly,MGP_AJ_G0026691,Transcript,MGP_AJ_T0058538,protein_coding,,1/6,,,,,,,,,,1,,MGI,,MSLKIQTSNVTNKNDPKSINSRVFIGNLNTAVVKKSDVETIFSKYGRVAGCSVHKGYAFVQYANERHARAAVLGENGRVLAGQTLDINMAGEPKPNRPKGLKRAATAIYRLFDYRGRLSPVPVPRAVPVKRPRVTVPLVRRVKTTIPVKLFARSTAVTTGSAKIKLKSSELQTIKTELTQIKSNIDALLGRLEQIAEEQKANPDGKKKGDS,,
chr2,153219490,.,ACTC,A,.,PASS,-,intron_variant,MODIFIER,Raly,MGP_AJ_G0026691,Transcript,MGP_AJ_T0058539,protein_coding,,1/8,,,,,,,,,,1,,MGI,,MSLKIQTSNVTNKNDPKSINSRVFIGNLNTAVVKKSDVETIFSKYGRVAGCSVHKGYAFVQYANERHARAAVLGENGRVLAGQTLDINMAGEPKPNRPKGLKRAATAIYSGYSFDYDYYQDYFCARLFDYRGRLSPVPVPRAVPVKRPRVTVPLVRRVKTTIPVKLFARSTAVTTGSAKIKLKSSELQTIKTELTQIKSNIDALLGRLEQIAEEQKANPDGKKKGDSSSGGGGGSSGGGGSSNVGGGSSGGSGSCSSSSRLPAPQEDTASEAGTPQGEVQTRDDGDEEGLLTHSEEELEHSQDTDAEDGALQ,,
chr2,153219490,.,ACTC,A,.,PASS,-,intron_variant,MODIFIER,Raly,MGP_AJ_G0026691,Transcript,MGP_AJ_T0058540,protein_coding,,1/3,,,,,,,,,,1,,MGI,,MSLKIQTSNVTNKNDPKSINSRVFIGNLNTAVVKKSDVETIFSKYGRVAGCSVHKGYAFVQYANERHARAAVLGENGRVLAGQTLDINMAGEPKPNRPKGLKRAATAIYRLFDYRGRLSPVPVPRAVPVKRPRVTVPLVRR,,
chr2,153219490,.,ACTC,A,.,PASS,-,intron_variant,MODIFIER,Raly,MGP_AJ_G0026691,Transcript,MGP_AJ_T0058541,protein_coding,,1/9,,,,,,,,,,1,,MGI,,MSLKIQTSNVTNKNDPKSINSRVFIGNLNTAVVKKSDVETIFSKYGRVAGCSVHKGYAFVQYANERHARAAVLGENGRVLAGQTLDINMAGEPKPNRPKGLKRAATAIYSGYSFDYDYYQDYFCARLFDYRGRLSPVPVPRAVPVKRPRVTVPLVRRVKTTIPVKLFARSTAVTTGSAKIKLKSSELQTIKTELTQIKSNIDALLGRLEQIAEEQKANPDGKKKGDSSSGGGGGSSGGGGSSNVGGGSSGGSGSCSSSSRLPAPQEDTASEAGTPQGEVQTRDDGDEEGLLTHSEEELEHSQDTDAEDGALQ,,
chr2,153219490,.,ACTC,A,.,PASS,-,intron_variant,MODIFIER,Raly,MGP_AJ_G0026691,Transcript,MGP_AJ_T0058542,protein_coding,,1/8,,,,,,,,,,1,,MGI,,MSLKIQTSNVTNKNDPKSINSRVFIGNLNTAVVKKSDVETIFSKYGRVAGCSVHKGYAFVQYANERHARAAVLGENGRVLAGQTLDINMAGEPKPNRPKGLKRAATAIYRLFDYRGRLSPVPVPRAVPVKRPRVTVPLVRRVKTTIPVKLFARSTAVTTGSAKIKLKSSELQTIKTELTQIKSNIDALLGRLEQIAEEQKANPDGKKKGDSSSGGGGGSSGGGGSSNVGGGSSGGSGSCSSSSRLPAPQEDTASEAGTPQGEVQTRDDGDEEGLLTHSEEELEHSQDTDAEDGALQ,,
chr2,153219490,.,ACTC,A,.,PASS,-,intron_variant,MODIFIER,Raly,MGP_AJ_G0026691,Transcript,MGP_AJ_T0058543,protein_coding,,1/6,,,,,,,,,,1,,MGI,,MSLKIQTSNVTNKNDPKSINSRVFIGNLNTAVVKKSDVETIFSKYGRVAGCSVHKGYAFVQYANERHARAAVLGENGRVLAGQTLDINMAGEPKPNRPKGLKRAATAIYSGYSFDYDYYQDYFCARLFDYRGRLSPVPVPRAVPVKRPRVTVPLVRRVKTTIPVKLFARSTAVTTGSAKIKLKSSELQTIKTELTQIKSNIDALLGRLEQIAEEQKANPDGKKKGDSSSGGGGGSSGGGGSSNVGGGSSGGSGSCSSSSRLPAPQEDTASEAGTPQGEVQTRDDGDEEGLLTHSEEEL,,
chr2,153219490,.,ACTC,A,.,PASS,-,intron_variant&non_coding_transcript_variant,MODIFIER,Raly,MGP_AJ_G0026691,Transcript,MGP_AJ_T0058544,processed_transcript,,1/3,,,,,,,,,,1,,MGI,,,,
chr2,153219490,.,ACTC,A,.,PASS,-,intron_variant&non_coding_transcript_variant,MODIFIER,Raly,MGP_AJ_G0026691,Transcript,MGP_AJ_T0058545,processed_transcript,,2/3,,,,,,,,,,1,,MGI,,,,
chr2,153219490,.,ACTC,A,.,PASS,-,intron_variant&non_coding_transcript_variant,MODIFIER,Raly,MGP_AJ_G0026691,Transcript,MGP_AJ_T0058546,processed_transcript,,1/2,,,,,,,,,,1,,MGI,,,,
chr4,126731431,.,TA,T,.,PASS,-,intron_variant&non_coding_transcript_variant,MODIFIER,Gm12963,MGP_AJ_G0003945,Transcript,MGP_AJ_T0004543,antisense,,1/6,,,,,,,,,,-1,,MGI,,,,
chr4,126731431,.,TA,T,.,PASS,-,intron_variant&non_coding_transcript_variant,MODIFIER,Gm12963,MGP_AJ_G0003945,Transcript,MGP_AJ_T0004544,antisense,,1/3,,,,,,,,,,-1,,MGI,,,,
chr4,126731431,.,TA,T,.,PASS,-,upstream_gene_variant,MODIFIER,Col16a1,MGP_AJ_G0028801,Transcript,MGP_AJ_T0068168,protein_coding,,,,,,,,,,,4701,1,,MGI,,MLTSWAPGLWVLGLWATFSHGTNIGERCPTSQQEGLKLEHSSDPSTNVTGFNLIRRLNLMKTSAIKKIRNPKGPLILRLGAAPVTQPTRRVFPRGLPEEFALVLTVLLKKHTFRNTWYLFQVTDANGYPQISLEVNSQEQSLELRAQGQDGDFVSCIFPVPQLFDLRWHKLMLSVAGRVASVHVDCVSASSQPLGPRQSIRPGGHVFLGLDAEQGKPVSFDLQQAHIYCDPELVLEEGCCEILPGGCPPETSKSRRDTQSNELIEINPQTEGKVYTRCFCLEEPQNSKVDAQLMGRNIQKAERGTKVHQGTGVNECPPCAHSARESNVTLGPSGLKGGKGERGLTGPSGPKGEKGARGNDCVRVSPDAPLQCAEGPKGEKGESGDLGPPGLPGPTGQKGQKGEKGDGGLKGLPGKPGRDGRPGEICVIGPKGQKGDPGFVGPEGLAGEPGPPGLPGPPGIGLPGTPGDPGGPPGPKGEKGSSGIPGKEGPGGKPGKPGVPGTKGEKGDPCEVCPKLPEGSQNFVGLPGKPGPKGEPGDPAPAWEGLGTVGLKGDRGDPGIQGMKGEKGEPCSSCSSGVGAQHLGPSPGHGLPGLPGTSGIPGPRGLKGEKGSFGDTGPAGVPGSPGPVGPAGIKGAKGEPCEPCTVLSELQDGDTRVVHLPGPAGEKGEPGSPGFGLPGKQGKAGERGLKGQKGDAGNPGDPGTPGITGQPGISGEPGIRGPAGPKGEKGDGCTACPSLQGALTDVSGLPGKPGPKGEPGPEGVGRPGKPGQPGLPGVQGPPGPKGTQGEPGPPGTGAEGPQGEPGTQGLPGTQGLPGPQGPPGSAGEKGAQGSPGPKGAIGPMGPPGAGVSGPPGQKGSRGEKGEPGECSCPSRGEPIFSGMPGAPGLWMGSSSQPGPQGPPGVPGPPGPPGMPGLQGVPGHNGLPGQPGLTAELGSLPIEKHLLKSICGDCAQGQTAHPAFLLEKGEKGDQGIPGVPGFDNCARCFIERERPRAEEARGDNSEGEPGCSGSPGLPGPPGMPGQRGEEGPPGMRGSPGPPGPIGLQGERGLTGLTGDKGEPGPPGQPGYPGAMGPPGLPGIKGERGYTGPSGEKGESGPPGSEGLPGPQGPAGPRGERGPQGSSGEKGDQGFQGQPGFPGPPGPPGFPGKAGAPGPPGPQAEKGSEGIRGPSGLPGSPGPPGPPGIQGPAGLDGLDGKDGKPGLRGDPGPAGPPGLMGPPGFKGKTGHPGLPGPKGDCGKPGPPGSSGRPGAEGEPGAMGPQGRPGPPGHLGPPGQPGPPGLSTVGLKGDRGVPGERGLAGLPGQPGTPGHPGPPGEPGSDGAAGKEGPPGKQGLYGPPGPKGDPGPAGQKGQAGEKGRSGMPGGPGKSGSMGPIGPPGPAGERGHPGSPGPAGNPGLPGLPGSMGDMVNYDDIKRFIRQEIIKLFDERMAYYTSRMQFPMEVAAAPGRPGPPGKDGAPGRPGAPGSPGLPGQIGREGRQGLPGMRGLPGTKGEKGDIGVGIAGENGLPGPPGPQGPPGYGKMGATGPMGQQGIPGIPGPPGPMGQPGKAGHCNPSDCFGAMPMEQQYPPMKSMKGPFG,,
chr4,126731431,.,TA,T,.,PASS,-,upstream_gene_variant,MODIFIER,Col16a1,MGP_AJ_G0028801,Transcript,MGP_AJ_T0068169,protein_coding,,,,,,,,,,,4736,1,,MGI,,MLTSWAPGLWVLGLWATFSHGT,,
chr4,126731431,.,TA,T,.,PASS,-,upstream_gene_variant,MODIFIER,Col16a1,MGP_AJ_G0028801,Transcript,MGP_AJ_T0068170,processed_transcript,,,,,,,,,,,4746,1,,MGI,,,,
chr4,126731431,.,TA,T,.,PASS,-,upstream_gene_variant,MODIFIER,Col16a1,MGP_AJ_G0028801,Transcript,MGP_AJ_T0068171,processed_transcript,,,,,,,,,,,4770,1,,MGI,,,,
chr4,126731431,.,TA,T,.,PASS,-,upstream_gene_variant,MODIFIER,Col16a1,MGP_AJ_G0028801,Transcript,MGP_AJ_T0068172,protein_coding,,,,,,,,,,,4806,1,,MGI,,MLTSWAPGLWVLGLWATFSHGTNIGERCPTSQQEGLKLEHSSDPSTNVTGFNLIRRLNLMK,,
chr4,126731431,.,TA,T,.,PASS,-,upstream_gene_variant,MODIFIER,Col16a1,MGP_AJ_G0028801,Transcript,MGP_AJ_T0068173,nonsense_mediated_decay,,,,,,,,,,,4823,1,,MGI,,MLTSWAPGLWVLGLWATFSHGTNIGERCPTSQQEGLKLEHSSDPSTNVTGFNLIRRLNLMKTSAIKKIRNPKGPLILRLGAAPVTQPTRRVFPRGLPEEFALVLTVLLKKHTFRNTWYLFQVTDANGYPQISLEVNSQEQSLELRAQGQDGDFVSCIFPVPQLFDLRWHKLMLSVAGRVASVHVDCVSASSQPLGPRQSIRPGGHVFLGLDAEQGKPVSFDLQQAHIYCDPELVLEEGCCEILPGGCPPETSKSRRDTQSNELIEINPQTEGKVYTRCFCLEEPQNSKVDAQLMGRNIQKAERGTKVHQGTGVNECPPCAHSARESNVTLGPSGLKGGKGERGLTGPSGPKGEKGARGNDCVRVSPDAPLQCAEGPKGEKGESGDLGPPGLPGPTGQKGQKGEKGDGGLKGLPGKPGRDGRPGEICVIGPKGQKGDPGFVGPEGLAGEPGPPGLPGPPGIGLPGTPGDPGGPPGPKGEKGSSGIPGKEGPGGKPGKPGVGDPCEVCPKLPEGSQNFVGLPGKPGPKGEPGDPAPAWEGLGTVGLKGDRGDPGIQGMKGEKGEPCSSCSSGVGAQHLGPSPGHGLPGLPGTSGIPGPRGLKGEKGSFGDTGPAGVPGSPGPVGPAGIKGAKGEPCEPCTVLSELQDGDTRVVHLPGPAGEKGEPGSPGFGLPGKQGKAGERGLKGQKGDAGNPGDPGTPGITGQPGISGEPGIRGPAGPKGEKGDGCTACPSLQGALTDVSGLPGKPGPKGEPGPEGVGRPGKPGQPGLPGVQGPPGPKGTQGEPGPPGTGAEGPQGEPGTQGLPGTQGLPGPQGPPGSAGEKGAQGSPGPKGAIGPMGPPGAGVSGPPGQKGSRGEKGEPGECSCPSRGEPIFSGMPGPPGVPGPPGPPGMPGLQGVPGHNGLPGQPGLTAELGSLPIEKHLLKSICGDCAQGQTAHPAFLLEKGEKGDQGIPGVPGFDNCARCFIERERPRAEEARGDNSEGEPGCSGSPGLPGPPGMPGQRGEEGPPGMRGSPGPPGPIGPPGFPGAVGSPGLPVRT,,
chr7,52989458,.,CG,C,.,PASS,-,intergenic_variant,MODIFIER,,,,,,,,,,,,,,,,,,,,,,,
chr7,140063228,.,A,AT,.,PASS,T,intron_variant,MODIFIER,Stk32c,MGP_AJ_G0033129,Transcript,MGP_AJ_T0087389,protein_coding,,2/11,,,,,,,,,,-1,,MGI,,MYAMKYMNKQQCIERDEVRNVFRELEILQEIEHVFLVNLWYSFQDEEDMFMVVDLLLGGDLRYHLQQNVQFSEDTVRLYICEMALALDYLRSQHIIHRDVKPDNILLDEQGHAHLTDFNIATIIKDGERATALAGTKPYMAPEIFHSFVNGGTGYSFEVDWWSVGVMAYELLRGWRPYDIHSSNAVESLVQLFSTVSVQYVPTWSKEMVALLRKLLTVNPEHRFSSLQDMQTAPSLAHVLWDDLSEKKVEPGFVPNKGRLHCDPTFELEEMILESRPLHKKKKRLAKNKSRDSSRDSSQSENDYLQDCLDAIQQDFVIFNREKLKRSQELMSEPPPGPETSDMTDSTADSEAEPTALPMCGSICPSSGSS,,
chr7,140063228,.,A,AT,.,PASS,T,intron_variant,MODIFIER,Stk32c,MGP_AJ_G0033129,Transcript,MGP_AJ_T0087390,protein_coding,,2/11,,,,,,,,,,-1,,MGI,,MRSGAERRGSSAAAPPSSPPPGRARPAGSDVSPALPPPAASQPRARDAGDARAQPRPLFQWSKWKKRMSMSSISSGSARRPVFDDKEDVNFDHFQILRAIGKGSFGKVCIVQKRDTEKMYAMKYMNKQQCIERDEVRNVFRELEILQEIEHVFLVNLWYSFQDEEDMFMVVDLLLGGDLRYHLQQNVQFSEDTVRLYICEMALALDYLRSQHIIHRDVKPDNILLDEQGHAHLTDFNIATIIKDGERATALAGTKPYMAPEIFHSFVNGGTGYSFEVDWWSVGVMAYELLRGWRPYDIHSSNAVESLVQLFSTVSVQYVPTWSKEMVALLRKLLTVNPEHRFSSLQDMQTAPSLAHVLWDDLSEKKVEPGFVPNKGRLHCDPTFELEEMILESRPLHKKKKRLAKNKSRDSSRDSSQSENDYLQDCLDAIQQDFVIFNREKLKRSQELMSEPPPGPETSDMTDSTADSEAEPTALPMCGSICPSSGSS,,
chr8,13014021,.,GC,G,.,PASS,-,intron_variant,MODIFIER,Csmd1,MGP_AJ_G0033383,Transcript,MGP_AJ_T0088354,protein_coding,,37/69,,,,,,,,,,-1,,MGI,,MTAWRKFKSLLLPLVLAVLCAGLLTAAKGQNCGGLVQGPNGTIESPGFPHGYPNYANCTWIIITGERNRIQLSFHTFALEEDFDILSVYDGQPQQGNLKVRLSGFQLPSSIVSTGSLLTLWFTTDFAVSAQGFKAMYEVLPSHTCGNPGEILKGVLHGTRFNIGDKIRYSCLSGYILEGHAILTCIVSPGNGASWDFPAPFCRAEGACGGTLRGTSGSISSPHFPSEYDNNADCTWTILAEPGDTIALVFTDFQLEEGYDFLEISGTEAPSIWLTGMNLPSPVISSKNWLRLHFTSDSNHRRKGFNAQFQVKKAIELKSRGVKMLPSKDSSHKNSVLTQGGVSLISDMCPDPGIPDNGRRAGSDFRVGANVQFSCEDNYVLQGAKGITCQRVTETLAAWNDHRPICRARTCGSNLRGPSGVITSPNYPVQYEDNAHCVWVITTTDPDKVIKLAFEEFELERGYDTLTVGDAGKVGDTRSVLYVLTGSSVPDLIVSMSNQMWLHLQSDDSIGSPGFKAVYQEIEKGGCGDPGIPAYGKRTGSSFLHGDTLTFECQAAFELVGERVITCQKNNQWSGNKPSCVFSCFFNFTAPSGIILSPNYPEEYGNNMNCVWLIISEPGSRIHLIFNDFDVEPQFDFLAVKDDGISDITVLGTFSGNEVPAQLASSGHIVRLEFQSDHSTTGRGFNITYTTFGQNECHDPGIPVNGRRFGDRFLLGSSVSFHCDDGFVKTQGSESITCILQDGNVVWSSTVPRCEAPCGGHLTASSGVILPPGWPGYYKDSLNCEWVIEAKPGHSIKITFDRFQTEVNYDTLEVRDGPTSSSPLIGEYHGTQAPQFLISTGNYMYLLFTTDSSRASVGFLIHYESVTLESDSCLDPGIPVNGQRHGSNFGIRSTVTFSCDPGYTLSDDEPLVCEKNHQWNHALPSCDALCGGYIHGKSGTVLSPGFPDFYPNSLNCTWTIEVSHGKGVQMNFHTFHLESSHDYLLITEDGSFSEPVARLTGSVLPHTIKAGLFGNFTAQLRFISDFSISYEGFNITFAEYDLEPCDDPGVPAFSRRIGFQFGVGDTLAFTCFQGYRLEGATKLTCLGGGRRVWSAPLPRCVAECGASVKGNEGTLLSPNFPSHYDNNHECIYKIETEAGKGIHLRARTFQLFEGDTLKVYDGKDSSSRSLGVFTRSEFMGLVLNSTSNHLRLEFNTNGSDTAQGFQLTYTSFDLVKCEDPGIPNYGYRIRDDGHFTDTVVLYSCNPGYAMHGSSTLTCLSGDRRVWDKPMPSCVAECGGLVHAATSGRILSPGYPAPYDNNLHCTWTIEADPGKTISLHFIVFDTETAHDILKVWDGPVDSNILLKEWSGSALPEDIHSTFNSLTLQFDSDFFISKSGFSIQFSTSIASTCNDPGMPQNGTRYGDSREPGDTITFQCDPGYQLQGPAKITCVQLNNRFFWQPDPPSCIAACGGNLTGPAGVILSPNYPQPYPPGKECDWRIKVNPDFVIALIFKSFSMEPSYDFLHIYEGEDSNSPLIGSFQGSQAPERIESSGNSLFLAFRSDASVGLSGFAIEFKEKPREACFDPGNIMNGTRIGTDFKLGSTVTYQCDSGYKIVDPSSIECVTGADGKPSWDRALPACQAPCGGQYTGSEGVVLSPNYPHNYTAGQMCIYSITVPKEFVVFGQFAYFQTALNDLAELFDGTHPQARLLSSLSGSHSGETLPLATSNQILLRFSAKSGASARGFHFVYQAVPRTSDTQCSSVPEPRYGRRIGSEFSAGSIVRFECNPGYLLQGSTAIRCQSVPNALAQWNDTIPSCVVPCSGNFTQRRGTILSPGYPEPYGNNLNCVWKIIVSEGSGIQIQVISFATEQNWDSLEIHDGGDMTAPRLGSFSGTTVPALLNSTSNQLCLHFQSDISVAAAGFHLEYKTVGLAACQEPALPSNGIKIGDRYMVNDVLSFQCEPGYTLQGRSHISCMPGTVRRWNYPSPLCIATCGGTLTSMSGVILSPGFPGSYPNNLDCTWKISLPIGYGAHIQFLNFSTEANHDYLEIQNGPYHSSPMMGQFSGPDLPTSLLSTTHETLIRFYSDHSQNRQGFKLSYQAYELQNCPDPPAFQNGFMINSDYSVGQSISFECYPGYILLGHPVLTCQHGTDRNWNYPFPRCDAPCGYNVTSQNGTIYSPGFPDEYPILKDCLWLVTVPPGHGVYINFTLLQTEAVNDYIAVWDGPDQNSPQLGVFSGNTALETAYSSTNQVLLKFHSDFSNGGFFVLNFHAFQLKRCPPPPAVPQADLLTEDEDFEIGDFVKYQCHPGYTLLGSDTLTCKLSSQLLFQGSPPTCEAQCPANEVRTESSGVILSPGYPGNYFNSQTCAWSIKVEPNFNITLFVDTFQSEKQFDALEVFDGSSGQSPLLVVLSGNHTEQSNFTSRSNHLYLRWSTDHATSKKGFKIRYAAPYCSLTSTLRNGGILNKTAGAVGSKVHYFCKPGYRMIGHSNATCRRNPVGVYQWDSMAPLCQAVSCGIPEAPGNGSFTGNEFTLDSKVTYECNEGFKLDASQEATTVCQEDGLWSNRGKPPTCKPVPCPSIEGQLSEHVLWRLVSGSLNEYGAQVLLSCSPGYFLQGQRLLQCQANGTWSTEEDRPRCKVISCGSLSFPPNGNKIGTLTIYGATAIFTCNTGYTLVGSHVRECLANGLWSGSETRCLAGHCGSPDPIVNGHISGDGFSYRDTVVYQCNPGFRLVGTSVRICLQDHKWSGQTPVCVPITCGHPGNPAHGLTNGTEFNLNDLVNFTCHTGYRLQGASRAQCRSNGQWSSPLPICRVVNCSDPGSVENAVRHGQQNFPESFEYGTSVMYHCKTGFYLLGSSALTCMASGLWDRSLPKCLAISCGHPGVPANAVLTGELFTYGATVQYSCKGGQILTGNSTRVCQEDSHWSGSLPHCSGNSPGFCGDPGTPAHGSRLGDEFKTKSLLRFSCEMGHQLRGSAERTCLVNGSWSGVQPVCEAVSCGNPGTPTNGMILSSDGILFSSSVIYACWEGYKTSGLMTRHCTANGTWTGTAPDCTIISCGDPGTLPNGIQFGTDFTFNKTVSYQCNPGYLMEPPTSPTIRCTKDGTWNQSRPLCKAVLCNQPPPVPNGKVEGSDFRWGASISYSCVDGYQLSHSAILSCEGRGVWKGEVPQCLPVFCGDPGTPAEGRLSGKSFTFKSEVFIQCKPPFVLVGSSRRTCQADGIWSGIQPTCIDPAHTACPDPGTPHFGIQNSSKGYEVGSTVFFRCRKGYHIQGSTTRTCLANLTWSGIQTECIPHACRQPETPAHADVRAIDLPAFGYTLVYTCHPGFFLAGGSEHRTCKADMKWTGKSPVCKSKGVREVNETVTKTPVPSDVFFINSVWKGYYEYLGKRQPATLTVDWFNATSSKVNATFTAASQVQLELTGVYKKEEAHLLLKAFHIKGPADIFVSKFENDNWGLDGYVSSGLERGGFSFQGDIHGKDFGKFKLERQDPSNSDADSSNHYQGTSSGSVAAAILVPFFALILSGFAFYLYKHRTRPKVQYNGYAGHENSNGQASFENPMYDTNLKPTEAKAVRFDTTLNTVCTVV,,
chr8,26059225,.,CCAG,C,.,PASS,-,intron_variant,MODIFIER,Unc5d,MGP_AJ_G0033490,Transcript,MGP_AJ_T0088623,protein_coding,,4/17,,,,,,,,,,-1,,MGI,,MGTGAADGSRGARRWLPWLGLFFWAAGAAAARGADGSEILPDSIPSAPGTLPHFIEEPEDAYIIKSNPIALRCKARPAMQIFFKCNGEWVHQNEHVSEESLDESSGLKVREVFINVTRQQVEDFHGPEDYWCQCVAWSHLGTSKSRKASVRIAYLRKNFEQDPQGREVPIEGMIVLHCRPPEGVPAAEVEWLKNEEPIDSEQDENIDTRADHNLIIRQARLSDSGNYTCMAANIVAKRRSLSATVVVYVNGGWSSWTEWSACNVRCGRGWQKRSRTCTNPAPLNGGAFCEGMSVQKITCTALCPVDGSWEVWSEWSVCSPECEHLRIRECTAPPPRNGGKFCEGLSQESENCTDGLCILDKKPLHEIKPQRWSRRGIENASDIALYSGLGAAVVAVAVLVIGVTLYRRSHSDYGVDVIDSSALTGGFQTFNFKTVRQGNSLLLNPAMQPDLTVSRTYSGPICLQDPLDKELMTESSLFNPLSDIKVKVQSSFMVSLGVSERAEYHGKNHSGTFPHGNNRGFSTIHPRNKTPYIQNLSSLPTRTELRTTGVFGHLGGRLVMPNTGVSLLIPHGAIPEENSWEIYMSINQGEPSLQSDGSEVLLSPEVTCGPPDMLVTTPFALTIPHCADVSSEHWNIHLKKRTQQGKWEEVMSVEDESTSCYCLLDPFACHVLLDSFGTYALTGEPITDCAVKQLKVAVFGCMSCNSLDYNLRVYCVDNTPCAFQEVISDERHQGGQLLEEPKLLHFKGNTFSLQVSVLDIPPFLWRIKPFTACQEVPFSRVWSSNRQPLHCAFSLERYTPTTTQLSCKICIRQLKGHEQILQVQTSILESERETITFFAQEDSTFPAQTGPKAFKIPYSIRQRICATFDTPNAKGKDWQMLAQKNSINRNLSYFATQSSPSAVILNLWEARHQQDGDLDSLACALEEIGRTHTKLSNITEPQIDDADFNYSRQNGL,,
chr8,80092274,.,T,TA,.,PASS,A,intergenic_variant,MODIFIER,,,,,,,,,,,,,,,,,,,,,,,
chr9,54223045,.,GT,G,.,PASS,-,intron_variant,MODIFIER,Cspg4,MGP_AJ_G0034834,Transcript,MGP_AJ_T0092568,protein_coding,,1/9,,,,,,,,,,1,,MGI,,MLLGPGHPLSAPALALALTLALLVRSTAPASFFGENHLEVPVPSALTRVDLLLQFSTSQPEALLLLAAGQDDHLLLQLHSGCLQVRLALGQKELKLQTPADTVLSDSAPHTVVLTVSDSWAVLSVDGVLNTSAPIPRASHLKATYGLFVGSSGSLDLPYLKGISRPLRGCLHSAILNGRNLLRPLTSDVHEGCAEEFSAGDEVGLGFSGPHSLAAFPAWSTREEGTLEFTLTTRSQQAPLAFQAGDKRGNFIYVDIFEGHLRAVVEKGQGTMLLRNSVPVADGQPHEVSVHIDVHRLEISVDQYPTRTFNRGVLSYLEPRGSLLLGGLDTEASRHLQEHRLGLAPGAANISLVGCIEDFSVNGRRQGLRDAWLTRDMSAGCRPEEDEYEEEVYGPYETFSTLAPEAWPAMELPEPCIPEPGLPAVFANFTQLLTISPLVVAEGGTAWLEWRHVQPTLDLTEAELRKSQVLFSVSQSARHGDLELDILGAQTRKMFTLLDVVNRKARFVHDGSEDTSDQLMLEVSVTARAPVPSCLRRGQIYILPIQVNPVNDPPRIIFPHGSLMVILEHTQKPLGPEIFQAYDPDSACEGLTFQLLGVSSGVPVEHRDQPGEPATEFSCRELEVGDIVYVHRGGPAQDLTFRVSDGMQASAPATLKVVAVRPAIQILHNTGLHLAQGSAAAILPANLSVETNAVGQDVSVLFRVTGTLQFGELQKQGAGGVEGTEWWDTLAFHQRDVEQGRVRYLSTDPQHHTQDTVEDLILEVQVGQETLSNLSFPVTIQRATVWMLRLEPLHTQNPHQETLTPAHLEASLEEEEEEGSPQPHTFHYELVQAPRRGNLLLQGTRLSDGESFSQSDLQAGRVTYRATMRTSEAADDSFRFRVTSPPHFSPLYTFPIHIGGDPNAPVLTNVLLMVPEGGEGVLSADHLFVKSLNSASYLYEVMEQPHHGKLAWRDPKGKSTPVTSFTNEDLLHGRLVYQHDDSETIEDDIPFVATRQGEGSGDMAWEEVRGVFRVAIQPVNDHAPVQTISRVFHVARGGQRLLTTDDVAFSDADSGFSDAQLVLTRKDLLFGSIVAMEEPTRPIYRFTQEDLRKKQVLFVHSGADHGWLQLQVSDGQHQATAMLEVQASEPYLHVANSSSLVVPQGGQGTIDTAVLQLDTNLDIRSGNEVHYHVTAGPQWGQLLRDGQSVTSFSQRDLLDGAILYSHNGSLSPQDTLAFSVAAGPVHTNTFLQVTIALEGPLAPLQLVQHKKIYVFQGEAAEIRRDQLEVVQEAVLPADIMFSLRSPPNAGYLVMVSHGASAEEPPSLDPVQSFSQEAVNSGRVLYLHSRPGAWSDSFSLDVASGLGDPLEGISVELEVLPTVIPLDVQNFSVPEGGTRTLAPPLVQITGPYFPTLPGLVLQVLEPPQHGALQKEDHSQDGSLSTFSWREVEEQLIRYVHDGSETQTDAFVLLANASEMDRQSQPVAFTITILPVNDQPPVLTTNTGLQIWEGAIVPIPPEALRGTDNDSGPEDLVYTIEQPSNGRIALRVAPDTEVHRFTQAQLDSGLVLFSHRGALEGGFHFDLSDGAHTSPGHFFRVVAQKQALLSLEGTRKLTVCPESVQPLSSQSLSASSSTGADPRHLLYRVVRGPQLGRLLHAQQGSAEEVLVNFTQAEVNAGNILYEHEMSSEPFWEAHDTIGLLLSSPPARDLAATLAVMVSFDAACPQRPSRLWKNKGLWVPEGQRAKITVAALDAANLLASVPASQRSRHDVLFQVTQFPTRGQLLVSEEPLHARRPYFLQSELAAGQLVYAHGGGGTQQDGFRFRAHLQGPTGTSVAGPQTSEAFVITVRDVNERPPQPQASIPLRVTRGSRAPVSRAQLSVVDPDSAPGEIEYEVQRAPHNGFLSLAGDNTGPVTHFTQADVDAGRLAFVANGSSVAGVFQLSMSDGASPPIPMSLAVDVLPSTIEVQLRAPLEVPQALGRTSLSRQQLQVISDREEPDVAYRLTQGPLYGQLLVGGQPASAFSQLQVDQGDVVFVFTNFSSSQDHFKVVALARGVNASATVNVTVQALLHVWAGGPWPQGTTLRLDPTVLDASELANRTGSMPHFRLLAGPRYGRVVRVSQGRTESRSNQLVEHFTQRDLEEGQLGLEVGKPEGRSTGPAGDRLTLELWAKGVPPAVALLDFATEPYHAAKSYSVALLSVPEAVRTETEKPGRSVPTGQPGQAASSPVPTAAKGGFLGFLEANMFSIIIPVCLILLLLALILPLLFYLRKRNKTGKHDVQVLTAKPRNGLAGDTETFRKVEPGQAIPLITVPGQGPPPGGQPDPELLQFCRTPNPALRNGQYWV,,
chr9,80117787,.,AT,A,.,PASS,-,intergenic_variant,MODIFIER,,,,,,,,,,,,,,,,,,,,,,,
chr9,105315368,.,TA,T,.,PASS,-,downstream_gene_variant,MODIFIER,Gm17141,MGP_AJ_G0004666,Transcript,MGP_AJ_T0005530,antisense,,,,,,,,,,,3750,-1,,MGI,,,,
chr9,105315368,.,TA,T,.,PASS,-,intron_variant,MODIFIER,Cacna2d2,MGP_AJ_G0035231,Transcript,MGP_AJ_T0094320,protein_coding,,1/38,,,,,,,,,,1,,MGI,,MAVPARTCGASWPGPVRTARPWPGRGPRPCPDPRGPASGPARPLLLLLPPLLLLPLLTAPGASAYSFPQQHTMQHWARRLEQEIDGVMRIFGGVQQLREIYKDNRNLFEVQENEPQKLVEKVAGDIESLLDRKVQALKRLADAAENFQKAHRWQDNIKEEDIMYYDAKADAELDDPESEDMERGSKTSALRLDFIEDPNFKNKVNYSYTAVQIPTDIYKGSTVILNELNWTEALENVFIENRRQDPTLLWQVFGSATGVTRYYPATPWRAPKKIDLYDVRRRPWYIQGASSPKDMVIIVDVSGSVSGLTLKLMKTSVCEMLDTLSDDDYVNVASFNEKAQPVSCFTHLVQANVRNKKVFKEAVQGMVAKGTTGYKAGFEYAFDQLQNSNITRANCNKMIMMFTDGGEDRVQDVFEKYNWPNRTVRVFTFSVGQHNYDVTPLQWMACTNKGYYFEIPSIGAIRINTQEYLDVLGRPMVLAGKDAKQVQWTNVYEDALGLGLVVTGTLPVFNLTQDGPGEKKNQLILGVMGIDVALNDIKRLTPNYTLGANGYVFAIDLNGYVLLHPNLKPQTTNFREPVTLDFLDAELEDENKEEIRRSMIDGDKGHKQIRTLVKSLDERYIDEVIRNYTWVPIRSTNYSLGLVLPPYSTYYLQANLSDQILQVKLPISKLKDFEFLLPSSFESEGHVFIAPREYCKDLNASDNNTEFLKNFIELMEKVTPDSKQCNNFLLHNLILDTGITQQLVERVWRDQDLNTYSLLAVFAATDGGITRVFPNKAAEDWTENPEPFNASFYRRSLDNHGYIFKPPHQDSLLRPLELENDTVGVLVSTAVELSLGRRTLRPAVVGVKLDLEAWAEKFKVLASNRTHQDQPQKCGPSSHCEMDCEVNNEDLLCVLIDDGGFLVLSNQNHQWDQVGRFFSEVDANLMLALYNNSFYTRKESYDYQAACAPQPPGNLGAAPRGVFVPTIADFLNLAWWTSAAAWSLFQQLLYGLIYHSWFQADPAEAEGSPETRESSCVMKQTQYYFGSVNASYNAIIDCGNCSRLFHAQRLTNTNLLFVVAEKPLCSQCEAGRLLQKETHSDGPEQCELVQRPRYRRGPHICFDYNATEDTSDCGRGASFPPSLGVLVSLQLLLLLGLPPRPQPQVHSFAASRHL,,
chr9,105315368,.,TA,T,.,PASS,-,intron_variant,MODIFIER,Cacna2d2,MGP_AJ_G0035231,Transcript,MGP_AJ_T0094321,protein_coding,,1/37,,,,,,,,,,1,,MGI,,MAVPARTCGASWPGPVRTARPWPGRGPRPCPDPRGPASGPARPLLLLLPPLLLLPLLTAPGASAYSFPQQHTMQHWARRLEQEIDGVMRIFGGVQQLREIYKDNRNLFEVQENEPQKLVEKVAGDIESLLDRKVQALKRLADAAENFQKAHRWQDNIKEEDIMYYDAKADAELDDPESEDMERGSKTSALRLDFIEDPNFKNKVNYSYTAVQIPTDIYKGSTVILNELNWTEALENVFIENRRQDPTLLWQVFGSATGVTRYYPATPWRAPKKIDLYDVRRRPWYIQGASSPKDMVIIVDVSGSVSGLTLKLMKTSVCEMLDTLSDDDYVNVASFNEKAQPVSCFTHLVQANVRNKKVFKEAVQGMVAKGTTGYKAGFEYAFDQLQNSNITRANCNKMIMMFTDGGEDRVQDVFEKYNWPNRTVRVFTFSVGQHNYDVTPLQWMACTNKGYYFEIPSIGAIRINTQEYLDVLGRPMVLAGKDAKQVQWTNVYEDALGLGLVVTGTLPVFNLTQDGPGEKKNQLILGVMGIDVALNDIKRLTPNYTLGANGYVFAIDLNGYVLLHPNLKPQTTNFREPVTLDFLDAELEDENKEEIRRSMIDGDKGHKQIRTLVKSLDERYIDEVIRNYTWVPIRSTNYSLGLVLPPYSTYYLQANLSDQILQVKYFEFLLPSSFESEGHVFIAPREYCKDLNASDNNTEFLKNFIELMEKVTPDSKQCNNFLLHNLILDTGITQQLVERVWRDQDLNTYSLLAVFAATDGGITRVFPNKAAEDWTENPEPFNASFYRRSLDNHGYIFKPPHQDSLLRPLELENDTVGVLVSTAVELSLGRRTLRPAVVGVKLDLEAWAEKFKVLASNRTHQDQPQKQCGPSSHCEMDCEVNNEDLLCVLIDDGGFLVLSNQNHQWDQVGRFFSEVDANLMLALYNNSFYTRKESYDYQAACAPQPPGNLGAAPRGVFVPTIADFLNLAWWTSAAAWSLFQQLLYGLIYHSWFQADPAEAEGSPETRESSCVMKQTQYYFGSVNASYNAIIDCGNCSRLFHAQRLTNTNLLFVVAEKPLCSQCEAGRLLQKETHSDGPEQCELVQRPRYRRGPHICFDYNATEDTSDCGRGASFPPSLGVLVSLQLLLLLGLPPRPQPQVHSFAASRHL,,
chr9,105315368,.,TA,T,.,PASS,-,intron_variant,MODIFIER,Cacna2d2,MGP_AJ_G0035231,Transcript,MGP_AJ_T0094322,protein_coding,,1/38,,,,,,,,,,1,,MGI,,MAVPARTCGASWPGPVRTARPWPGRGPRPCPDPRGPASGPARPLLLLLPPLLLLPLLTAPGASAYSFPQQHTMQHWARRLEQEIDGVMRIFGGVQQLREIYKDNRNLFEVQENEPQKLVEKVAGDIESLLDRKVQALKRLADAAENFQKAHRWQDNIKEEDIMYYDAKADAELDDPESEDMERGSKTSALRLDFIEDPNFKNKVNYSYTAVQIPTDIYKGSTVILNELNWTEALENVFIENRRQDPTLLWQVFGSATGVTRYYPATPWRAPKKIDLYDVRRRPWYIQGASSPKDMVIIVDVSGSVSGLTLKLMKTSVCEMLDTLSDDDYVNVASFNEKAQPVSCFTHLVQANVRNKKVFKEAVQGMVAKGTTGYKAGFEYAFDQLQNSNITRANCNKMIMMFTDGGEDRVQDVFEKYNWPNRTVRVFTFSVGQHNYDVTPLQWMACTNKGYYFEIPSIGAIRINTQEYLDVLGRPMVLAGKDAKQVQWTNVYEDALGLGLVVTGTLPVFNLTQDGPGEKKNQLILGVMGIDVALNDIKRLTPNYTLGANGYVFAIDLNGYVLLHPNLKPQTTNFREPVTLDFLDAELEDENKEEIRRSMIDGDKGHKQIRTLVKSLDERYIDEVIRNYTWVPIRSTNYSLGLVLPPYSTYYLQANLSDQILQVKLPISKLKDFEFLLPSSFESEGHVFIAPREYCKDLNASDNNTEFLKNFIELMEKVTPDSKQCNNFLLHNLILDTGITQQLVERVWRDQDLNTYSLLAVFAATDGGITRVFPNKAAEDWTENPEPFNASFYRRSLDNHGYIFKPPHQDSLLRPLELENDTVGVLVSTAVELSLGRRTLRPAVVGVKLDLEAWAEKFKVLASNRTHQDQPQKCGPSSHCEMDCEVNNEDLLCVLIDDGGFLVLSNQNHQWDQVGRFFSEVDANLMLALYNNSFYTRKESYDYQAACAPQPPGNLGAAPRGVFVPTIADFLNLAWWTSAAAWSLFQQLLYGLIYHSWFQADPAEAEGSPETRESSCVMKQTQYYFGSVNASYNAIIDCGNCSRLFHAQRLTNTNLLFVVAEKPLCSQCEAGRLLQKETHSDGPEQCELVQRPRYRRGPHICFDYNATEDTSDCGRGASFPPSLGVLVSLQLLLLLGLPPRPQPQVHSFAASRHL,,
chr9,105315368,.,TA,T,.,PASS,-,intron_variant,MODIFIER,Cacna2d2,MGP_AJ_G0035231,Transcript,MGP_AJ_T0094323,protein_coding,,1/37,,,,,,,,,,1,,MGI,,MAVPARTCGASWPGPVRTARPWPGRGPRPCPDPRGPASGPARPLLLLLPPLLLLPLLTAPGASAYSFPQQHTMQHWARRLEQEIDGVMRIFGGVQQLREIYKDNRNLFEVQENEPQKLVEKVAGDIESLLDRKVQALKRLADAAENFQKAHRWQDNIKEEDIMYYDAKADAELDDPESEDMERGSKTSALRLDFIEDPNFKNKVNYSYTAVQIPTDIYKGSTVILNELNWTEALENVFIENRRQDPTLLWQVFGSATGVTRYYPATPWRAPKKIDLYDVRRRPWYIQGASSPKDMVIIVDVSGSVSGLTLKLMKTSVCEMLDTLSDDDYVNVASFNEKAQPVSCFTHLVQANVRNKKVFKEAVQGMVAKGTTGYKAGFEYAFDQLQNSNITRANCNKMIMMFTDGGEDRVQDVFEKYNWPNRTVRVFTFSVGQHNYDVTPLQWMACTNKGYYFEIPSIGAIRINTQEYLDVLGRPMVLAGKDAKQVQWTNVYEDALGLGLVVTGTLPVFNLTQDGPGEKKNQLILGVMGIDVALNDIKRLTPNYTLGANGYVFAIDLNGYVLLHPNLKPQTTNFREPVTLDFLDAELEDENKEEIRRSMIDGDKGHKQIRTLVKSLDERYIDEVIRNYTWVPIRSTNYSLGLVLPPYSTYYLQANLSDQILQVKCCLVPTCPSSPISSEPPGLPPPQPPPDNPPVSVADFEFLLPSSFESEGHVFIAPREYCKDLNASDNNTEFLKNFIELMEKVTPDSKQCNNFLLHNLILDTGITQQLVERVWRDQDLNTYSLLAVFAATDGGITRVFPNKAAEDWTENPEPFNASFYRRSLDNHGYIFKPPHQDSLLRPLELENDTVGVLVSTAVELSLGRRTLRPAVVGVKLDLEAWAEKFKVLASNRTHQDQPQKQCGPSSHCEMDCEVNNEDLLCVLIDDGGFLVLSNQNHQWDQVGRFFSEVDANLMLALYNNSFYTRKESYDYQAACAPQPPGNLGAAPRGVFVPTIADFLNLAWWTSAAAWSLFQQLLYGLIYHSWFQADPAEAEGSPETRESSCVMKQTQYYFGSVNASYNAIIDCGNCSRLFHAQRLTNTNLLFVVAEKPLCSQCEAGRLLQKETHSDGPEQCELVQRPRYRRGPHICFDYNATEDTSDCGRGASFPPSLGVLVSLQLLLLLGLPPRPQPQVHSFAASRHL,,
chr9,105315368,.,TA,T,.,PASS,-,intron_variant,MODIFIER,Cacna2d2,MGP_AJ_G0035231,Transcript,MGP_AJ_T0094324,protein_coding,,1/37,,,,,,,,,,1,,MGI,,MAVPARTCGASWPGPVRTARPWPGRGPRPCPDPRGPASGPARPLLLLLPPLLLLPLLTAPGASAYSFPQQHTMQHWARRLEQEIDGVMRIFGGVQQLREIYKDNRNLFEVQENEPQKLVEKVAGDIESLLDRKVQALKRLADAAENFQKAHRWQDNIKEEDIMYYDAKADAELDDPESEDMERGSKTSALRLDFIEDPNFKNKVNYSYTAVQIPTDIYKGSTVILNELNWTEALENVFIENRRQDPTLLWQVFGSATGVTRYYPATPWRAPKKIDLYDVRRRPWYIQGASSPKDMVIIVDVSGSVSGLTLKLMKTSVCEMLDTLSDDDYVNVASFNEKAQPVSCFTHLVQANVRNKKVFKEAVQGMVAKGTTGYKAGFEYAFDQLQNSNITRANCNKMIMMFTDGGEDRVQDVFEKYNWPNRTVRVFTFSVGQHNYDVTPLQWMACTNKGYYFEIPSIGAIRINTQEYLDVLGRPMVLAGKDAKQVQWTNVYEDALGLGLVVTGTLPVFNLTQDGPGEKKNQLILGVMGIDVALNDIKRLTPNYTLGANGYVFAIDLNGYVLLHPNLKPQTTNFREPVTLDFLDAELEDENKEEIRRSMIDGDKGHKQIRTLVKSLDERYIDEVIRNYTWVPIRSTNYSLGLVLPPYSTYYLQANLSDQILQVKYFEFLLPSSFESEGHVFIAPREYCKDLNASDNNTEFLKNFIELMEKVTPDSKQCNNFLLHNLILDTGITQQLVERVWRDQDLNTYSLLAVFAATDGGITRVFPNKAAEDWTENPEPFNASFYRRSLDNHGYIFKPPHQDSLLRPLELENDTVGVLVSTAVELSLGRRTLRPAVVGVKLDLEAWAEKFKVLASNRTHQDQPQKQCGPSSHCEMDCEVNNEDLLCVLIDDGGFLVLSNQNHQWDQVGRFFSEVDANLMLALYNNSFYTRKESYDYQAACAPQPPGNLGAAPRGVFVPTIADFLNLAWWTSAAAWSLFQQLLYGLIYHSWFQADPAEAEGSPETRESSCVMKQTQYYFGSVNASYNAIIDCGNCSRLFHAQRLTNTNLLFVVAEKPLCSQCEAGRLLQKETHSDGPEQCELVQRPRYRRGPHICFDYNATEDTSDCGRGASFPPSLGVLVSLQLLLLLGLPPRPQPQVHSFAASRHL,,
chr9,105315368,.,TA,T,.,PASS,-,intron_variant,MODIFIER,Cacna2d2,MGP_AJ_G0035231,Transcript,MGP_AJ_T0094325,protein_coding,,1/38,,,,,,,,,,1,,MGI,,MAVPARTCGASWPGPVRTARPWPGRGPRPCPDPRGPASGPARPLLLLLPPLLLLPLLTAPGASAYSFPQQHTMQHWARRLEQEIDGVMRIFGGVQQLREIYKDNRNLFEVQENEPQKLVEKVAGDIESLLDRKVQALKRLADAAENFQKAHRWQDNIKEEDIMYYDAKADAELDDPESEDMERGSKTSALRLDFIEDPNFKNKVNYSYTAVQIPTDIYKGSTVILNELNWTEALENVFIENRRQDPTLLWQVFGSATGVTRYYPATPWRAPKKIDLYDVRRRPWYIQGASSPKDMVIIVDVSGSVSGLTLKLMKTSVCEMLDTLSDDDYVNVASFNEKAQPVSCFTHLVQANVRNKKVFKEAVQGMVAKGTTGYKAGFEYAFDQLQNSNITRANCNKMIMMFTDGGEDRVQDVFEKYNWPNRTVRVFTFSVGQHNYDVTPLQWMACTNKGYYFEIPSIGAIRINTQEYLDVLGRPMVLAGKDAKQVQWTNVYEDALGLGLVVTGTLPVFNLTQDGPGEKKNQLILGVMGIDVALNDIKRLTPNYTLGANGYVFAIDLNGYVLLHPNLKPQTTNFREPVTLDFLDAELEDENKEEIRRSMIDGDKGHKQIRTLVKSLDERYIDEVIRNYTWVPIRSTNYSLGLVLPPYSTYYLQANLSDQILQVKLPISKLKDFEFLLPSSFESEGHVFIAPREYCKDLNASDNNTEFLKNFIELMEKVTPDSKQCNNFLLHNLILDTGITQQLVERVWRDQDLNTYSLLAVFAATDGGITRVFPNKAAEDWTENPEPFNASFYRRSLDNHGYIFKPPHQDSLLRPLELENDTVGVLVSTAVELSLGRRTLRPAVVGVKLDLEAWAEKFKVLASNRTHQDQPQKQCGPSSHCEMDCEVNNEDLLCVLIDDGGFLVLSNQNHQWDQVGRFFSEVDANLMLALYNNSFYTRKESYDYQAACAPQPPGNLGAAPRGVFVPTIADFLNLAWWTSAAAWSLFQQLLYGLIYHSWFQADPAEAEGSPETRESSCVMKQTQYYFGSVNASYNAIIDCGNCSRLFHAQRLTNTNLLFVVAEKPLCSQCEAGRLLQKETHCPADGPEQCELVQRPRYRRGPHICFDYNATEDTSDCGRGASFPPSLGVLVSLQLLLLLGLPPRPQPQVHSFAASRHL,,
chr9,108286761,.,CAGA,C,.,PASS,-,intron_variant,MODIFIER,Smarcc1,MGP_AJ_G0035323,Transcript,MGP_AJ_T0094947,protein_coding,,26/27,,,,,,,,,,1,,MGI,,MAATAGGGPGAAAGAVGAGGAAAASGLAVYRRKDGGPASKFWESPDTVSQLDSVRVWLGKHYKKYVHADAPTNKTLAGLVVQLLQFQEDAFGKHVTNPAFTKLPAKCFMDFKAGGTLCHILGAAYKYKNEQGWRRFDLQNPSRMDRNVEMFMNIEKTLVQNNCLTRPNIYLIPDIDLKLANKLKDIIKRHQGTFTDEKSKASHHIYPYPSSQEDEEWLRPVMRRDKQVLVHWGFYPDSYDTWVHSNDVDAEIEDAPIPEKPWKVHVKWILDTDVFNEWMNEEDYEVDENRKPVSFRQRISTKNEEPVRSPERRDRKASANSRKRKPSPSPPPPTATESRKKSGKKGQASLYGKRRSQKEEDEQEDLTKDMEDPTPVPNIEEVVLPKNVNPKKDSENTPVKGGTVADLDEQDEEAVTTGGKEDEDPSKGDPSRSVDPGEDNVTEQTNHIIIPSYASWFDYNCIHVIERRALPEFFNGKNKSKTPEIYLAYRNFMIDTYRLNPQEYLTSTACRRNLTGDVCAVMRVHAFLEQWGLVNYQVDPESRPMAMGPPPTPHFNVLADTPSGLVPLHLRSPQVPAAQQMLNFPEKNKEKPIDLQNFGLRTDIYSKKTLAKSKGASAGREWTEQETLLLLEALEMYKDDWNKVSEHVGSRTQDECILHFLRLPIEDPYLENSDASLGPLAYQPVPFSQSGNPVMSTVAFLASVVDPRVASAAAKAALEEFSRVREEVPLELVEAHVKKVQEAARASGKVDPTYGLESSCIAGTGPDEPEKLEGSEEEKMETDPDGQQPEKAENKVENESDEGDKIQDRENEKNTEKEQDSDVSEDVKPEEKENEENKELTDTCKERESDAGKKKVEHEISEGNVATAAAAALASAATKAKHLAAVEERKIKSLVALLVETQMKKLEIKLRHFEELETIMDREKEALEQQRQQLLTERQNFHMEQLKYAELRARQQMEQQQQHGQTPQQAHQHTGGPGMAPLGATGHPGMMPHQQPPPYPLMHHQMPPPHPPQPGQIPGPGSMMPGQPMPGRMIPAVAANIHPTGSGPTPPGMPPMPGNILGPRVPLTAPNGMYPPPPQQQQPPPPADGVPPPPAPGPPASATP,,
chr9,108286761,.,CAGA,C,.,PASS,-,intron_variant,MODIFIER,Smarcc1,MGP_AJ_G0035323,Transcript,MGP_AJ_T0094949,protein_coding,,26/28,,,,,,,,,,1,,MGI,,MAATAGGGPGAAAGAVGAGGAAAASGLAVYRRKDGGPASKFWESPDTVSQLDSVRVWLGKHYKKYVHADAPTNKTLAGLVVQLLQFQEDAFGKHVTNPAFTKLPAKCFMDFKAGGTLCHILGAAYKYKNEQGWRRFDLQNPSRMDRNVEMFMNIEKTLVQNNCLTRPNIYLIPDIDLKLANKLKDIIKRHQGTFTDEKSKASHHIYPYPSSQEDEEWLRPVMRRDKQVLVHWGFYPDSYDTWVHSNDVDAEIEDAPIPEKPWKVHVKWILDTDVFNEWMNEEDYEVDENRKPVSFRQRISTKNEEPVRSPERRDRKASANSRKRKPSPSPPPPTATESRKKSGKKGQASLYGKRRSQKEEDEQEDLTKDMEDPTPVPNIEEVVLPKNVNPKKDSENTPVKGGTVADLDEQDEEAVTTGGKEDEDPSKGDPSRSVDPGEDNVTEQTNHIIIPSYASWFDYNCIHVIERRALPEFFNGKNKSKTPEIYLAYRNFMIDTYRLNPQEYLTSTACRRNLTGDVCAVMRVHAFLEQWGLVNYQVDPESRPMAMGPPPTPHFNVLADTPSGLVPLHLRSPQVPAAQQMLNFPEKNKEKPIDLQNFGLRTDIYSKKTLAKSKGASAGREWTEQETLLLLEALEMYKDDWNKVSEHVGSRTQDECILHFLRLPIEDPYLENSDASLGPLAYQPVPFSQSGNPVMSTVAFLASVVDPRVASAAAKAALEEFSRVREEVPLELVEAHVKKVQEAARASGKVDPTYGLESSCIAGTGPDEPEKLEGSEEEKMETDPDGQQPEKAENKVENESDEGDKIQDRENEKNTEKEQDSDVSEDVKPEEKENEENKELTDTCKERESDAGKKKVEHEISEGNVATAAAAALASAATKAKHLAAVEERKIKSLVALLVETQMKKLEIKLRHFEELETIMDREKEALEQQRQQLLTERQNFHMEQLKYAELRARQQMEQQQQHGQTPQQAHQHTGGPGMAPLGATGHPGMMPHQQPPPYPLMHHQMPPPHPPQPGQIPGPGSMMPGQPMPGRMIPAVAANIHPTGSGPTPPGMPPMPGNILGPRVPLTAPNGMCPQRSPLRIHVESMDQEWSLENLAV,,
chr9,108286761,.,CAGA,C,.,PASS,-,intron_variant,MODIFIER,Smarcc1,MGP_AJ_G0035323,Transcript,MGP_AJ_T0094951,protein_coding,,26/26,,,,,,,,,,1,,MGI,,MAATAGGGPGAAAGAVGAGGAAAASGLAVYRRKDGGPASKFWESPDTVSQLDSVRVWLGKHYKKYVHADAPTNKTLAGLVVQLLQFQEDAFGKHVTNPAFTKLPAKCFMDFKAGGTLCHILGAAYKYKNEQGWRRFDLQNPSRMDRNVEMFMNIEKTLVQNNCLTRPNIYLIPDIDLKLANKLKDIIKRHQGTFTDEKSKASHHIYPYPSSQEDEEWLRPVMRRDKQVLVHWGFYPDSYDTWVHSNDVDAEIEDAPIPEKPWKVHVKWILDTDVFNEWMNEEDYEVDENRKPVSFRQRISTKNEEPVRSPERRDRKASANSRKRKPSPSPPPPTATESRKKSGKKGQASLYGKRRSQKEEDEQEDLTKDMEDPTPVPNIEEVVLPKNVNPKKDSENTPVKGGTVADLDEQDEEAVTTGGKEDEDPSKGDPSRSVDPGEDNVTEQTNHIIIPSYASWFDYNCIHVIERRALPEFFNGKNKSKTPEIYLAYRNFMIDTYRLNPQEYLTSTACRRNLTGDVCAVMRVHAFLEQWGLVNYQVDPESRPMAMGPPPTPHFNVLADTPSGLVPLHLRSPQVPAAQQMLNFPEKNKEKPIDLQNFGLRTDIYSKKTLAKSKGASAGREWTEQETLLLLEALEMYKDDWNKVSEHVGSRTQDECILHFLRLPIEDPYLENSDASLGPLAYQPVPFSQSGNPVMSTVAFLASVVDPRVASAAAKAALEEFSRVREEVPLELVEAHVKKVQEAARASGKVDPTYGLESSCIAGTGPDEPEKLEGSEEEKMETDPDGQQPEKAENKVENESDEGDKIQDRENEKNTEKEQDSDVSEDVKPEEKENEENKELTDTCKERESDAGKKKVEHEISEGNVATAAAAALASAATKAKHLAAVEERKIKSLVALLVETQMKKLEIKLRHFEELETIMDREKEALEQQRQQLLTERQNFHMEQLKYAELRARQQMEQQQQHGQTPQQAHQHTGGPGMAPLGATGHPGMMPHQQPPPYPLMHHQMPPPHPPQPGQIPGPGSMMPGQPMPGRMIPAVAANIHPTGSGPTPPGMPPMPGNILGPRVPLTAPNGMCK,,
chr9,108286761,.,CAGA,C,.,PASS,-,upstream_gene_variant,MODIFIER,Smarcc1,MGP_AJ_G0035323,Transcript,MGP_AJ_T0094953,protein_coding,,,,,,,,,,,3397,1,,MGI,,GQPMPGRMIPAVAANIHPTGSGPTPPGMPPMPGNILGPRVPLTAPNGM,,
chr9,108286761,.,CAGA,C,.,PASS,-,upstream_gene_variant,MODIFIER,Smarcc1,MGP_AJ_G0035323,Transcript,MGP_AJ_T0094954,retained_intron,,,,,,,,,,,4878,1,,MGI,,,,
chrX,71198802,.,GGCA,G,.,PASS,-,intron_variant,MODIFIER,Smim9,MGP_AJ_G0035842,Transcript,MGP_AJ_T0096787,protein_coding,,2/4,,,,,,,,,,-1,,MGI,,MKPLKLFCIGLLLCPLVCLLLETAPPPSALLTLEVKEKTGLKSDAMGVFAIRKNTSDINRQVSGLQRPWMTKFKNHLSDFFKSSIPPAAIFALFVTTAIMRAAIVNKRLEEPHRQWTIDQRSSLEMQNMNLIKLFGG,,
chrX,71198802,.,GGCA,G,.,PASS,-,intron_variant,MODIFIER,Smim9,MGP_AJ_G0035842,Transcript,MGP_AJ_T0096788,protein_coding,,1/3,,,,,,,,,,-1,,MGI,,MKPLKLFCIGLLLCPLVCLLLETAPPPSALLTLEVKEKTGLKSDAMGVFAIRKNTSDINRQVSGLQRPWMTKFKNHLSDFFKSSIPPAAIFALFVTTAIMRAAIVNKRLEEPHRQWTIDQRSSLEMQNMNLIKLFGG,,
chrX,71198802,.,GGCA,G,.,PASS,-,intron_variant&non_coding_transcript_variant,MODIFIER,Smim9,MGP_AJ_G0035842,Transcript,MGP_AJ_T0096789,processed_transcript,,2/3,,,,,,,,,,-1,,MGI,,,,
chrX,108706656,.,G,GA,.,PASS,A,intergenic_variant,MODIFIER,,,,,,,,,,,,,,,,,,,,,,,
